# Problem: coffey_evans (FD, paper eigenvalues-head run, dense eig full spectrum)
#   -y'' + q(x) y = lambda y,  y(a) = y(b) = 0
#   [a, b] = [-1.5707963267949, 1.5707963267949]
# Resolution N = 10000, dofs = 10000
# Computation time: 1.3847 s
n,lambda_n
1,-2.18043209957e-05
2,117.94620403
3,231.66467489
4,231.664833249
5,231.664833384
6,340.887841809
7,445.2824527
8,445.282754275
9,445.282776967
10,544.417433482
11,637.681227421
12,637.703516843
13,637.725480125
14,724.256272999
15,800.83002646
16,802.4776359
17,804.277894051
18,868.958779433
19,909.479943244
20,925.975906649
21,951.876796133
22,992.535084056
23,1032.29992002
24,1073.44697234
25,1118.14115132
26,1165.66390139
27,1215.55434818
28,1267.8032896
29,1322.37868649
30,1379.22097251
31,1438.28725323
32,1499.54618723
33,1562.97180375
34,1628.54243843
35,1696.24005173
36,1766.04946881
37,1837.95780751
38,1911.95405552
39,1988.02874021
40,2066.17366678
41,2146.38170915
42,2228.64664133
43,2312.96300002
44,2399.32597201
45,2487.73130099
46,2578.17521002
47,2670.65433664
48,2765.16567828
49,2861.70654595
50,2960.27452501
51,3060.86744152
52,3163.48333353
53,3268.12042618
54,3374.77711038
55,3483.45192414
56,3594.14353646
57,3706.85073319
58,3821.57240473
59,3938.3075351
60,4057.05519251
61,4177.81452084
62,4300.5847323
63,4425.3651007
64,4552.15495573
65,4680.95367765
66,4811.76069264
67,4944.57546866
68,5079.39751173
69,5216.22636252
70,5355.06159344
71,5495.90280584
72,5638.74962764
73,5783.60171107
74,5930.4587307
75,6079.32038165
76,6230.1863779
77,6383.05645087
78,6537.93034796
79,6694.80783145
80,6853.68867726
81,7014.57267397
82,7177.45962188
83,7342.34933215
84,7509.24162596
85,7678.13633388
86,7849.03329514
87,8021.93235702
88,8196.83337431
89,8373.73620878
90,8552.64072869
91,8733.54680838
92,8916.45432786
93,9101.36317237
94,9288.27323212
95,9477.18440191
96,9668.09658085
97,9861.00967209
98,10055.9235825
99,10252.8382226
100,10451.753506
101,10652.6693497
102,10855.5856733
103,11060.5023994
104,11267.419453
105,11476.3367615
106,11687.2542547
107,11900.1718642
108,12115.0895239
109,12332.0071696
110,12550.9247385
111,12771.8421697
112,12994.759404
113,13219.6763833
114,13446.5930512
115,13675.5093523
116,13906.4252326
117,14139.3406393
118,14374.2555204
119,14611.1698253
120,14850.0835039
121,15090.9965075
122,15333.9087877
123,15578.8202973
124,15825.7309897
125,16074.640819
126,16325.5497399
127,16578.4577078
128,16833.3646787
129,17090.2706089
130,17349.1754556
131,17610.0791762
132,17872.9817285
133,18137.883071
134,18404.7831622
135,18673.6819614
136,18944.5794279
137,19217.4755214
138,19492.3702019
139,19769.2634298
140,20048.1551655
141,20329.0453699
142,20611.934004
143,20896.8210288
144,21183.7064058
145,21472.5900965
146,21763.4720625
147,22056.3522657
148,22351.2306681
149,22648.1072316
150,22946.9819184
151,23247.8546907
152,23550.7255108
153,23855.5943411
154,24162.4611441
155,24471.325882
156,24782.1885176
157,25095.0490132
158,25409.9073314
159,25726.7634348
160,26045.617286
161,26366.4688474
162,26689.3180816
163,27014.164951
164,27341.0094183
165,27669.8514459
166,28000.6909961
167,28333.5280314
168,28668.362514
169,29005.1944062
170,29344.0236703
171,29684.8502684
172,30027.6741625
173,30372.4953147
174,30719.3136869
175,31068.1292409
176,31418.9419386
177,31771.7517414
178,32126.5586111
179,32483.3625091
180,32842.1633968
181,33202.9612355
182,33565.7559863
183,33930.5476103
184,34297.3360685
185,34666.1213216
186,35036.9033304
187,35409.6820556
188,35784.4574574
189,36161.2294964
190,36539.9981328
191,36920.7633266
192,37303.5250377
193,37688.2832261
194,38075.0378514
195,38463.7888732
196,38854.5362509
197,39247.2799437
198,39642.0199109
199,40038.7561113
200,40437.4885039
201,40838.2170473
202,41240.9417001
203,41645.6624206
204,42052.3791672
205,42461.091898
206,42871.8005707
207,43284.5051434
208,43699.2055735
209,44115.9018186
210,44534.5938359
211,44955.2815826
212,45377.9650158
213,45802.6440922
214,46229.3187684
215,46657.9890011
216,47088.6547466
217,47521.3159609
218,47955.9726002
219,48392.6246202
220,48831.2719766
221,49271.914625
222,49714.5525207
223,50159.1856188
224,50605.8138743
225,51054.437242
226,51505.0556766
227,51957.6691326
228,52412.2775643
229,52868.8809257
230,53327.4791708
231,53788.0722535
232,54250.6601273
233,54715.2427456
234,55181.8200617
235,55650.3920286
236,56120.9585993
237,56593.5197265
238,57068.0753626
239,57544.6254601
240,58023.169971
241,58503.7088475
242,58986.2420413
243,59470.7695041
244,59957.2911873
245,60445.8070421
246,60936.3170197
247,61428.821071
248,61923.3191466
249,62419.8111972
250,62918.2971731
251,63418.7770244
252,63921.2507011
253,64425.7181531
254,64932.17933
255,65440.6341811
256,65951.0826558
257,66463.5247031
258,66977.9602719
259,67494.3893109
260,68012.8117685
261,68533.2275931
262,69055.6367329
263,69580.0391357
264,70106.4347494
265,70634.8235214
266,71165.2053993
267,71697.5803301
268,72231.9482609
269,72768.3091385
270,73306.6629096
271,73847.0095205
272,74389.3489176
273,74933.6810468
274,75480.0058541
275,76028.3232852
276,76578.6332855
277,77130.9358004
278,77685.230775
279,78241.5181542
280,78799.7978827
281,79360.0699051
282,79922.3341658
283,80486.5906089
284,81052.8391784
285,81621.0798181
286,82191.3124715
287,82763.5370821
288,83337.7535932
289,83913.9619477
290,84492.1620884
291,85072.353958
292,85654.537499
293,86238.7126535
294,86824.8793638
295,87413.0375716
296,88003.1872186
297,88595.3282463
298,89189.4605961
299,89785.584209
300,90383.699026
301,90983.8049877
302,91585.9020347
303,92189.9901073
304,92796.0691458
305,93404.13909
306,94014.1998796
307,94626.2514544
308,95240.2937536
309,95856.3267164
310,96474.3502819
311,97094.3643887
312,97716.3689756
313,98340.3639809
314,98966.3493429
315,99594.3249996
316,100224.290889
317,100856.246948
318,101490.193115
319,102126.129327
320,102764.05552
321,103403.971633
322,104045.877601
323,104689.773361
324,105335.658849
325,105983.534001
326,106633.398754
327,107285.253042
328,107939.096802
329,108594.929969
330,109252.752477
331,109912.564262
332,110574.365259
333,111238.155402
334,111903.934625
335,112571.702863
336,113241.460049
337,113913.206118
338,114586.941002
339,115262.664636
340,115940.376952
341,116620.077884
342,117301.767364
343,117985.445324
344,118671.111698
345,119358.766417
346,120048.409414
347,120740.04062
348,121433.659966
349,122129.267386
350,122826.862808
351,123526.446165
352,124228.017388
353,124931.576407
354,125637.123152
355,126344.657555
356,127054.179544
357,127765.68905
358,128479.186002
359,129194.670331
360,129912.141964
361,130631.600832
362,131353.046864
363,132076.479987
364,132801.900131
365,133529.307223
366,134258.701193
367,134990.081967
368,135723.449474
369,136458.803641
370,137196.144396
371,137935.471665
372,138676.785376
373,139420.085455
374,140165.37183
375,140912.644425
376,141661.903168
377,142413.147984
378,143166.3788
379,143921.595541
380,144678.798131
381,145437.986498
382,146199.160564
383,146962.320256
384,147727.465498
385,148494.596214
386,149263.712329
387,150034.813766
388,150807.90045
389,151582.972304
390,152360.029251
391,153139.071215
392,153920.098119
393,154703.109885
394,155488.106437
395,156275.087697
396,157064.053586
397,157855.004028
398,158647.938945
399,159442.858256
400,160239.761885
401,161038.649753
402,161839.521781
403,162642.377888
404,163447.217998
405,164254.042029
406,165062.849902
407,165873.641538
408,166686.416855
409,167501.175775
410,168317.918217
411,169136.644099
412,169957.353341
413,170780.045862
414,171604.721581
415,172431.380417
416,173260.022287
417,174090.64711
418,174923.254804
419,175757.845286
420,176594.418475
421,177432.974288
422,178273.512641
423,179116.033452
424,179960.536638
425,180807.022116
426,181655.489801
427,182505.93961
428,183358.371459
429,184212.785264
430,185069.180941
431,185927.558405
432,186787.91757
433,187650.258354
434,188514.580669
435,189380.884431
436,190249.169554
437,191119.435953
438,191991.683542
439,192865.912234
440,193742.121944
441,194620.312584
442,195500.484069
443,196382.63631
444,197266.769222
445,198152.882716
446,199040.976706
447,199931.051104
448,200823.105821
449,201717.14077
450,202613.155863
451,203511.151011
452,204411.126125
453,205313.081116
454,206217.015896
455,207122.930376
456,208030.824465
457,208940.698075
458,209852.551115
459,210766.383495
460,211682.195126
461,212599.985917
462,213519.755776
463,214441.504615
464,215365.23234
465,216290.938862
466,217218.624089
467,218148.28793
468,219079.930291
469,220013.551083
470,220949.150212
471,221886.727586
472,222826.283113
473,223767.816699
474,224711.328252
475,225656.81768
476,226604.284887
477,227553.729782
478,228505.15227
479,229458.552257
480,230413.929649
481,231371.284352
482,232330.616272
483,233291.925313
484,234255.211381
485,235220.474381
486,236187.714218
487,237156.930795
488,238128.124018
489,239101.293791
490,240076.440017
491,241053.5626
492,242032.661444
493,243013.736452
494,243996.787527
495,244981.814573
496,245968.817492
497,246957.796186
498,247948.750559
499,248941.680511
500,249936.585946
501,250933.466765
502,251932.32287
503,252933.154162
504,253935.960542
505,254940.741911
506,255947.498171
507,256956.229221
508,257966.934962
509,258979.615296
510,259994.27012
511,261010.899336
512,262029.502843
513,263050.080541
514,264072.632328
515,265097.158105
516,266123.657769
517,267152.13122
518,268182.578355
519,269214.999074
520,270249.393274
521,271285.760854
522,272324.101711
523,273364.415742
524,274406.702845
525,275450.962917
526,276497.195855
527,277545.401555
528,278595.579915
529,279647.730831
530,280701.854198
531,281757.949913
532,282816.017871
533,283876.057969
534,284938.070101
535,286002.054163
536,287068.010049
537,288135.937655
538,289205.836875
539,290277.707603
540,291351.549734
541,292427.363162
542,293505.147781
543,294584.903483
544,295666.630163
545,296750.327714
546,297835.996029
547,298923.635001
548,300013.244522
549,301104.824485
550,302198.374783
551,303293.895306
552,304391.385948
553,305490.846599
554,306592.277152
555,307695.677498
556,308801.047527
557,309908.387131
558,311017.6962
559,312128.974625
560,313242.222297
561,314357.439105
562,315474.624939
563,316593.779689
564,317714.903245
565,318837.995496
566,319963.056331
567,321090.085639
568,322219.083309
569,323350.04923
570,324482.983289
571,325617.885376
572,326754.755377
573,327893.593182
574,329034.398677
575,330177.17175
576,331321.912288
577,332468.620178
578,333617.295307
579,334767.937562
580,335920.546829
581,337075.122994
582,338231.665944
583,339390.175564
584,340550.65174
585,341713.094358
586,342877.503302
587,344043.878458
588,345212.219711
589,346382.526945
590,347554.800045
591,348729.038896
592,349905.24338
593,351083.413383
594,352263.548788
595,353445.649479
596,354629.715339
597,355815.74625
598,357003.742097
599,358193.702761
600,359385.628126
601,360579.518074
602,361775.372486
603,362973.191245
604,364172.974233
605,365374.721332
606,366578.432422
607,367784.107385
608,368991.746102
609,370201.348454
610,371412.914321
611,372626.443584
612,373841.936123
613,375059.391819
614,376278.81055
615,377500.192197
616,378723.536639
617,379948.843756
618,381176.113426
619,382405.345528
620,383636.539942
621,384869.696545
622,386104.815216
623,387341.895833
624,388580.938275
625,389821.942417
626,391064.908139
627,392309.835318
628,393556.72383
629,394805.573553
630,396056.384363
631,397309.156138
632,398563.888753
633,399820.582084
634,401079.236008
635,402339.8504
636,403602.425136
637,404866.960091
638,406133.455141
639,407401.910161
640,408672.325025
641,409944.699608
642,411219.033784
643,412495.327429
644,413773.580415
645,415053.792616
646,416335.963907
647,417620.094161
648,418906.183251
649,420194.23105
650,421484.237431
651,422776.202266
652,424070.125429
653,425366.006792
654,426663.846226
655,427963.643604
656,429265.398798
657,430569.111678
658,431874.782116
659,433182.409984
660,434491.995152
661,435803.537492
662,437117.036873
663,438432.493166
664,439749.906241
665,441069.275969
666,442390.602219
667,443713.884861
668,445039.123763
669,446366.318796
670,447695.469829
671,449026.576729
672,450359.639367
673,451694.65761
674,453031.631326
675,454370.560384
676,455711.444652
677,457054.283997
678,458399.078286
679,459745.827388
680,461094.531169
681,462445.189495
682,463797.802235
683,465152.369253
684,466508.890418
685,467867.365594
686,469227.794647
687,470590.177444
688,471954.51385
689,473320.803731
690,474689.046951
691,476059.243375
692,477431.392869
693,478805.495296
694,480181.550522
695,481559.558411
696,482939.518826
697,484321.431631
698,485705.29669
699,487091.113867
700,488478.883025
701,489868.604026
702,491260.276734
703,492653.901011
704,494049.47672
705,495447.003723
706,496846.481882
707,498247.911059
708,499651.291116
709,501056.621914
710,502463.903314
711,503873.135179
712,505284.317368
713,506697.449742
714,508112.532163
715,509529.56449
716,510948.546583
717,512369.478303
718,513792.359508
719,515217.19006
720,516643.969817
721,518072.698639
722,519503.376384
723,520936.002911
724,522370.578079
725,523807.101747
726,525245.573772
727,526685.994013
728,528128.362327
729,529572.678572
730,531018.942606
731,532467.154286
732,533917.31347
733,535369.420013
734,536823.473772
735,538279.474605
736,539737.422368
737,541197.316916
738,542659.158105
739,544122.945792
740,545588.679832
741,547056.36008
742,548525.986391
743,549997.558621
744,551471.076624
745,552946.540255
746,554423.949367
747,555903.303817
748,557384.603456
749,558867.84814
750,560353.037722
751,561840.172055
752,563329.250993
753,564820.274388
754,566313.242094
755,567808.153963
756,569305.009847
757,570803.8096
758,572304.553072
759,573807.240117
760,575311.870585
761,576818.444329
762,578326.961199
763,579837.421046
764,581349.823723
765,582864.169078
766,584380.456964
767,585898.68723
768,587418.859726
769,588940.974303
770,590465.030811
771,591991.029098
772,593518.969015
773,595048.85041
774,596580.673132
775,598114.437032
776,599650.141956
777,601187.787754
778,602727.374273
779,604268.901363
780,605812.36887
781,607357.776643
782,608905.124529
783,610454.412375
784,612005.640029
785,613558.807337
786,615113.914146
787,616670.960302
788,618229.945653
789,619790.870044
790,621353.73332
791,622918.535329
792,624485.275915
793,626053.954925
794,627624.572202
795,629197.127592
796,630771.62094
797,632348.052091
798,633926.420889
799,635506.727178
800,637088.970802
801,638673.151606
802,640259.269432
803,641847.324125
804,643437.315527
805,645029.243483
806,646623.107833
807,648218.908423
808,649816.645093
809,651416.317686
810,653017.926045
811,654621.470011
812,656226.949426
813,657834.364132
814,659443.71397
815,661054.998781
816,662668.218407
817,664283.372687
818,665900.461464
819,667519.484576
820,669140.441865
821,670763.33317
822,672388.158332
823,674014.917189
824,675643.609582
825,677274.23535
826,678906.794331
827,680541.286365
828,682177.711291
829,683816.068947
830,685456.35917
831,687098.581801
832,688742.736675
833,690388.823632
834,692036.842508
835,693686.793142
836,695338.675369
837,696992.489028
838,698648.233955
839,700305.909987
840,701965.51696
841,703627.05471
842,705290.523074
843,706955.921886
844,708623.250984
845,710292.510202
846,711963.699376
847,713636.81834
848,715311.86693
849,716988.844981
850,718667.752326
851,720348.588801
852,722031.354238
853,723716.048474
854,725402.67134
855,727091.222671
856,728781.702299
857,730474.11006
858,732168.445784
859,733864.709305
860,735562.900456
861,737263.019069
862,738965.064976
863,740669.038009
864,742374.938001
865,744082.764783
866,745792.518185
867,747504.198041
868,749217.80418
869,750933.336434
870,752650.794633
871,754370.178608
872,756091.488189
873,757814.723207
874,759539.883491
875,761266.968871
876,762995.979176
877,764726.914237
878,766459.773881
879,768194.55794
880,769931.26624
881,771669.89861
882,773410.45488
883,775152.934877
884,776897.33843
885,778643.665366
886,780391.915513
887,782142.088698
888,783894.184749
889,785648.203493
890,787404.144757
891,789162.008367
892,790921.79415
893,792683.501933
894,794447.131541
895,796212.682801
896,797980.155538
897,799749.549578
898,801520.864746
899,803294.100868
900,805069.257768
901,806846.335272
902,808625.333204
903,810406.251388
904,812189.089649
905,813973.84781
906,815760.525697
907,817549.123131
908,819339.639938
909,821132.07594
910,822926.43096
911,824722.704821
912,826520.897347
913,828321.008359
914,830123.03768
915,831926.985132
916,833732.850537
917,835540.633717
918,837350.334494
919,839161.952689
920,840975.488123
921,842790.940617
922,844608.309992
923,846427.596069
924,848248.798668
925,850071.91761
926,851896.952715
927,853723.903802
928,855552.770691
929,857383.553202
930,859216.251154
931,861050.864367
932,862887.392659
933,864725.835849
934,866566.193755
935,868408.466197
936,870252.652992
937,872098.753958
938,873946.768913
939,875796.697675
940,877648.540062
941,879502.295889
942,881357.964975
943,883215.547137
944,885075.042191
945,886936.449953
946,888799.770241
947,890665.002869
948,892532.147655
949,894401.204413
950,896272.17296
951,898145.05311
952,900019.84468
953,901896.547483
954,903775.161335
955,905655.686051
956,907538.121444
957,909422.46733
958,911308.723521
959,913196.889833
960,915086.966078
961,916978.95207
962,918872.847623
963,920768.65255
964,922666.366663
965,924565.989775
966,926467.521699
967,928370.962247
968,930276.311232
969,932183.568465
970,934092.733758
971,936003.806923
972,937916.78777
973,939831.676113
974,941748.471761
975,943667.174525
976,945587.784216
977,947510.300644
978,949434.72362
979,951361.052955
980,953289.288456
981,955219.429936
982,957151.477202
983,959085.430065
984,961021.288333
985,962959.051816
986,964898.720322
987,966840.29366
988,968783.771639
989,970729.154066
990,972676.440749
991,974625.631497
992,976576.726117
993,978529.724417
994,980484.626203
995,982441.431284
996,984400.139465
997,986360.750554
998,988323.264357
999,990287.68068
1000,992253.99933
1001,994222.220113
1002,996192.342834
1003,998164.367299
1004,1000138.29331
1005,1002114.12068
1006,1004091.84921
1007,1006071.4787
1008,1008053.00897
1009,1010036.4398
1010,1012021.77101
1011,1014009.00241
1012,1015998.13379
1013,1017989.16496
1014,1019982.09573
1015,1021976.92589
1016,1023973.65525
1017,1025972.28361
1018,1027972.81078
1019,1029975.23655
1020,1031979.56074
1021,1033985.78314
1022,1035993.90355
1023,1038003.92178
1024,1040015.83763
1025,1042029.6509
1026,1044045.36139
1027,1046062.9689
1028,1048082.47323
1029,1050103.87419
1030,1052127.17157
1031,1054152.36518
1032,1056179.45481
1033,1058208.44027
1034,1060239.32135
1035,1062272.09785
1036,1064306.76958
1037,1066343.33633
1038,1068381.7979
1039,1070422.15409
1040,1072464.4047
1041,1074508.54953
1042,1076554.58838
1043,1078602.52104
1044,1080652.34731
1045,1082704.06699
1046,1084757.67988
1047,1086813.18577
1048,1088870.58446
1049,1090929.87576
1050,1092991.05945
1051,1095054.13533
1052,1097119.1032
1053,1099185.96285
1054,1101254.71409
1055,1103325.3567
1056,1105397.89048
1057,1107472.31524
1058,1109548.63075
1059,1111626.83683
1060,1113706.93325
1061,1115788.91983
1062,1117872.79635
1063,1119958.5626
1064,1122046.21839
1065,1124135.7635
1066,1126227.19773
1067,1128320.52087
1068,1130415.73272
1069,1132512.83307
1070,1134611.82171
1071,1136712.69844
1072,1138815.46304
1073,1140920.11532
1074,1143026.65505
1075,1145135.08204
1076,1147245.39608
1077,1149357.59696
1078,1151471.68447
1079,1153587.6584
1080,1155705.51854
1081,1157825.26468
1082,1159946.89662
1083,1162070.41415
1084,1164195.81705
1085,1166323.10511
1086,1168452.27814
1087,1170583.33591
1088,1172716.27821
1089,1174851.10484
1090,1176987.81558
1091,1179126.41023
1092,1181266.88857
1093,1183409.25039
1094,1185553.49548
1095,1187699.62364
1096,1189847.63463
1097,1191997.52826
1098,1194149.30432
1099,1196302.96258
1100,1198458.50284
1101,1200615.92489
1102,1202775.22851
1103,1204936.41349
1104,1207099.47961
1105,1209264.42667
1106,1211431.25445
1107,1213599.96273
1108,1215770.5513
1109,1217943.01995
1110,1220117.36846
1111,1222293.59662
1112,1224471.70421
1113,1226651.69102
1114,1228833.55683
1115,1231017.30143
1116,1233202.9246
1117,1235390.42613
1118,1237579.8058
1119,1239771.06339
1120,1241964.1987
1121,1244159.21149
1122,1246356.10156
1123,1248554.86869
1124,1250755.51266
1125,1252958.03326
1126,1255162.43026
1127,1257368.70345
1128,1259576.85262
1129,1261786.87754
1130,1263998.77799
1131,1266212.55376
1132,1268428.20463
1133,1270645.73039
1134,1272865.1308
1135,1275086.40566
1136,1277309.55474
1137,1279534.57782
1138,1281761.47469
1139,1283990.24513
1140,1286220.8889
1141,1288453.40581
1142,1290687.79562
1143,1292924.05811
1144,1295162.19307
1145,1297402.20027
1146,1299644.07949
1147,1301887.83051
1148,1304133.45311
1149,1306380.94707
1150,1308630.31216
1151,1310881.54817
1152,1313134.65487
1153,1315389.63204
1154,1317646.47945
1155,1319905.19689
1156,1322165.78413
1157,1324428.24095
1158,1326692.56712
1159,1328958.76242
1160,1331226.82664
1161,1333496.75953
1162,1335768.56089
1163,1338042.23048
1164,1340317.76808
1165,1342595.17347
1166,1344874.44642
1167,1347155.58671
1168,1349438.59411
1169,1351723.4684
1170,1354010.20935
1171,1356298.81673
1172,1358589.29033
1173,1360881.62991
1174,1363175.83525
1175,1365471.90611
1176,1367769.84229
1177,1370069.64354
1178,1372371.30964
1179,1374674.84036
1180,1376980.23549
1181,1379287.49478
1182,1381596.61801
1183,1383907.60496
1184,1386220.45539
1185,1388535.16908
1186,1390851.7458
1187,1393170.18532
1188,1395490.48741
1189,1397812.65184
1190,1400136.67838
1191,1402462.56682
1192,1404790.3169
1193,1407119.92841
1194,1409451.40112
1195,1411784.73479
1196,1414119.92919
1197,1416456.9841
1198,1418795.89928
1199,1421136.67451
1200,1423479.30955
1201,1425823.80417
1202,1428170.15813
1203,1430518.37122
1204,1432868.44319
1205,1435220.37382
1206,1437574.16287
1207,1439929.81011
1208,1442287.3153
1209,1444646.67822
1210,1447007.89864
1211,1449370.97631
1212,1451735.91101
1213,1454102.7025
1214,1456471.35055
1215,1458841.85492
1216,1461214.21539
1217,1463588.43171
1218,1465964.50366
1219,1468342.43099
1220,1470722.21348
1221,1473103.85089
1222,1475487.34298
1223,1477872.68952
1224,1480259.89028
1225,1482648.94501
1226,1485039.85348
1227,1487432.61546
1228,1489827.23071
1229,1492223.699
1230,1494622.02008
1231,1497022.19372
1232,1499424.21969
1233,1501828.09774
1234,1504233.82764
1235,1506641.40915
1236,1509050.84204
1237,1511462.12607
1238,1513875.261
1239,1516290.24658
1240,1518707.08259
1241,1521125.76878
1242,1523546.30492
1243,1525968.69076
1244,1528392.92608
1245,1530819.01062
1246,1533246.94415
1247,1535676.72642
1248,1538108.35721
1249,1540541.83627
1250,1542977.16336
1251,1545414.33823
1252,1547853.36066
1253,1550294.23039
1254,1552736.94719
1255,1555181.51082
1256,1557627.92103
1257,1560076.17758
1258,1562526.28024
1259,1564978.22876
1260,1567432.02289
1261,1569887.6624
1262,1572345.14704
1263,1574804.47658
1264,1577265.65076
1265,1579728.66935
1266,1582193.53211
1267,1584660.23878
1268,1587128.78913
1269,1589599.18291
1270,1592071.41988
1271,1594545.49979
1272,1597021.42241
1273,1599499.18748
1274,1601978.79476
1275,1604460.24401
1276,1606943.53498
1277,1609428.66743
1278,1611915.64111
1279,1614404.45578
1280,1616895.11119
1281,1619387.60709
1282,1621881.94324
1283,1624378.1194
1284,1626876.13531
1285,1629375.99074
1286,1631877.68542
1287,1634381.21913
1288,1636886.5916
1289,1639393.8026
1290,1641902.85187
1291,1644413.73917
1292,1646926.46424
1293,1649441.02685
1294,1651957.42675
1295,1654475.66368
1296,1656995.73739
1297,1659517.64765
1298,1662041.39419
1299,1664566.97678
1300,1667094.39515
1301,1669623.64907
1302,1672154.73828
1303,1674687.66253
1304,1677222.42157
1305,1679759.01516
1306,1682297.44304
1307,1684837.70496
1308,1687379.80067
1309,1689923.72992
1310,1692469.49246
1311,1695017.08804
1312,1697566.5164
1313,1700117.7773
1314,1702670.87048
1315,1705225.79569
1316,1707782.55269
1317,1710341.14121
1318,1712901.561
1319,1715463.81181
1320,1718027.8934
1321,1720593.8055
1322,1723161.54786
1323,1725731.12023
1324,1728302.52236
1325,1730875.75399
1326,1733450.81486
1327,1736027.70473
1328,1738606.42334
1329,1741186.97044
1330,1743769.34577
1331,1746353.54907
1332,1748939.58009
1333,1751527.43858
1334,1754117.12428
1335,1756708.63693
1336,1759301.97628
1337,1761897.14208
1338,1764494.13406
1339,1767092.95197
1340,1769693.59556
1341,1772296.06456
1342,1774900.35873
1343,1777506.4778
1344,1780114.42151
1345,1782724.18962
1346,1785335.78185
1347,1787949.19797
1348,1790564.43769
1349,1793181.50078
1350,1795800.38696
1351,1798421.09599
1352,1801043.6276
1353,1803667.98153
1354,1806294.15753
1355,1808922.15534
1356,1811551.97469
1357,1814183.61533
1358,1816817.07699
1359,1819452.35943
1360,1822089.46237
1361,1824728.38556
1362,1827369.12873
1363,1830011.69163
1364,1832656.074
1365,1835302.27557
1366,1837950.29609
1367,1840600.13529
1368,1843251.79291
1369,1845905.26869
1370,1848560.56236
1371,1851217.67367
1372,1853876.60236
1373,1856537.34815
1374,1859199.91079
1375,1861864.29002
1376,1864530.48557
1377,1867198.49718
1378,1869868.32459
1379,1872539.96753
1380,1875213.42574
1381,1877888.69895
1382,1880565.78691
1383,1883244.68934
1384,1885925.40598
1385,1888607.93658
1386,1891292.28085
1387,1893978.43855
1388,1896666.4094
1389,1899356.19313
1390,1902047.7895
1391,1904741.19821
1392,1907436.41902
1393,1910133.45166
1394,1912832.29585
1395,1915532.95134
1396,1918235.41785
1397,1920939.69513
1398,1923645.7829
1399,1926353.68089
1400,1929063.38884
1401,1931774.90649
1402,1934488.23356
1403,1937203.36978
1404,1939920.31489
1405,1942639.06863
1406,1945359.63071
1407,1948082.00088
1408,1950806.17887
1409,1953532.1644
1410,1956259.9572
1411,1958989.55702
1412,1961720.96357
1413,1964454.17659
1414,1967189.19582
1415,1969926.02097
1416,1972664.65178
1417,1975405.08798
1418,1978147.3293
1419,1980891.37546
1420,1983637.22621
1421,1986384.88126
1422,1989134.34034
1423,1991885.60319
1424,1994638.66953
1425,1997393.5391
1426,2000150.21161
1427,2002908.6868
1428,2005668.96439
1429,2008431.04412
1430,2011194.92571
1431,2013960.60888
1432,2016728.09337
1433,2019497.3789
1434,2022268.46519
1435,2025041.35198
1436,2027816.039
1437,2030592.52595
1438,2033370.81259
1439,2036150.89862
1440,2038932.78377
1441,2041716.46778
1442,2044501.95036
1443,2047289.23124
1444,2050078.31015
1445,2052869.18681
1446,2055661.86094
1447,2058456.33227
1448,2061252.60052
1449,2064050.66543
1450,2066850.5267
1451,2069652.18407
1452,2072455.63726
1453,2075260.88599
1454,2078067.92998
1455,2080876.76897
1456,2083687.40266
1457,2086499.83079
1458,2089314.05308
1459,2092130.06924
1460,2094947.87901
1461,2097767.48209
1462,2100588.87823
1463,2103412.06712
1464,2106237.04851
1465,2109063.8221
1466,2111892.38763
1467,2114722.7448
1468,2117554.89335
1469,2120388.83299
1470,2123224.56344
1471,2126062.08442
1472,2128901.39566
1473,2131742.49686
1474,2134585.38776
1475,2137430.06807
1476,2140276.53751
1477,2143124.79581
1478,2145974.84267
1479,2148826.67781
1480,2151680.30097
1481,2154535.71185
1482,2157392.91017
1483,2160251.89565
1484,2163112.66801
1485,2165975.22697
1486,2168839.57224
1487,2171705.70354
1488,2174573.62059
1489,2177443.32311
1490,2180314.81081
1491,2183188.08341
1492,2186063.14062
1493,2188939.98217
1494,2191818.60776
1495,2194699.01712
1496,2197581.20995
1497,2200465.18598
1498,2203350.94493
1499,2206238.4865
1500,2209127.81041
1501,2212018.91637
1502,2214911.80411
1503,2217806.47333
1504,2220702.92375
1505,2223601.15508
1506,2226501.16704
1507,2229402.95935
1508,2232306.5317
1509,2235211.88383
1510,2238119.01544
1511,2241027.92625
1512,2243938.61596
1513,2246851.08429
1514,2249765.33096
1515,2252681.35567
1516,2255599.15814
1517,2258518.73808
1518,2261440.0952
1519,2264363.22922
1520,2267288.13984
1521,2270214.82678
1522,2273143.28975
1523,2276073.52845
1524,2279005.54261
1525,2281939.33193
1526,2284874.89611
1527,2287812.23488
1528,2290751.34794
1529,2293692.235
1530,2296634.89578
1531,2299579.32997
1532,2302525.5373
1533,2305473.51746
1534,2308423.27017
1535,2311374.79515
1536,2314328.09208
1537,2317283.1607
1538,2320240.00069
1539,2323198.61178
1540,2326158.99367
1541,2329121.14606
1542,2332085.06867
1543,2335050.7612
1544,2338018.22337
1545,2340987.45487
1546,2343958.45541
1547,2346931.22471
1548,2349905.76247
1549,2352882.06838
1550,2355860.14217
1551,2358839.98354
1552,2361821.59219
1553,2364804.96783
1554,2367790.11016
1555,2370777.01889
1556,2373765.69373
1557,2376756.13437
1558,2379748.34054
1559,2382742.31192
1560,2385738.04822
1561,2388735.54916
1562,2391734.81442
1563,2394735.84373
1564,2397738.63677
1565,2400743.19326
1566,2403749.5129
1567,2406757.59538
1568,2409767.44043
1569,2412779.04773
1570,2415792.41699
1571,2418807.54791
1572,2421824.4402
1573,2424843.09355
1574,2427863.50768
1575,2430885.68228
1576,2433909.61705
1577,2436935.3117
1578,2439962.76592
1579,2442991.97942
1580,2446022.9519
1581,2449055.68306
1582,2452090.1726
1583,2455126.42022
1584,2458164.42563
1585,2461204.18851
1586,2464245.70858
1587,2467288.98553
1588,2470334.01906
1589,2473380.80887
1590,2476429.35466
1591,2479479.65613
1592,2482531.71298
1593,2485585.52491
1594,2488641.09161
1595,2491698.41279
1596,2494757.48814
1597,2497818.31736
1598,2500880.90015
1599,2503945.23621
1600,2507011.32523
1601,2510079.16691
1602,2513148.76096
1603,2516220.10705
1604,2519293.20491
1605,2522368.05421
1606,2525444.65465
1607,2528523.00595
1608,2531603.10778
1609,2534684.95984
1610,2537768.56184
1611,2540853.91346
1612,2543941.0144
1613,2547029.86437
1614,2550120.46304
1615,2553212.81013
1616,2556306.90531
1617,2559402.7483
1618,2562500.33877
1619,2565599.67644
1620,2568700.76098
1621,2571803.5921
1622,2574908.16948
1623,2578014.49283
1624,2581122.56183
1625,2584232.37618
1626,2587343.93558
1627,2590457.23971
1628,2593572.28826
1629,2596689.08094
1630,2599807.61743
1631,2602927.89742
1632,2606049.92061
1633,2609173.68669
1634,2612299.19536
1635,2615426.44629
1636,2618555.43919
1637,2621686.17374
1638,2624818.64964
1639,2627952.86657
1640,2631088.82424
1641,2634226.52232
1642,2637365.96051
1643,2640507.1385
1644,2643650.05598
1645,2646794.71263
1646,2649941.10816
1647,2653089.24224
1648,2656239.11457
1649,2659390.72484
1650,2662544.07273
1651,2665699.15794
1652,2668855.98015
1653,2672014.53905
1654,2675174.83433
1655,2678336.86568
1656,2681500.63279
1657,2684666.13534
1658,2687833.37302
1659,2691002.34552
1660,2694173.05252
1661,2697345.49372
1662,2700519.6688
1663,2703695.57745
1664,2706873.21935
1665,2710052.59419
1666,2713233.70166
1667,2716416.54144
1668,2719601.11322
1669,2722787.41668
1670,2725975.45151
1671,2729165.2174
1672,2732356.71403
1673,2735549.94108
1674,2738744.89824
1675,2741941.5852
1676,2745140.00164
1677,2748340.14724
1678,2751542.02169
1679,2754745.62468
1680,2757950.95588
1681,2761158.01498
1682,2764366.80166
1683,2767577.31561
1684,2770789.55651
1685,2774003.52405
1686,2777219.2179
1687,2780436.63774
1688,2783655.78327
1689,2786876.65417
1690,2790099.25011
1691,2793323.57077
1692,2796549.61585
1693,2799777.38502
1694,2803006.87795
1695,2806238.09435
1696,2809471.03388
1697,2812705.69622
1698,2815942.08107
1699,2819180.18809
1700,2822420.01696
1701,2825661.56738
1702,2828904.83902
1703,2832149.83155
1704,2835396.54466
1705,2838644.97803
1706,2841895.13134
1707,2845147.00426
1708,2848400.59648
1709,2851655.90768
1710,2854912.93752
1711,2858171.6857
1712,2861432.1519
1713,2864694.33577
1714,2867958.23702
1715,2871223.85531
1716,2874491.19033
1717,2877760.24174
1718,2881031.00923
1719,2884303.49248
1720,2887577.69116
1721,2890853.60495
1722,2894131.23352
1723,2897410.57656
1724,2900691.63373
1725,2903974.40472
1726,2907258.8892
1727,2910545.08685
1728,2913832.99734
1729,2917122.62034
1730,2920413.95554
1731,2923707.00261
1732,2927001.76123
1733,2930298.23106
1734,2933596.41179
1735,2936896.30308
1736,2940197.90462
1737,2943501.21607
1738,2946806.23711
1739,2950112.96742
1740,2953421.40666
1741,2956731.55452
1742,2960043.41066
1743,2963356.97477
1744,2966672.2465
1745,2969989.22553
1746,2973307.91155
1747,2976628.30421
1748,2979950.40319
1749,2983274.20817
1750,2986599.71881
1751,2989926.9348
1752,2993255.85579
1753,2996586.48146
1754,2999918.81148
1755,3003252.84553
1756,3006588.58327
1757,3009926.02438
1758,3013265.16853
1759,3016606.01538
1760,3019948.5646
1761,3023292.81588
1762,3026638.76887
1763,3029986.42325
1764,3033335.77868
1765,3036686.83484
1766,3040039.5914
1767,3043394.04802
1768,3046750.20437
1769,3050108.06013
1770,3053467.61496
1771,3056828.86852
1772,3060191.8205
1773,3063556.47055
1774,3066922.81834
1775,3070290.86355
1776,3073660.60584
1777,3077032.04487
1778,3080405.18032
1779,3083780.01184
1780,3087156.53912
1781,3090534.76181
1782,3093914.67959
1783,3097296.29211
1784,3100679.59905
1785,3104064.60006
1786,3107451.29483
1787,3110839.68301
1788,3114229.76426
1789,3117621.53826
1790,3121015.00467
1791,3124410.16315
1792,3127807.01337
1793,3131205.555
1794,3134605.78769
1795,3138007.71112
1796,3141411.32494
1797,3144816.62883
1798,3148223.62244
1799,3151632.30544
1800,3155042.67749
1801,3158454.73826
1802,3161868.48741
1803,3165283.92461
1804,3168701.0495
1805,3172119.86177
1806,3175540.36107
1807,3178962.54706
1808,3182386.41941
1809,3185811.97778
1810,3189239.22183
1811,3192668.15121
1812,3196098.76561
1813,3199531.06467
1814,3202965.04805
1815,3206400.71542
1816,3209838.06644
1817,3213277.10077
1818,3216717.81807
1819,3220160.218
1820,3223604.30023
1821,3227050.0644
1822,3230497.51018
1823,3233946.63724
1824,3237397.44522
1825,3240849.9338
1826,3244304.10262
1827,3247759.95136
1828,3251217.47966
1829,3254676.68718
1830,3258137.57359
1831,3261600.13855
1832,3265064.38171
1833,3268530.30272
1834,3271997.90126
1835,3275467.17697
1836,3278938.12951
1837,3282410.75855
1838,3285885.06373
1839,3289361.04472
1840,3292838.70117
1841,3296318.03274
1842,3299799.03908
1843,3303281.71986
1844,3306766.07473
1845,3310252.10334
1846,3313739.80535
1847,3317229.18042
1848,3320720.2282
1849,3324212.94835
1850,3327707.34053
1851,3331203.40438
1852,3334701.13956
1853,3338200.54574
1854,3341701.62256
1855,3345204.36967
1856,3348708.78674
1857,3352214.87341
1858,3355722.62934
1859,3359232.05419
1860,3362743.1476
1861,3366255.90924
1862,3369770.33875
1863,3373286.43579
1864,3376804.20001
1865,3380323.63106
1866,3383844.7286
1867,3387367.49228
1868,3390891.92175
1869,3394418.01667
1870,3397945.77668
1871,3401475.20144
1872,3405006.29059
1873,3408539.0438
1874,3412073.46071
1875,3415609.54098
1876,3419147.28425
1877,3422686.69017
1878,3426227.7584
1879,3429770.48859
1880,3433314.88038
1881,3436860.93344
1882,3440408.6474
1883,3443958.02191
1884,3447509.05664
1885,3451061.75122
1886,3454616.10531
1887,3458172.11855
1888,3461729.7906
1889,3465289.1211
1890,3468850.10971
1891,3472412.75607
1892,3475977.05982
1893,3479543.02062
1894,3483110.63812
1895,3486679.91197
1896,3490250.8418
1897,3493823.42728
1898,3497397.66804
1899,3500973.56373
1900,3504551.11401
1901,3508130.31851
1902,3511711.17689
1903,3515293.68879
1904,3518877.85386
1905,3522463.67175
1906,3526051.14209
1907,3529640.26454
1908,3533231.03875
1909,3536823.46435
1910,3540417.541
1911,3544013.26833
1912,3547610.646
1913,3551209.67365
1914,3554810.35092
1915,3558412.67746
1916,3562016.65292
1917,3565622.27693
1918,3569229.54915
1919,3572838.46921
1920,3576449.03676
1921,3580061.25144
1922,3583675.1129
1923,3587290.62079
1924,3590907.77473
1925,3594526.57438
1926,3598147.01939
1927,3601769.10938
1928,3605392.84401
1929,3609018.22292
1930,3612645.24575
1931,3616273.91214
1932,3619904.22173
1933,3623536.17417
1934,3627169.7691
1935,3630805.00615
1936,3634441.88498
1937,3638080.40521
1938,3641720.5665
1939,3645362.36848
1940,3649005.81079
1941,3652650.89308
1942,3656297.61498
1943,3659945.97614
1944,3663595.97619
1945,3667247.61478
1946,3670900.89154
1947,3674555.80611
1948,3678212.35814
1949,3681870.54726
1950,3685530.3731
1951,3689191.83532
1952,3692854.93355
1953,3696519.66743
1954,3700186.03659
1955,3703854.04067
1956,3707523.67931
1957,3711194.95216
1958,3714867.85884
1959,3718542.399
1960,3722218.57227
1961,3725896.37829
1962,3729575.8167
1963,3733256.88713
1964,3736939.58922
1965,3740623.9226
1966,3744309.88692
1967,3747997.48181
1968,3751686.70691
1969,3755377.56185
1970,3759070.04626
1971,3762764.15979
1972,3766459.90207
1973,3770157.27273
1974,3773856.27141
1975,3777556.89775
1976,3781259.15137
1977,3784963.03192
1978,3788668.53903
1979,3792375.67232
1980,3796084.43145
1981,3799794.81604
1982,3803506.82572
1983,3807220.46013
1984,3810935.7189
1985,3814652.60166
1986,3818371.10806
1987,3822091.23772
1988,3825812.99027
1989,3829536.36535
1990,3833261.36258
1991,3836987.98161
1992,3840716.22207
1993,3844446.08358
1994,3848177.56578
1995,3851910.6683
1996,3855645.39078
1997,3859381.73283
1998,3863119.69411
1999,3866859.27422
2000,3870600.47282
2001,3874343.28952
2002,3878087.72396
2003,3881833.77577
2004,3885581.44458
2005,3889330.73002
2006,3893081.63172
2007,3896834.14931
2008,3900588.28241
2009,3904344.03067
2010,3908101.3937
2011,3911860.37115
2012,3915620.96262
2013,3919383.16777
2014,3923146.98621
2015,3926912.41757
2016,3930679.46148
2017,3934448.11757
2018,3938218.38547
2019,3941990.2648
2020,3945763.7552
2021,3949538.85629
2022,3953315.56769
2023,3957093.88905
2024,3960873.81997
2025,3964655.3601
2026,3968438.50905
2027,3972223.26646
2028,3976009.63194
2029,3979797.60514
2030,3983587.18566
2031,3987378.37315
2032,3991171.16721
2033,3994965.56749
2034,3998761.57361
2035,4002559.18518
2036,4006358.40185
2037,4010159.22322
2038,4013961.64893
2039,4017765.67861
2040,4021571.31187
2041,4025378.54834
2042,4029187.38764
2043,4032997.8294
2044,4036809.87325
2045,4040623.5188
2046,4044438.76569
2047,4048255.61353
2048,4052074.06194
2049,4055894.11056
2050,4059715.759
2051,4063539.00689
2052,4067363.85384
2053,4071190.29949
2054,4075018.34345
2055,4078847.98535
2056,4082679.22481
2057,4086512.06145
2058,4090346.49489
2059,4094182.52475
2060,4098020.15067
2061,4101859.37224
2062,4105700.18911
2063,4109542.60088
2064,4113386.60719
2065,4117232.20764
2066,4121079.40187
2067,4124928.18949
2068,4128778.57012
2069,4132630.54338
2070,4136484.10889
2071,4140339.26628
2072,4144196.01515
2073,4148054.35514
2074,4151914.28585
2075,4155775.80692
2076,4159638.91795
2077,4163503.61857
2078,4167369.90839
2079,4171237.78704
2080,4175107.25413
2081,4178978.30928
2082,4182850.95211
2083,4186725.18224
2084,4190600.99927
2085,4194478.40284
2086,4198357.39256
2087,4202237.96805
2088,4206120.12891
2089,4210003.87478
2090,4213889.20527
2091,4217776.11998
2092,4221664.61855
2093,4225554.70059
2094,4229446.3657
2095,4233339.61352
2096,4237234.44364
2097,4241130.8557
2098,4245028.8493
2099,4248928.42407
2100,4252829.57961
2101,4256732.31554
2102,4260636.63148
2103,4264542.52703
2104,4268450.00182
2105,4272359.05547
2106,4276269.68757
2107,4280181.89775
2108,4284095.68563
2109,4288011.05081
2110,4291927.99291
2111,4295846.51154
2112,4299766.60632
2113,4303688.27686
2114,4307611.52277
2115,4311536.34367
2116,4315462.73916
2117,4319390.70886
2118,4323320.25239
2119,4327251.36935
2120,4331184.05936
2121,4335118.32203
2122,4339054.15697
2123,4342991.56379
2124,4346930.54211
2125,4350871.09153
2126,4354813.21167
2127,4358756.90213
2128,4362702.16254
2129,4366648.99249
2130,4370597.3916
2131,4374547.35948
2132,4378498.89575
2133,4382452
2134,4386406.67185
2135,4390362.91091
2136,4394320.7168
2137,4398280.08911
2138,4402241.02746
2139,4406203.53146
2140,4410167.60071
2141,4414133.23483
2142,4418100.43342
2143,4422069.1961
2144,4426039.52247
2145,4430011.41213
2146,4433984.86471
2147,4437959.87979
2148,4441936.457
2149,4445914.59595
2150,4449894.29623
2151,4453875.55745
2152,4457858.37923
2153,4461842.76117
2154,4465828.70287
2155,4469816.20395
2156,4473805.264
2157,4477795.88264
2158,4481788.05948
2159,4485781.79411
2160,4489777.08614
2161,4493773.93519
2162,4497772.34085
2163,4501772.30273
2164,4505773.82044
2165,4509776.89358
2166,4513781.52175
2167,4517787.70457
2168,4521795.44163
2169,4525804.73254
2170,4529815.57691
2171,4533827.97433
2172,4537841.92442
2173,4541857.42678
2174,4545874.48101
2175,4549893.08671
2176,4553913.24349
2177,4557934.95094
2178,4561958.20869
2179,4565983.01632
2180,4570009.37344
2181,4574037.27965
2182,4578066.73456
2183,4582097.73777
2184,4586130.28888
2185,4590164.38749
2186,4594200.0332
2187,4598237.22562
2188,4602275.96434
2189,4606316.24898
2190,4610358.07912
2191,4614401.45438
2192,4618446.37435
2193,4622492.83863
2194,4626540.84682
2195,4630590.39853
2196,4634641.49336
2197,4638694.1309
2198,4642748.31075
2199,4646804.03252
2200,4650861.29581
2201,4654920.1002
2202,4658980.44532
2203,4663042.33074
2204,4667105.75608
2205,4671170.72094
2206,4675237.2249
2207,4679305.26757
2208,4683374.84855
2209,4687445.96743
2210,4691518.62382
2211,4695592.81731
2212,4699668.54751
2213,4703745.814
2214,4707824.61638
2215,4711904.95427
2216,4715986.82724
2217,4720070.2349
2218,4724155.17684
2219,4728241.65267
2220,4732329.66198
2221,4736419.20436
2222,4740510.27941
2223,4744602.88674
2224,4748697.02592
2225,4752792.69657
2226,4756889.89828
2227,4760988.63063
2228,4765088.89324
2229,4769190.68568
2230,4773294.00757
2231,4777398.85849
2232,4781505.23803
2233,4785613.1458
2234,4789722.58139
2235,4793833.54439
2236,4797946.0344
2237,4802060.051
2238,4806175.59381
2239,4810292.6624
2240,4814411.25637
2241,4818531.37532
2242,4822653.01884
2243,4826776.18652
2244,4830900.87796
2245,4835027.09275
2246,4839154.83047
2247,4843284.09074
2248,4847414.87313
2249,4851547.17724
2250,4855681.00266
2251,4859816.34898
2252,4863953.2158
2253,4868091.60271
2254,4872231.5093
2255,4876372.93515
2256,4880515.87987
2257,4884660.34305
2258,4888806.32426
2259,4892953.82311
2260,4897102.83919
2261,4901253.37209
2262,4905405.42139
2263,4909558.98668
2264,4913714.06757
2265,4917870.66363
2266,4922028.77446
2267,4926188.39965
2268,4930349.53878
2269,4934512.19145
2270,4938676.35724
2271,4942842.03575
2272,4947009.22656
2273,4951177.92926
2274,4955348.14344
2275,4959519.86869
2276,4963693.1046
2277,4967867.85076
2278,4972044.10674
2279,4976221.87215
2280,4980401.14657
2281,4984581.92959
2282,4988764.22078
2283,4992948.01976
2284,4997133.32608
2285,5001320.13936
2286,5005508.45917
2287,5009698.2851
2288,5013889.61673
2289,5018082.45365
2290,5022276.79546
2291,5026472.64173
2292,5030669.99205
2293,5034868.846
2294,5039069.20318
2295,5043271.06316
2296,5047474.42554
2297,5051679.2899
2298,5055885.65582
2299,5060093.52289
2300,5064302.89069
2301,5068513.75881
2302,5072726.12683
2303,5076939.99434
2304,5081155.36092
2305,5085372.22615
2306,5089590.58962
2307,5093810.45092
2308,5098031.80962
2309,5102254.6653
2310,5106479.01757
2311,5110704.86599
2312,5114932.21014
2313,5119161.04962
2314,5123391.38401
2315,5127623.21288
2316,5131856.53582
2317,5136091.35241
2318,5140327.66223
2319,5144565.46487
2320,5148804.75991
2321,5153045.54693
2322,5157287.82551
2323,5161531.59523
2324,5165776.85568
2325,5170023.60643
2326,5174271.84706
2327,5178521.57717
2328,5182772.79631
2329,5187025.50409
2330,5191279.70007
2331,5195535.38385
2332,5199792.55499
2333,5204051.21308
2334,5208311.35769
2335,5212572.98842
2336,5216836.10483
2337,5221100.7065
2338,5225366.79303
2339,5229634.36397
2340,5233903.41892
2341,5238173.95746
2342,5242445.97915
2343,5246719.48358
2344,5250994.47033
2345,5255270.93898
2346,5259548.8891
2347,5263828.32027
2348,5268109.23207
2349,5272391.62407
2350,5276675.49586
2351,5280960.84702
2352,5285247.67711
2353,5289535.98571
2354,5293825.77241
2355,5298117.03678
2356,5302409.7784
2357,5306703.99683
2358,5310999.69167
2359,5315296.86248
2360,5319595.50884
2361,5323895.63032
2362,5328197.22651
2363,5332500.29698
2364,5336804.8413
2365,5341110.85905
2366,5345418.3498
2367,5349727.31312
2368,5354037.74861
2369,5358349.65582
2370,5362663.03433
2371,5366977.88372
2372,5371294.20356
2373,5375611.99342
2374,5379931.25288
2375,5384251.98152
2376,5388574.1789
2377,5392897.8446
2378,5397222.9782
2379,5401549.57926
2380,5405877.64736
2381,5410207.18207
2382,5414538.18297
2383,5418870.64963
2384,5423204.58161
2385,5427539.9785
2386,5431876.83986
2387,5436215.16527
2388,5440554.9543
2389,5444896.20652
2390,5449238.92151
2391,5453583.09882
2392,5457928.73804
2393,5462275.83874
2394,5466624.40048
2395,5470974.42284
2396,5475325.90539
2397,5479678.8477
2398,5484033.24934
2399,5488389.10988
2400,5492746.42889
2401,5497105.20595
2402,5501465.44061
2403,5505827.13245
2404,5510190.28104
2405,5514554.88595
2406,5518920.94675
2407,5523288.46301
2408,5527657.43429
2409,5532027.86017
2410,5536399.74021
2411,5540773.07399
2412,5545147.86107
2413,5549524.10101
2414,5553901.7934
2415,5558280.93779
2416,5562661.53375
2417,5567043.58086
2418,5571427.07867
2419,5575812.02677
2420,5580198.4247
2421,5584586.27205
2422,5588975.56837
2423,5593366.31324
2424,5597758.50622
2425,5602152.14688
2426,5606547.23479
2427,5610943.7695
2428,5615341.7506
2429,5619741.17763
2430,5624142.05018
2431,5628544.3678
2432,5632948.13006
2433,5637353.33652
2434,5641759.98676
2435,5646168.08033
2436,5650577.61681
2437,5654988.59575
2438,5659401.01672
2439,5663814.87929
2440,5668230.18301
2441,5672646.92747
2442,5677065.11221
2443,5681484.7368
2444,5685905.80081
2445,5690328.3038
2446,5694752.24533
2447,5699177.62497
2448,5703604.44229
2449,5708032.69683
2450,5712462.38817
2451,5716893.51587
2452,5721326.0795
2453,5725760.07861
2454,5730195.51277
2455,5734632.38153
2456,5739070.68447
2457,5743510.42114
2458,5747951.59111
2459,5752394.19394
2460,5756838.22918
2461,5761283.69641
2462,5765730.59518
2463,5770178.92505
2464,5774628.68559
2465,5779079.87635
2466,5783532.4969
2467,5787986.5468
2468,5792442.0256
2469,5796898.93287
2470,5801357.26817
2471,5805817.03105
2472,5810278.22108
2473,5814740.83783
2474,5819204.88083
2475,5823670.34967
2476,5828137.24389
2477,5832605.56306
2478,5837075.30673
2479,5841546.47446
2480,5846019.06582
2481,5850493.08036
2482,5854968.51763
2483,5859445.37721
2484,5863923.65864
2485,5868403.36148
2486,5872884.4853
2487,5877367.02964
2488,5881850.99408
2489,5886336.37816
2490,5890823.18144
2491,5895311.40348
2492,5899801.04384
2493,5904292.10207
2494,5908784.57773
2495,5913278.47038
2496,5917773.77957
2497,5922270.50487
2498,5926768.64582
2499,5931268.20198
2500,5935769.17291
2501,5940271.55817
2502,5944775.35731
2503,5949280.56988
2504,5953787.19544
2505,5958295.23355
2506,5962804.68377
2507,5967315.54564
2508,5971827.81872
2509,5976341.50256
2510,5980856.59673
2511,5985373.10078
2512,5989891.01425
2513,5994410.33671
2514,5998931.06771
2515,6003453.20679
2516,6007976.75353
2517,6012501.70746
2518,6017028.06815
2519,6021555.83514
2520,6026085.00799
2521,6030615.58626
2522,6035147.56949
2523,6039680.95724
2524,6044215.74906
2525,6048751.9445
2526,6053289.54312
2527,6057828.54447
2528,6062368.9481
2529,6066910.75356
2530,6071453.9604
2531,6075998.56818
2532,6080544.57645
2533,6085091.98475
2534,6089640.79265
2535,6094190.99968
2536,6098742.60541
2537,6103295.60938
2538,6107850.01115
2539,6112405.81026
2540,6116963.00626
2541,6121521.59871
2542,6126081.58716
2543,6130642.97115
2544,6135205.75023
2545,6139769.92396
2546,6144335.49189
2547,6148902.45356
2548,6153470.80852
2549,6158040.55633
2550,6162611.69652
2551,6167184.22866
2552,6171758.15229
2553,6176333.46695
2554,6180910.1722
2555,6185488.26759
2556,6190067.75266
2557,6194648.62696
2558,6199230.89004
2559,6203814.54145
2560,6208399.58073
2561,6212986.00743
2562,6217573.82111
2563,6222163.0213
2564,6226753.60756
2565,6231345.57942
2566,6235938.93645
2567,6240533.67818
2568,6245129.80416
2569,6249727.31394
2570,6254326.20707
2571,6258926.48308
2572,6263528.14154
2573,6268131.18197
2574,6272735.60393
2575,6277341.40697
2576,6281948.59063
2577,6286557.15445
2578,6291167.09798
2579,6295778.42077
2580,6300391.12235
2581,6305005.20229
2582,6309620.66011
2583,6314237.49536
2584,6318855.7076
2585,6323475.29636
2586,6328096.26118
2587,6332718.60162
2588,6337342.31721
2589,6341967.4075
2590,6346593.87203
2591,6351221.71035
2592,6355850.922
2593,6360481.50652
2594,6365113.46346
2595,6369746.79235
2596,6374381.49275
2597,6379017.56419
2598,6383655.00621
2599,6388293.81837
2600,6392934.00019
2601,6397575.55123
2602,6402218.47103
2603,6406862.75912
2604,6411508.41505
2605,6416155.43836
2606,6420803.8286
2607,6425453.58529
2608,6430104.70799
2609,6434757.19624
2610,6439411.04957
2611,6444066.26753
2612,6448722.84966
2613,6453380.79549
2614,6458040.10458
2615,6462700.77645
2616,6467362.81065
2617,6472026.20672
2618,6476690.9642
2619,6481357.08263
2620,6486024.56155
2621,6490693.40049
2622,6495363.599
2623,6500035.15662
2624,6504708.07288
2625,6509382.34732
2626,6514057.97949
2627,6518734.96892
2628,6523413.31515
2629,6528093.01771
2630,6532774.07616
2631,6537456.49001
2632,6542140.25882
2633,6546825.38212
2634,6551511.85945
2635,6556199.69034
2636,6560888.87434
2637,6565579.41097
2638,6570271.29979
2639,6574964.54031
2640,6579659.13209
2641,6584355.07466
2642,6589052.36755
2643,6593751.0103
2644,6598451.00245
2645,6603152.34353
2646,6607855.03309
2647,6612559.07064
2648,6617264.45574
2649,6621971.18792
2650,6626679.26671
2651,6631388.69165
2652,6636099.46227
2653,6640811.57811
2654,6645525.0387
2655,6650239.84359
2656,6654955.99229
2657,6659673.48435
2658,6664392.31931
2659,6669112.49669
2660,6673834.01603
2661,6678556.87687
2662,6683281.07874
2663,6688006.62117
2664,6692733.5037
2665,6697461.72586
2666,6702191.28718
2667,6706922.18719
2668,6711654.42544
2669,6716388.00145
2670,6721122.91476
2671,6725859.1649
2672,6730596.75139
2673,6735335.67378
2674,6740075.9316
2675,6744817.52438
2676,6749560.45164
2677,6754304.71293
2678,6759050.30778
2679,6763797.23571
2680,6768545.49626
2681,6773295.08895
2682,6778046.01333
2683,6782798.26892
2684,6787551.85525
2685,6792306.77186
2686,6797063.01827
2687,6801820.59402
2688,6806579.49863
2689,6811339.73164
2690,6816101.29258
2691,6820864.18097
2692,6825628.39635
2693,6830393.93824
2694,6835160.80618
2695,6839928.9997
2696,6844698.51832
2697,6849469.36158
2698,6854241.529
2699,6859015.02012
2700,6863789.83446
2701,6868565.97154
2702,6873343.43091
2703,6878122.21209
2704,6882902.3146
2705,6887683.73798
2706,6892466.48175
2707,6897250.54544
2708,6902035.92858
2709,6906822.6307
2710,6911610.65132
2711,6916399.98998
2712,6921190.64619
2713,6925982.6195
2714,6930775.90941
2715,6935570.51547
2716,6940366.43719
2717,6945163.67411
2718,6949962.22575
2719,6954762.09164
2720,6959563.2713
2721,6964365.76427
2722,6969169.57006
2723,6973974.6882
2724,6978781.11822
2725,6983588.85964
2726,6988397.912
2727,6993208.2748
2728,6998019.94759
2729,7002832.92989
2730,7007647.22121
2731,7012462.8211
2732,7017279.72906
2733,7022097.94462
2734,7026917.46732
2735,7031738.29667
2736,7036560.4322
2737,7041383.87343
2738,7046208.61989
2739,7051034.6711
2740,7055862.02658
2741,7060690.68586
2742,7065520.64847
2743,7070351.91392
2744,7075184.48173
2745,7080018.35144
2746,7084853.52256
2747,7089689.99462
2748,7094527.76714
2749,7099366.83964
2750,7104207.21164
2751,7109048.88268
2752,7113891.85226
2753,7118736.11992
2754,7123581.68517
2755,7128428.54753
2756,7133276.70653
2757,7138126.16169
2758,7142976.91254
2759,7147828.95858
2760,7152682.29935
2761,7157536.93436
2762,7162392.86313
2763,7167250.08519
2764,7172108.60006
2765,7176968.40726
2766,7181829.5063
2767,7186691.89671
2768,7191555.57801
2769,7196420.54972
2770,7201286.81135
2771,7206154.36244
2772,7211023.20249
2773,7215893.33103
2774,7220764.74757
2775,7225637.45164
2776,7230511.44276
2777,7235386.72044
2778,7240263.2842
2779,7245141.13357
2780,7250020.26806
2781,7254900.68718
2782,7259782.39046
2783,7264665.37742
2784,7269549.64758
2785,7274435.20044
2786,7279322.03554
2787,7284210.15238
2788,7289099.55049
2789,7293990.22938
2790,7298882.18857
2791,7303775.42758
2792,7308669.94592
2793,7313565.74312
2794,7318462.81868
2795,7323361.17213
2796,7328260.80299
2797,7333161.71076
2798,7338063.89496
2799,7342967.35512
2800,7347872.09075
2801,7352778.10135
2802,7357685.38646
2803,7362593.94559
2804,7367503.77824
2805,7372414.88394
2806,7377327.2622
2807,7382240.91254
2808,7387155.83447
2809,7392072.02751
2810,7396989.49117
2811,7401908.22497
2812,7406828.22841
2813,7411749.50103
2814,7416672.04232
2815,7421595.85181
2816,7426520.92901
2817,7431447.27343
2818,7436374.88459
2819,7441303.762
2820,7446233.90517
2821,7451165.31362
2822,7456097.98686
2823,7461031.9244
2824,7465967.12576
2825,7470903.59045
2826,7475841.31799
2827,7480780.30788
2828,7485720.55964
2829,7490662.07278
2830,7495604.84681
2831,7500548.88125
2832,7505494.17561
2833,7510440.7294
2834,7515388.54213
2835,7520337.61331
2836,7525287.94246
2837,7530239.52909
2838,7535192.3727
2839,7540146.47281
2840,7545101.82894
2841,7550058.44058
2842,7555016.30726
2843,7559975.42848
2844,7564935.80376
2845,7569897.4326
2846,7574860.31451
2847,7579824.44901
2848,7584789.83561
2849,7589756.47381
2850,7594724.36312
2851,7599693.50306
2852,7604663.89314
2853,7609635.53286
2854,7614608.42173
2855,7619582.55926
2856,7624557.94497
2857,7629534.57836
2858,7634512.45894
2859,7639491.58622
2860,7644471.9597
2861,7649453.57891
2862,7654436.44333
2863,7659420.55249
2864,7664405.90589
2865,7669392.50304
2866,7674380.34345
2867,7679369.42662
2868,7684359.75206
2869,7689351.31929
2870,7694344.1278
2871,7699338.17711
2872,7704333.46672
2873,7709329.99613
2874,7714327.76487
2875,7719326.77243
2876,7724327.01831
2877,7729328.50204
2878,7734331.2231
2879,7739335.18102
2880,7744340.37529
2881,7749346.80542
2882,7754354.47092
2883,7759363.37129
2884,7764373.50604
2885,7769384.87468
2886,7774397.47671
2887,7779411.31163
2888,7784426.37895
2889,7789442.67818
2890,7794460.20882
2891,7799478.97038
2892,7804498.96235
2893,7809520.18426
2894,7814542.63559
2895,7819566.31585
2896,7824591.22456
2897,7829617.36121
2898,7834644.7253
2899,7839673.31634
2900,7844703.13384
2901,7849734.1773
2902,7854766.44622
2903,7859799.9401
2904,7864834.65845
2905,7869870.60077
2906,7874907.76657
2907,7879946.15535
2908,7884985.7666
2909,7890026.59984
2910,7895068.65457
2911,7900111.93028
2912,7905156.42648
2913,7910202.14268
2914,7915249.07837
2915,7920297.23306
2916,7925346.60624
2917,7930397.19743
2918,7935449.00612
2919,7940502.03181
2920,7945556.27401
2921,7950611.73221
2922,7955668.40592
2923,7960726.29464
2924,7965785.39787
2925,7970845.71511
2926,7975907.24586
2927,7980969.98962
2928,7986033.94589
2929,7991099.11418
2930,7996165.49398
2931,8001233.08479
2932,8006301.88611
2933,8011371.89744
2934,8016443.11829
2935,8021515.54814
2936,8026589.18651
2937,8031664.03289
2938,8036740.08678
2939,8041817.34767
2940,8046895.81508
2941,8051975.48849
2942,8057056.3674
2943,8062138.45132
2944,8067221.73974
2945,8072306.23216
2946,8077391.92808
2947,8082478.827
2948,8087566.92842
2949,8092656.23182
2950,8097746.73672
2951,8102838.44261
2952,8107931.34898
2953,8113025.45534
2954,8118120.76117
2955,8123217.26599
2956,8128314.96928
2957,8133413.87054
2958,8138513.96927
2959,8143615.26497
2960,8148717.75713
2961,8153821.44525
2962,8158926.32883
2963,8164032.40735
2964,8169139.68033
2965,8174248.14725
2966,8179357.8076
2967,8184468.6609
2968,8189580.70662
2969,8194693.94427
2970,8199808.37335
2971,8204923.99334
2972,8210040.80374
2973,8215158.80406
2974,8220277.99377
2975,8225398.37238
2976,8230519.93939
2977,8235642.69428
2978,8240766.63656
2979,8245891.7657
2980,8251018.08123
2981,8256145.58261
2982,8261274.26935
2983,8266404.14095
2984,8271535.19689
2985,8276667.43667
2986,8281800.85979
2987,8286935.46573
2988,8292071.25399
2989,8297208.22406
2990,8302346.37545
2991,8307485.70763
2992,8312626.2201
2993,8317767.91236
2994,8322910.7839
2995,8328054.8342
2996,8333200.06277
2997,8338346.4691
2998,8343494.05267
2999,8348642.81298
3000,8353792.74952
3001,8358943.86179
3002,8364096.14927
3003,8369249.61145
3004,8374404.24783
3005,8379560.05791
3006,8384717.04116
3007,8389875.19708
3008,8395034.52517
3009,8400195.02491
3010,8405356.6958
3011,8410519.53732
3012,8415683.54896
3013,8420848.73022
3014,8426015.08059
3015,8431182.59955
3016,8436351.2866
3017,8441521.14123
3018,8446692.16292
3019,8451864.35117
3020,8457037.70546
3021,8462212.22529
3022,8467387.91014
3023,8472564.75951
3024,8477742.77288
3025,8482921.94974
3026,8488102.28959
3027,8493283.7919
3028,8498466.45617
3029,8503650.28189
3030,8508835.26855
3031,8514021.41562
3032,8519208.72261
3033,8524397.18901
3034,8529586.81428
3035,8534777.59794
3036,8539969.53946
3037,8545162.63833
3038,8550356.89404
3039,8555552.30608
3040,8560748.87393
3041,8565946.59708
3042,8571145.47502
3043,8576345.50724
3044,8581546.69322
3045,8586749.03245
3046,8591952.52441
3047,8597157.1686
3048,8602362.96449
3049,8607569.91158
3050,8612778.00935
3051,8617987.25729
3052,8623197.65488
3053,8628409.20161
3054,8633621.89697
3055,8638835.74043
3056,8644050.73149
3057,8649266.86964
3058,8654484.15434
3059,8659702.58511
3060,8664922.1614
3061,8670142.88272
3062,8675364.74855
3063,8680587.75837
3064,8685811.91166
3065,8691037.20792
3066,8696263.64662
3067,8701491.22725
3068,8706719.94929
3069,8711949.81223
3070,8717180.81555
3071,8722412.95874
3072,8727646.24127
3073,8732880.66264
3074,8738116.22233
3075,8743352.91981
3076,8748590.75457
3077,8753829.72611
3078,8759069.83389
3079,8764311.0774
3080,8769553.45612
3081,8774796.96955
3082,8780041.61715
3083,8785287.39842
3084,8790534.31283
3085,8795782.35987
3086,8801031.53901
3087,8806281.84975
3088,8811533.29156
3089,8816785.86393
3090,8822039.56633
3091,8827294.39825
3092,8832550.35917
3093,8837807.44857
3094,8843065.66593
3095,8848325.01074
3096,8853585.48247
3097,8858847.08061
3098,8864109.80463
3099,8869373.65402
3100,8874638.62825
3101,8879904.72682
3102,8885171.94919
3103,8890440.29485
3104,8895709.76328
3105,8900980.35396
3106,8906252.06636
3107,8911524.89998
3108,8916798.85428
3109,8922073.92875
3110,8927350.12287
3111,8932627.43611
3112,8937905.86796
3113,8943185.41789
3114,8948466.08539
3115,8953747.86993
3116,8959030.77099
3117,8964314.78806
3118,8969599.9206
3119,8974886.1681
3120,8980173.53003
3121,8985462.00588
3122,8990751.59512
3123,8996042.29724
3124,9001334.11169
3125,9006627.03798
3126,9011921.07557
3127,9017216.22394
3128,9022512.48257
3129,9027809.85093
3130,9033108.32851
3131,9038407.91478
3132,9043708.60922
3133,9049010.4113
3134,9054313.32051
3135,9059617.33631
3136,9064922.45818
3137,9070228.68561
3138,9075536.01807
3139,9080844.45503
3140,9086153.99597
3141,9091464.64036
3142,9096776.38769
3143,9102089.23743
3144,9107403.18905
3145,9112718.24202
3146,9118034.39584
3147,9123351.64996
3148,9128670.00387
3149,9133989.45705
3150,9139310.00895
3151,9144631.65907
3152,9149954.40688
3153,9155278.25184
3154,9160603.19344
3155,9165929.23115
3156,9171256.36445
3157,9176584.5928
3158,9181913.91569
3159,9187244.33258
3160,9192575.84296
3161,9197908.44629
3162,9203242.14204
3163,9208576.9297
3164,9213912.80874
3165,9219249.77863
3166,9224587.83884
3167,9229926.98884
3168,9235267.22812
3169,9240608.55613
3170,9245950.97237
3171,9251294.47629
3172,9256639.06737
3173,9261984.74508
3174,9267331.5089
3175,9272679.3583
3176,9278028.29275
3177,9283378.31172
3178,9288729.41469
3179,9294081.60112
3180,9299434.87049
3181,9304789.22228
3182,9310144.65594
3183,9315501.17096
3184,9320858.76681
3185,9326217.44295
3186,9331577.19886
3187,9336938.034
3188,9342299.94786
3189,9347662.9399
3190,9353027.00959
3191,9358392.1564
3192,9363758.3798
3193,9369125.67927
3194,9374494.05427
3195,9379863.50428
3196,9385234.02875
3197,9390605.62718
3198,9395978.29902
3199,9401352.04374
3200,9406726.86081
3201,9412102.74971
3202,9417479.7099
3203,9422857.74086
3204,9428236.84204
3205,9433617.01293
3206,9438998.25298
3207,9444380.56168
3208,9449763.93848
3209,9455148.38286
3210,9460533.89428
3211,9465920.47222
3212,9471308.11614
3213,9476696.82551
3214,9482086.5998
3215,9487477.43848
3216,9492869.34101
3217,9498262.30687
3218,9503656.33552
3219,9509051.42642
3220,9514447.57905
3221,9519844.79288
3222,9525243.06736
3223,9530642.40198
3224,9536042.79619
3225,9541444.24946
3226,9546846.76127
3227,9552250.33107
3228,9557654.95833
3229,9563060.64253
3230,9568467.38312
3231,9573875.17957
3232,9579284.03136
3233,9584693.93794
3234,9590104.89878
3235,9595516.91335
3236,9600929.98112
3237,9606344.10154
3238,9611759.27409
3239,9617175.49824
3240,9622592.77344
3241,9628011.09916
3242,9633430.47487
3243,9638850.90003
3244,9644272.37411
3245,9649694.89658
3246,9655118.46689
3247,9660543.08451
3248,9665968.74892
3249,9671395.45956
3250,9676823.21591
3251,9682252.01744
3252,9687681.8636
3253,9693112.75385
3254,9698544.68768
3255,9703977.66453
3256,9709411.68387
3257,9714846.74517
3258,9720282.84788
3259,9725719.99148
3260,9731158.17543
3261,9736597.39918
3262,9742037.66221
3263,9747478.96398
3264,9752921.30394
3265,9758364.68157
3266,9763809.09632
3267,9769254.54765
3268,9774701.03504
3269,9780148.55794
3270,9785597.11582
3271,9791046.70814
3272,9796497.33435
3273,9801948.99393
3274,9807401.68633
3275,9812855.41102
3276,9818310.16745
3277,9823765.9551
3278,9829222.77342
3279,9834680.62187
3280,9840139.49991
3281,9845599.40701
3282,9851060.34263
3283,9856522.30622
3284,9861985.29726
3285,9867449.31519
3286,9872914.35949
3287,9878380.42961
3288,9883847.52501
3289,9889315.64515
3290,9894784.78949
3291,9900254.9575
3292,9905726.14864
3293,9911198.36235
3294,9916671.59811
3295,9922145.85538
3296,9927621.13361
3297,9933097.43226
3298,9938574.75079
3299,9944053.08867
3300,9949532.44535
3301,9955012.82029
3302,9960494.21295
3303,9965976.62279
3304,9971460.04927
3305,9976944.49185
3306,9982429.94998
3307,9987916.42313
3308,9993403.91075
3309,9998892.41231
3310,10004381.9273
3311,10009872.455
3312,10015363.9951
3313,10020856.547
3314,10026350.1101
3315,10031844.6839
3316,10037340.2678
3317,10042836.8613
3318,10048334.4638
3319,10053833.0749
3320,10059332.694
3321,10064833.3204
3322,10070334.9538
3323,10075837.5935
3324,10081341.239
3325,10086845.8897
3326,10092351.5452
3327,10097858.2048
3328,10103365.868
3329,10108874.5344
3330,10114384.2032
3331,10119894.8741
3332,10125406.5464
3333,10130919.2197
3334,10136432.8932
3335,10141947.5666
3336,10147463.2393
3337,10152979.9107
3338,10158497.5803
3339,10164016.2476
3340,10169535.9119
3341,10175056.5728
3342,10180578.2297
3343,10186100.882
3344,10191624.5293
3345,10197149.1709
3346,10202674.8064
3347,10208201.4352
3348,10213729.0566
3349,10219257.6703
3350,10224787.2757
3351,10230317.8721
3352,10235849.4591
3353,10241382.0361
3354,10246915.6025
3355,10252450.1579
3356,10257985.7016
3357,10263522.2332
3358,10269059.752
3359,10274598.2576
3360,10280137.7494
3361,10285678.2268
3362,10291219.6892
3363,10296762.1363
3364,10302305.5673
3365,10307849.9818
3366,10313395.3792
3367,10318941.7589
3368,10324489.1205
3369,10330037.4633
3370,10335586.7868
3371,10341137.0905
3372,10346688.3738
3373,10352240.6362
3374,10357793.8771
3375,10363348.096
3376,10368903.2923
3377,10374459.4655
3378,10380016.615
3379,10385574.7403
3380,10391133.8409
3381,10396693.9161
3382,10402254.9655
3383,10407816.9884
3384,10413379.9844
3385,10418943.9529
3386,10424508.8933
3387,10430074.8051
3388,10435641.6878
3389,10441209.5407
3390,10446778.3634
3391,10452348.1553
3392,10457918.9159
3393,10463490.6445
3394,10469063.3407
3395,10474637.0038
3396,10480211.6335
3397,10485787.229
3398,10491363.7898
3399,10496941.3155
3400,10502519.8054
3401,10508099.259
3402,10513679.6757
3403,10519261.0551
3404,10524843.3964
3405,10530426.6993
3406,10536010.9631
3407,10541596.1873
3408,10547182.3714
3409,10552769.5147
3410,10558357.6167
3411,10563946.677
3412,10569536.6949
3413,10575127.6698
3414,10580719.6013
3415,10586312.4888
3416,10591906.3317
3417,10597501.1294
3418,10603096.8815
3419,10608693.5874
3420,10614291.2465
3421,10619889.8582
3422,10625489.4221
3423,10631089.9375
3424,10636691.4039
3425,10642293.8208
3426,10647897.1876
3427,10653501.5037
3428,10659106.7686
3429,10664712.9818
3430,10670320.1426
3431,10675928.2506
3432,10681537.3052
3433,10687147.3058
3434,10692758.2519
3435,10698370.1429
3436,10703982.9783
3437,10709596.7575
3438,10715211.4799
3439,10720827.1451
3440,10726443.7524
3441,10732061.3013
3442,10737679.7913
3443,10743299.2217
3444,10748919.5921
3445,10754540.9018
3446,10760163.1504
3447,10765786.3373
3448,10771410.4619
3449,10777035.5236
3450,10782661.5219
3451,10788288.4563
3452,10793916.3262
3453,10799545.131
3454,10805174.8703
3455,10810805.5433
3456,10816437.1496
3457,10822069.6887
3458,10827703.1599
3459,10833337.5627
3460,10838972.8965
3461,10844609.1609
3462,10850246.3552
3463,10855884.4788
3464,10861523.5313
3465,10867163.5121
3466,10872804.4206
3467,10878446.2562
3468,10884089.0184
3469,10889732.7067
3470,10895377.3205
3471,10901022.8592
3472,10906669.3222
3473,10912316.7091
3474,10917965.0192
3475,10923614.2521
3476,10929264.4071
3477,10934915.4836
3478,10940567.4812
3479,10946220.3993
3480,10951874.2372
3481,10957528.9946
3482,10963184.6707
3483,10968841.265
3484,10974498.7771
3485,10980157.2062
3486,10985816.552
3487,10991476.8137
3488,10997137.9909
3489,11002800.0829
3490,11008463.0893
3491,11014127.0095
3492,11019791.8428
3493,11025457.5889
3494,11031124.247
3495,11036791.8166
3496,11042460.2973
3497,11048129.6883
3498,11053799.9892
3499,11059471.1994
3500,11065143.3183
3501,11070816.3454
3502,11076490.2801
3503,11082165.1219
3504,11087840.8702
3505,11093517.5244
3506,11099195.084
3507,11104873.5484
3508,11110552.9171
3509,11116233.1894
3510,11121914.3649
3511,11127596.443
3512,11133279.4231
3513,11138963.3046
3514,11144648.087
3515,11150333.7698
3516,11156020.3523
3517,11161707.8341
3518,11167396.2145
3519,11173085.493
3520,11178775.669
3521,11184466.7419
3522,11190158.7113
3523,11195851.5765
3524,11201545.337
3525,11207239.9922
3526,11212935.5416
3527,11218631.9845
3528,11224329.3205
3529,11230027.549
3530,11235726.6693
3531,11241426.681
3532,11247127.5835
3533,11252829.3762
3534,11258532.0586
3535,11264235.6301
3536,11269940.09
3537,11275645.438
3538,11281351.6734
3539,11287058.7956
3540,11292766.8041
3541,11298475.6983
3542,11304185.4776
3543,11309896.1416
3544,11315607.6895
3545,11321320.121
3546,11327033.4353
3547,11332747.632
3548,11338462.7104
3549,11344178.67
3550,11349895.5103
3551,11355613.2307
3552,11361331.8305
3553,11367051.3094
3554,11372771.6666
3555,11378492.9016
3556,11384215.0139
3557,11389938.0029
3558,11395661.868
3559,11401386.6087
3560,11407112.2243
3561,11412838.7145
3562,11418566.0784
3563,11424294.3157
3564,11430023.4257
3565,11435753.4079
3566,11441484.2617
3567,11447215.9865
3568,11452948.5818
3569,11458682.047
3570,11464416.3816
3571,11470151.5849
3572,11475887.6565
3573,11481624.5957
3574,11487362.4019
3575,11493101.0747
3576,11498840.6135
3577,11504581.0176
3578,11510322.2865
3579,11516064.4197
3580,11521807.4166
3581,11527551.2765
3582,11533295.9991
3583,11539041.5836
3584,11544788.0295
3585,11550535.3363
3586,11556283.5033
3587,11562032.5301
3588,11567782.416
3589,11573533.1605
3590,11579284.763
3591,11585037.2229
3592,11590790.5397
3593,11596544.7128
3594,11602299.7417
3595,11608055.6257
3596,11613812.3644
3597,11619569.9571
3598,11625328.4032
3599,11631087.7023
3600,11636847.8536
3601,11642608.8568
3602,11648370.7111
3603,11654133.4161
3604,11659896.9711
3605,11665661.3756
3606,11671426.629
3607,11677192.7308
3608,11682959.6804
3609,11688727.4771
3610,11694496.1206
3611,11700265.61
3612,11706035.945
3613,11711807.125
3614,11717579.1493
3615,11723352.0174
3616,11729125.7287
3617,11734900.2827
3618,11740675.6788
3619,11746451.9163
3620,11752228.9949
3621,11758006.9138
3622,11763785.6725
3623,11769565.2705
3624,11775345.7071
3625,11781126.9818
3626,11786909.0941
3627,11792692.0433
3628,11798475.8289
3629,11804260.4503
3630,11810045.9069
3631,11815832.1982
3632,11821619.3237
3633,11827407.2826
3634,11833196.0745
3635,11838985.6988
3636,11844776.1549
3637,11850567.4423
3638,11856359.5603
3639,11862152.5085
3640,11867946.2861
3641,11873740.8928
3642,11879536.3278
3643,11885332.5906
3644,11891129.6807
3645,11896927.5975
3646,11902726.3403
3647,11908525.9087
3648,11914326.302
3649,11920127.5197
3650,11925929.5612
3651,11931732.426
3652,11937536.1134
3653,11943340.623
3654,11949145.954
3655,11954952.106
3656,11960759.0783
3657,11966566.8705
3658,11972375.4819
3659,11978184.9119
3660,11983995.16
3661,11989806.2257
3662,11995618.1082
3663,12001430.8072
3664,12007244.3219
3665,12013058.6518
3666,12018873.7964
3667,12024689.755
3668,12030506.5271
3669,12036324.1122
3670,12042142.5096
3671,12047961.7187
3672,12053781.7391
3673,12059602.5701
3674,12065424.2111
3675,12071246.6616
3676,12077069.921
3677,12082893.9887
3678,12088718.8642
3679,12094544.5468
3680,12100371.0361
3681,12106198.3313
3682,12112026.4321
3683,12117855.3376
3684,12123685.0475
3685,12129515.5612
3686,12135346.8779
3687,12141178.9973
3688,12147011.9186
3689,12152845.6413
3690,12158680.1649
3691,12164515.4888
3692,12170351.6124
3693,12176188.5351
3694,12182026.2563
3695,12187864.7755
3696,12193704.0921
3697,12199544.2055
3698,12205385.1151
3699,12211226.8204
3700,12217069.3208
3701,12222912.6157
3702,12228756.7046
3703,12234601.5867
3704,12240447.2617
3705,12246293.7289
3706,12252140.9877
3707,12257989.0375
3708,12263837.8778
3709,12269687.508
3710,12275537.9275
3711,12281389.1358
3712,12287241.1322
3713,12293093.9162
3714,12298947.4873
3715,12304801.8447
3716,12310656.988
3717,12316512.9166
3718,12322369.6299
3719,12328227.1272
3720,12334085.4082
3721,12339944.4721
3722,12345804.3183
3723,12351664.9464
3724,12357526.3557
3725,12363388.5457
3726,12369251.5157
3727,12375115.2652
3728,12380979.7937
3729,12386845.1004
3730,12392711.185
3731,12398578.0467
3732,12404445.685
3733,12410314.0993
3734,12416183.2891
3735,12422053.2537
3736,12427923.9926
3737,12433795.5052
3738,12439667.7909
3739,12445540.8492
3740,12451414.6795
3741,12457289.2811
3742,12463164.6535
3743,12469040.7962
3744,12474917.7085
3745,12480795.3898
3746,12486673.8397
3747,12492553.0574
3748,12498433.0425
3749,12504313.7944
3750,12510195.3123
3751,12516077.5959
3752,12521960.6445
3753,12527844.4575
3754,12533729.0344
3755,12539614.3745
3756,12545500.4773
3757,12551387.3422
3758,12557274.9686
3759,12563163.3559
3760,12569052.5036
3761,12574942.4111
3762,12580833.0778
3763,12586724.5031
3764,12592616.6864
3765,12598509.6272
3766,12604403.3249
3767,12610297.7788
3768,12616192.9884
3769,12622088.9532
3770,12627985.6725
3771,12633883.1458
3772,12639781.3725
3773,12645680.3519
3774,12651580.0836
3775,12657480.5669
3776,12663381.8012
3777,12669283.786
3778,12675186.5208
3779,12681090.0048
3780,12686994.2375
3781,12692899.2184
3782,12698804.9468
3783,12704711.4222
3784,12710618.644
3785,12716526.6116
3786,12722435.3244
3787,12728344.7819
3788,12734254.9834
3789,12740165.9284
3790,12746077.6163
3791,12751990.0465
3792,12757903.2184
3793,12763817.1315
3794,12769731.7851
3795,12775647.1787
3796,12781563.3117
3797,12787480.1835
3798,12793397.7935
3799,12799316.1411
3800,12805235.2258
3801,12811155.047
3802,12817075.6041
3803,12822996.8965
3804,12828918.9235
3805,12834841.6848
3806,12840765.1795
3807,12846689.4073
3808,12852614.3674
3809,12858540.0593
3810,12864466.4824
3811,12870393.6362
3812,12876321.52
3813,12882250.1332
3814,12888179.4754
3815,12894109.5458
3816,12900040.3439
3817,12905971.8691
3818,12911904.1209
3819,12917837.0986
3820,12923770.8016
3821,12929705.2295
3822,12935640.3815
3823,12941576.2571
3824,12947512.8558
3825,12953450.1769
3826,12959388.2198
3827,12965326.984
3828,12971266.4688
3829,12977206.6738
3830,12983147.5982
3831,12989089.2416
3832,12995031.6033
3833,13000974.6827
3834,13006918.4793
3835,13012862.9924
3836,13018808.2216
3837,13024754.1661
3838,13030700.8255
3839,13036648.199
3840,13042596.2863
3841,13048545.0865
3842,13054494.5992
3843,13060444.8238
3844,13066395.7597
3845,13072347.4063
3846,13078299.763
3847,13084252.8292
3848,13090206.6044
3849,13096161.0879
3850,13102116.2792
3851,13108072.1776
3852,13114028.7826
3853,13119986.0937
3854,13125944.1101
3855,13131902.8314
3856,13137862.2569
3857,13143822.3861
3858,13149783.2183
3859,13155744.753
3860,13161706.9896
3861,13167669.9275
3862,13173633.5661
3863,13179597.9048
3864,13185562.943
3865,13191528.6802
3866,13197495.1157
3867,13203462.249
3868,13209430.0794
3869,13215398.6065
3870,13221367.8296
3871,13227337.748
3872,13233308.3613
3873,13239279.6688
3874,13245251.67
3875,13251224.3642
3876,13257197.7508
3877,13263171.8294
3878,13269146.5992
3879,13275122.0597
3880,13281098.2103
3881,13287075.0504
3882,13293052.5795
3883,13299030.7969
3884,13305009.702
3885,13310989.2943
3886,13316969.5732
3887,13322950.538
3888,13328932.1883
3889,13334914.5233
3890,13340897.5425
3891,13346881.2453
3892,13352865.6312
3893,13358850.6995
3894,13364836.4496
3895,13370822.881
3896,13376809.993
3897,13382797.7851
3898,13388786.2567
3899,13394775.4072
3900,13400765.236
3901,13406755.7425
3902,13412746.9261
3903,13418738.7862
3904,13424731.3223
3905,13430724.5337
3906,13436718.4198
3907,13442712.9801
3908,13448708.214
3909,13454704.1209
3910,13460700.7001
3911,13466697.9511
3912,13472695.8733
3913,13478694.4662
3914,13484693.729
3915,13490693.6613
3916,13496694.2624
3917,13502695.5318
3918,13508697.4688
3919,13514700.0728
3920,13520703.3433
3921,13526707.2797
3922,13532711.8814
3923,13538717.1477
3924,13544723.0782
3925,13550729.6721
3926,13556736.929
3927,13562744.8482
3928,13568753.4291
3929,13574762.6711
3930,13580772.5737
3931,13586783.1362
3932,13592794.358
3933,13598806.2386
3934,13604818.7774
3935,13610831.9738
3936,13616845.8271
3937,13622860.3368
3938,13628875.5023
3939,13634891.323
3940,13640907.7983
3941,13646924.9276
3942,13652942.7104
3943,13658961.1459
3944,13664980.2337
3945,13670999.9731
3946,13677020.3636
3947,13683041.4045
3948,13689063.0952
3949,13695085.4353
3950,13701108.4239
3951,13707132.0607
3952,13713156.3449
3953,13719181.276
3954,13725206.8534
3955,13731233.0765
3956,13737259.9447
3957,13743287.4573
3958,13749315.6139
3959,13755344.4138
3960,13761373.8565
3961,13767403.9412
3962,13773434.6675
3963,13779466.0347
3964,13785498.0422
3965,13791530.6895
3966,13797563.9759
3967,13803597.9009
3968,13809632.4638
3969,13815667.6641
3970,13821703.5012
3971,13827739.9744
3972,13833777.0832
3973,13839814.827
3974,13845853.2052
3975,13851892.2172
3976,13857931.8623
3977,13863972.14
3978,13870013.0498
3979,13876054.5909
3980,13882096.7629
3981,13888139.565
3982,13894182.9968
3983,13900227.0576
3984,13906271.7468
3985,13912317.0638
3986,13918363.0081
3987,13924409.579
3988,13930456.7759
3989,13936504.5983
3990,13942553.0455
3991,13948602.117
3992,13954651.8121
3993,13960702.1302
3994,13966753.0708
3995,13972804.6333
3996,13978856.817
3997,13984909.6214
3998,13990963.0459
3999,13997017.0898
4000,14003071.7526
4001,14009127.0337
4002,14015182.9324
4003,14021239.4482
4004,14027296.5805
4005,14033354.3287
4006,14039412.6922
4007,14045471.6703
4008,14051531.2626
4009,14057591.4683
4010,14063652.2869
4011,14069713.7178
4012,14075775.7605
4013,14081838.4142
4014,14087901.6784
4015,14093965.5525
4016,14100030.0359
4017,14106095.1281
4018,14112160.8283
4019,14118227.1361
4020,14124294.0507
4021,14130361.5717
4022,14136429.6984
4023,14142498.4301
4024,14148567.7665
4025,14154637.7067
4026,14160708.2502
4027,14166779.3965
4028,14172851.1449
4029,14178923.4948
4030,14184996.4456
4031,14191069.9967
4032,14197144.1476
4033,14203218.8976
4034,14209294.2461
4035,14215370.1925
4036,14221446.7362
4037,14227523.8767
4038,14233601.6133
4039,14239679.9455
4040,14245758.8725
4041,14251838.3939
4042,14257918.509
4043,14263999.2172
4044,14270080.518
4045,14276162.4107
4046,14282244.8947
4047,14288327.9694
4048,14294411.6343
4049,14300495.8886
4050,14306580.732
4051,14312666.1636
4052,14318752.1829
4053,14324838.7894
4054,14330925.9824
4055,14337013.7613
4056,14343102.1256
4057,14349191.0745
4058,14355280.6076
4059,14361370.7242
4060,14367461.4237
4061,14373552.7056
4062,14379644.5691
4063,14385737.0138
4064,14391830.039
4065,14397923.644
4066,14404017.8284
4067,14410112.5915
4068,14416207.9328
4069,14422303.8515
4070,14428400.3471
4071,14434497.419
4072,14440595.0667
4073,14446693.2894
4074,14452792.0866
4075,14458891.4577
4076,14464991.4022
4077,14471091.9193
4078,14477193.0085
4079,14483294.6692
4080,14489396.9007
4081,14495499.7026
4082,14501603.0741
4083,14507707.0148
4084,14513811.5239
4085,14519916.6008
4086,14526022.2451
4087,14532128.456
4088,14538235.233
4089,14544342.5754
4090,14550450.4827
4091,14556558.9543
4092,14562667.9896
4093,14568777.5878
4094,14574887.7486
4095,14580998.4711
4096,14587109.755
4097,14593221.5994
4098,14599334.004
4099,14605446.9679
4100,14611560.4907
4101,14617674.5717
4102,14623789.2103
4103,14629904.406
4104,14636020.1581
4105,14642136.4659
4106,14648253.3291
4107,14654370.7468
4108,14660488.7185
4109,14666607.2436
4110,14672726.3215
4111,14678845.9516
4112,14684966.1333
4113,14691086.866
4114,14697208.1491
4115,14703329.9819
4116,14709452.364
4117,14715575.2946
4118,14721698.7731
4119,14727822.799
4120,14733947.3717
4121,14740072.4905
4122,14746198.1549
4123,14752324.3642
4124,14758451.1179
4125,14764578.4153
4126,14770706.2558
4127,14776834.6389
4128,14782963.5639
4129,14789093.0301
4130,14795223.0371
4131,14801353.5843
4132,14807484.6709
4133,14813616.2964
4134,14819748.4602
4135,14825881.1616
4136,14832014.4002
4137,14838148.1753
4138,14844282.4862
4139,14850417.3323
4140,14856552.7132
4141,14862688.6281
4142,14868825.0764
4143,14874962.0576
4144,14881099.571
4145,14887237.6161
4146,14893376.1922
4147,14899515.2987
4148,14905654.935
4149,14911795.1005
4150,14917935.7946
4151,14924077.0168
4152,14930218.7663
4153,14936361.0426
4154,14942503.8451
4155,14948647.1731
4156,14954791.0261
4157,14960935.4035
4158,14967080.3047
4159,14973225.729
4160,14979371.6758
4161,14985518.1446
4162,14991665.1347
4163,14997812.6455
4164,15003960.6764
4165,15010109.2268
4166,15016258.2962
4167,15022407.8838
4168,15028557.9892
4169,15034708.6116
4170,15040859.7504
4171,15047011.4052
4172,15053163.5752
4173,15059316.2599
4174,15065469.4586
4175,15071623.1707
4176,15077777.3957
4177,15083932.1329
4178,15090087.3818
4179,15096243.1416
4180,15102399.4119
4181,15108556.1919
4182,15114713.4811
4183,15120871.2789
4184,15127029.5847
4185,15133188.3978
4186,15139347.7177
4187,15145507.5438
4188,15151667.8754
4189,15157828.7119
4190,15163990.0527
4191,15170151.8973
4192,15176314.245
4193,15182477.0952
4194,15188640.4472
4195,15194804.3006
4196,15200968.6546
4197,15207133.5087
4198,15213298.8623
4199,15219464.7147
4200,15225631.0654
4201,15231797.9137
4202,15237965.259
4203,15244133.1008
4204,15250301.4383
4205,15256470.2711
4206,15262639.5984
4207,15268809.4197
4208,15274979.7344
4209,15281150.5419
4210,15287321.8415
4211,15293493.6327
4212,15299665.9148
4213,15305838.6873
4214,15312011.9494
4215,15318185.7007
4216,15324359.9405
4217,15330534.6681
4218,15336709.8831
4219,15342885.5847
4220,15349061.7724
4221,15355238.4456
4222,15361415.6036
4223,15367593.2458
4224,15373771.3717
4225,15379949.9805
4226,15386129.0718
4227,15392308.6449
4228,15398488.6992
4229,15404669.234
4230,15410850.2488
4231,15417031.743
4232,15423213.7159
4233,15429396.167
4234,15435579.0956
4235,15441762.5011
4236,15447946.3829
4237,15454130.7404
4238,15460315.573
4239,15466500.8801
4240,15472686.6611
4241,15478872.9153
4242,15485059.6421
4243,15491246.841
4244,15497434.5113
4245,15503622.6525
4246,15509811.2638
4247,15516000.3447
4248,15522189.8946
4249,15528379.9129
4250,15534570.399
4251,15540761.3521
4252,15546952.7719
4253,15553144.6575
4254,15559337.0085
4255,15565529.8242
4256,15571723.104
4257,15577916.8472
4258,15584111.0534
4259,15590305.7218
4260,15596500.8518
4261,15602696.4429
4262,15608892.4944
4263,15615089.0058
4264,15621285.9763
4265,15627483.4054
4266,15633681.2926
4267,15639879.637
4268,15646078.4383
4269,15652277.6957
4270,15658477.4086
4271,15664677.5764
4272,15670878.1986
4273,15677079.2745
4274,15683280.8034
4275,15689482.7848
4276,15695685.2181
4277,15701888.1027
4278,15708091.4379
4279,15714295.2231
4280,15720499.4577
4281,15726704.1411
4282,15732909.2727
4283,15739114.8519
4284,15745320.8781
4285,15751527.3506
4286,15757734.2689
4287,15763941.6323
4288,15770149.4402
4289,15776357.692
4290,15782566.3871
4291,15788775.5249
4292,15794985.1047
4293,15801195.126
4294,15807405.5882
4295,15813616.4906
4296,15819827.8325
4297,15826039.6135
4298,15832251.8329
4299,15838464.4901
4300,15844677.5844
4301,15850891.1153
4302,15857105.0821
4303,15863319.4842
4304,15869534.321
4305,15875749.592
4306,15881965.2964
4307,15888181.4337
4308,15894398.0032
4309,15900615.0044
4310,15906832.4366
4311,15913050.2993
4312,15919268.5917
4313,15925487.3134
4314,15931706.4636
4315,15937926.0417
4316,15944146.0473
4317,15950366.4795
4318,15956587.3379
4319,15962808.6218
4320,15969030.3306
4321,15975252.4636
4322,15981475.0203
4323,15987698.0001
4324,15993921.4023
4325,16000145.2264
4326,16006369.4716
4327,16012594.1374
4328,16018819.2233
4329,16025044.7285
4330,16031270.6524
4331,16037496.9945
4332,16043723.7541
4333,16049950.9306
4334,16056178.5234
4335,16062406.5319
4336,16068634.9554
4337,16074863.7934
4338,16081093.0452
4339,16087322.7103
4340,16093552.788
4341,16099783.2776
4342,16106014.1786
4343,16112245.4904
4344,16118477.2124
4345,16124709.3439
4346,16130941.8843
4347,16137174.833
4348,16143408.1893
4349,16149641.9528
4350,16155876.1227
4351,16162110.6985
4352,16168345.6794
4353,16174581.065
4354,16180816.8546
4355,16187053.0476
4356,16193289.6433
4357,16199526.6412
4358,16205764.0406
4359,16212001.841
4360,16218240.0416
4361,16224478.642
4362,16230717.6414
4363,16236957.0392
4364,16243196.8349
4365,16249437.0279
4366,16255677.6174
4367,16261918.6029
4368,16268159.9839
4369,16274401.7595
4370,16280643.9294
4371,16286886.4927
4372,16293129.449
4373,16299372.7975
4374,16305616.5378
4375,16311860.6691
4376,16318105.1909
4377,16324350.1025
4378,16330595.4033
4379,16336841.0927
4380,16343087.1701
4381,16349333.6349
4382,16355580.4864
4383,16361827.7241
4384,16368075.3473
4385,16374323.3553
4386,16380571.7477
4387,16386820.5238
4388,16393069.6828
4389,16399319.2244
4390,16405569.1477
4391,16411819.4523
4392,16418070.1374
4393,16424321.2025
4394,16430572.647
4395,16436824.4702
4396,16443076.6715
4397,16449329.2503
4398,16455582.2061
4399,16461835.538
4400,16468089.2457
4401,16474343.3283
4402,16480597.7854
4403,16486852.6163
4404,16493107.8203
4405,16499363.397
4406,16505619.3455
4407,16511875.6654
4408,16518132.3561
4409,16524389.4168
4410,16530646.847
4411,16536904.646
4412,16543162.8133
4413,16549421.3482
4414,16555680.2502
4415,16561939.5185
4416,16568199.1526
4417,16574459.1518
4418,16580719.5156
4419,16586980.2434
4420,16593241.3344
4421,16599502.7881
4422,16605764.6038
4423,16612026.781
4424,16618289.3191
4425,16624552.2173
4426,16630815.4752
4427,16637079.092
4428,16643343.0672
4429,16649607.4001
4430,16655872.0902
4431,16662137.1368
4432,16668402.5392
4433,16674668.2969
4434,16680934.4093
4435,16687200.8757
4436,16693467.6955
4437,16699734.8681
4438,16706002.3928
4439,16712270.2692
4440,16718538.4964
4441,16724807.074
4442,16731076.0013
4443,16737345.2777
4444,16743614.9026
4445,16749884.8752
4446,16756155.1952
4447,16762425.8617
4448,16768696.8742
4449,16774968.2321
4450,16781239.9347
4451,16787511.9815
4452,16793784.3718
4453,16800057.105
4454,16806330.1804
4455,16812603.5976
4456,16818877.3557
4457,16825151.4543
4458,16831425.8927
4459,16837700.6702
4460,16843975.7864
4461,16850251.2404
4462,16856527.0318
4463,16862803.1599
4464,16869079.6241
4465,16875356.4237
4466,16881633.5582
4467,16887911.0269
4468,16894188.8293
4469,16900466.9646
4470,16906745.4323
4471,16913024.2317
4472,16919303.3623
4473,16925582.8233
4474,16931862.6143
4475,16938142.7345
4476,16944423.1834
4477,16950703.9603
4478,16956985.0647
4479,16963266.4958
4480,16969548.2531
4481,16975830.3359
4482,16982112.7437
4483,16988395.4758
4484,16994678.5316
4485,17000961.9104
4486,17007245.6117
4487,17013529.6348
4488,17019813.9792
4489,17026098.6441
4490,17032383.629
4491,17038668.9333
4492,17044954.5563
4493,17051240.4974
4494,17057526.756
4495,17063813.3315
4496,17070100.2232
4497,17076387.4305
4498,17082674.9529
4499,17088962.7896
4500,17095250.9402
4501,17101539.4038
4502,17107828.18
4503,17114117.2681
4504,17120406.6675
4505,17126696.3775
4506,17132986.3976
4507,17139276.7272
4508,17145567.3655
4509,17151858.312
4510,17158149.5661
4511,17164441.1271
4512,17170732.9944
4513,17177025.1674
4514,17183317.6455
4515,17189610.4281
4516,17195903.5145
4517,17202196.9041
4518,17208490.5964
4519,17214784.5906
4520,17221078.8861
4521,17227373.4824
4522,17233668.3788
4523,17239963.5746
4524,17246259.0694
4525,17252554.8624
4526,17258850.953
4527,17265147.3406
4528,17271444.0246
4529,17277741.0044
4530,17284038.2793
4531,17290335.8487
4532,17296633.7121
4533,17302931.8687
4534,17309230.3179
4535,17315529.0592
4536,17321828.0919
4537,17328127.4154
4538,17334427.0291
4539,17340726.9323
4540,17347027.1244
4541,17353327.6049
4542,17359628.373
4543,17365929.4282
4544,17372230.7698
4545,17378532.3972
4546,17384834.3098
4547,17391136.507
4548,17397438.9882
4549,17403741.7527
4550,17410044.7999
4551,17416348.1292
4552,17422651.7399
4553,17428955.6315
4554,17435259.8033
4555,17441564.2547
4556,17447868.9851
4557,17454173.9938
4558,17460479.2803
4559,17466784.8438
4560,17473090.6839
4561,17479396.7998
4562,17485703.191
4563,17492009.8567
4564,17498316.7965
4565,17504624.0097
4566,17510931.4956
4567,17517239.2536
4568,17523547.2832
4569,17529855.5836
4570,17536164.1543
4571,17542472.9946
4572,17548782.104
4573,17555091.4817
4574,17561401.1272
4575,17567711.0399
4576,17574021.2191
4577,17580331.6642
4578,17586642.3746
4579,17592953.3496
4580,17599264.5887
4581,17605576.0912
4582,17611887.8565
4583,17618199.8839
4584,17624512.1729
4585,17630824.7229
4586,17637137.5331
4587,17643450.603
4588,17649763.9319
4589,17656077.5193
4590,17662391.3645
4591,17668705.4669
4592,17675019.8258
4593,17681334.4407
4594,17687649.3109
4595,17693964.4358
4596,17700279.8147
4597,17706595.4471
4598,17712911.3324
4599,17719227.4698
4600,17725543.8588
4601,17731860.4987
4602,17738177.389
4603,17744494.529
4604,17750811.9181
4605,17757129.5556
4606,17763447.441
4607,17769765.5736
4608,17776083.9527
4609,17782402.5779
4610,17788721.4483
4611,17795040.5635
4612,17801359.9228
4613,17807679.5256
4614,17813999.3712
4615,17820319.4591
4616,17826639.7885
4617,17832960.3589
4618,17839281.1697
4619,17845602.2202
4620,17851923.5098
4621,17858245.0379
4622,17864566.8038
4623,17870888.807
4624,17877211.0468
4625,17883533.5226
4626,17889856.2337
4627,17896179.1796
4628,17902502.3596
4629,17908825.7731
4630,17915149.4195
4631,17921473.2981
4632,17927797.4083
4633,17934121.7495
4634,17940446.3211
4635,17946771.1224
4636,17953096.1529
4637,17959421.4119
4638,17965746.8987
4639,17972072.6128
4640,17978398.5535
4641,17984724.7202
4642,17991051.1123
4643,17997377.7291
4644,18003704.5701
4645,18010031.6346
4646,18016358.922
4647,18022686.4316
4648,18029014.1628
4649,18035342.1151
4650,18041670.2877
4651,18047998.6801
4652,18054327.2917
4653,18060656.1217
4654,18066985.1697
4655,18073314.4348
4656,18079643.9167
4657,18085973.6145
4658,18092303.5277
4659,18098633.6557
4660,18104963.9979
4661,18111294.5535
4662,18117625.322
4663,18123956.3028
4664,18130287.4953
4665,18136618.8987
4666,18142950.5126
4667,18149282.3362
4668,18155614.3689
4669,18161946.6102
4670,18168279.0593
4671,18174611.7157
4672,18180944.5788
4673,18187277.6479
4674,18193610.9223
4675,18199944.4015
4676,18206278.0849
4677,18212611.9718
4678,18218946.0616
4679,18225280.3536
4680,18231614.8473
4681,18237949.542
4682,18244284.4371
4683,18250619.532
4684,18256954.826
4685,18263290.3185
4686,18269626.0089
4687,18275961.8965
4688,18282297.9809
4689,18288634.2612
4690,18294970.7369
4691,18301307.4074
4692,18307644.272
4693,18313981.3301
4694,18320318.5811
4695,18326656.0244
4696,18332993.6593
4697,18339331.4853
4698,18345669.5016
4699,18352007.7077
4700,18358346.1029
4701,18364684.6866
4702,18371023.4582
4703,18377362.4171
4704,18383701.5626
4705,18390040.8941
4706,18396380.411
4707,18402720.1127
4708,18409059.9985
4709,18415400.0677
4710,18421740.3199
4711,18428080.7543
4712,18434421.3704
4713,18440762.1675
4714,18447103.1449
4715,18453444.3021
4716,18459785.6384
4717,18466127.1532
4718,18472468.8459
4719,18478810.7159
4720,18485152.7624
4721,18491494.985
4722,18497837.383
4723,18504179.9556
4724,18510522.7024
4725,18516865.6227
4726,18523208.7159
4727,18529551.9813
4728,18535895.4183
4729,18542239.0264
4730,18548582.8047
4731,18554926.7529
4732,18561270.8701
4733,18567615.1558
4734,18573959.6094
4735,18580304.2302
4736,18586649.0176
4737,18592993.971
4738,18599339.0898
4739,18605684.3733
4740,18612029.8209
4741,18618375.432
4742,18624721.2059
4743,18631067.142
4744,18637413.2398
4745,18643759.4985
4746,18650105.9176
4747,18656452.4964
4748,18662799.2343
4749,18669146.1306
4750,18675493.1848
4751,18681840.3962
4752,18688187.7642
4753,18694535.2882
4754,18700882.9675
4755,18707230.8015
4756,18713578.7896
4757,18719926.9312
4758,18726275.2256
4759,18732623.6722
4760,18738972.2703
4761,18745321.0194
4762,18751669.9189
4763,18758018.968
4764,18764368.1663
4765,18770717.5129
4766,18777067.0074
4767,18783416.6491
4768,18789766.4373
4769,18796116.3715
4770,18802466.451
4771,18808816.6752
4772,18815167.0434
4773,18821517.5551
4774,18827868.2096
4775,18834219.0062
4776,18840569.9444
4777,18846921.0236
4778,18853272.243
4779,18859623.6021
4780,18865975.1003
4781,18872326.7369
4782,18878678.5112
4783,18885030.4228
4784,18891382.4709
4785,18897734.6548
4786,18904086.9741
4787,18910439.4281
4788,18916792.016
4789,18923144.7374
4790,18929497.5915
4791,18935850.5778
4792,18942203.6957
4793,18948556.9444
4794,18954910.3234
4795,18961263.832
4796,18967617.4697
4797,18973971.2357
4798,18980325.1295
4799,18986679.1505
4800,18993033.2979
4801,18999387.5713
4802,19005741.9699
4803,19012096.4931
4804,19018451.1403
4805,19024805.9109
4806,19031160.8042
4807,19037515.8197
4808,19043870.9566
4809,19050226.2144
4810,19056581.5925
4811,19062937.0902
4812,19069292.7068
4813,19075648.4418
4814,19082004.2946
4815,19088360.2644
4816,19094716.3507
4817,19101072.5529
4818,19107428.8703
4819,19113785.3023
4820,19120141.8482
4821,19126498.5075
4822,19132855.2795
4823,19139212.1636
4824,19145569.1591
4825,19151926.2655
4826,19158283.482
4827,19164640.8082
4828,19170998.2433
4829,19177355.7867
4830,19183713.4378
4831,19190071.196
4832,19196429.0606
4833,19202787.0311
4834,19209145.1067
4835,19215503.2868
4836,19221861.5709
4837,19228219.9583
4838,19234578.4484
4839,19240937.0405
4840,19247295.7341
4841,19253654.5284
4842,19260013.4229
4843,19266372.417
4844,19272731.5099
4845,19279090.7011
4846,19285449.99
4847,19291809.3759
4848,19298168.8583
4849,19304528.4363
4850,19310888.1096
4851,19317247.8773
4852,19323607.739
4853,19329967.6938
4854,19336327.7414
4855,19342687.8809
4856,19349048.1118
4857,19355408.4335
4858,19361768.8453
4859,19368129.3466
4860,19374489.9368
4861,19380850.6152
4862,19387211.3812
4863,19393572.2342
4864,19399933.1735
4865,19406294.1986
4866,19412655.3088
4867,19419016.5035
4868,19425377.782
4869,19431739.1438
4870,19438100.5881
4871,19444462.1144
4872,19450823.722
4873,19457185.4104
4874,19463547.1788
4875,19469909.0266
4876,19476270.9533
4877,19482632.9582
4878,19488995.0407
4879,19495357.2001
4880,19501719.4358
4881,19508081.7473
4882,19514444.1337
4883,19520806.5946
4884,19527169.1293
4885,19533531.7372
4886,19539894.4176
4887,19546257.17
4888,19552619.9936
4889,19558982.8879
4890,19565345.8523
4891,19571708.886
4892,19578071.9885
4893,19584435.1592
4894,19590798.3974
4895,19597161.7025
4896,19603525.0739
4897,19609888.5109
4898,19616252.0129
4899,19622615.5793
4900,19628979.2095
4901,19635342.9028
4902,19641706.6586
4903,19648070.4763
4904,19654434.3552
4905,19660798.2947
4906,19667162.2943
4907,19673526.3531
4908,19679890.4708
4909,19686254.6465
4910,19692618.8797
4911,19698983.1697
4912,19705347.516
4913,19711711.9179
4914,19718076.3747
4915,19724440.8859
4916,19730805.4507
4917,19737170.0687
4918,19743534.7391
4919,19749899.4613
4920,19756264.2348
4921,19762629.0588
4922,19768993.9327
4923,19775358.856
4924,19781723.8279
4925,19788088.8479
4926,19794453.9154
4927,19800819.0296
4928,19807184.19
4929,19813549.3959
4930,19819914.6468
4931,19826279.942
4932,19832645.2808
4933,19839010.6626
4934,19845376.0869
4935,19851741.5529
4936,19858107.0601
4937,19864472.6078
4938,19870838.1953
4939,19877203.8222
4940,19883569.4877
4941,19889935.1912
4942,19896300.932
4943,19902666.7096
4944,19909032.5234
4945,19915398.3726
4946,19921764.2567
4947,19928130.1751
4948,19934496.127
4949,19940862.112
4950,19947228.1292
4951,19953594.1783
4952,19959960.2584
4953,19966326.3689
4954,19972692.5094
4955,19979058.679
4956,19985424.8772
4957,19991791.1034
4958,19998157.3569
4959,20004523.6371
4960,20010889.9434
4961,20017256.2751
4962,20023622.6316
4963,20029989.0123
4964,20036355.4166
4965,20042721.8438
4966,20049088.2934
4967,20055454.7645
4968,20061821.2568
4969,20068187.7694
4970,20074554.3019
4971,20080920.8535
4972,20087287.4236
4973,20093654.0117
4974,20100020.617
4975,20106387.2389
4976,20112753.8769
4977,20119120.5303
4978,20125487.1984
4979,20131853.8807
4980,20138220.5765
4981,20144587.2852
4982,20150954.0061
4983,20157320.7386
4984,20163687.4822
4985,20170054.2361
4986,20176420.9997
4987,20182787.7725
4988,20189154.5537
4989,20195521.3428
4990,20201888.1391
4991,20208254.942
4992,20214621.7508
4993,20220988.5651
4994,20227355.384
4995,20233722.207
4996,20240089.0335
4997,20246455.8627
4998,20252822.6942
4999,20259189.5273
5000,20265556.3613
5001,20271923.1956
5002,20278290.0296
5003,20284656.8627
5004,20291023.6942
5005,20297390.5235
5006,20303757.3499
5007,20310124.1729
5008,20316490.9919
5009,20322857.8061
5010,20329224.6149
5011,20335591.4178
5012,20341958.2141
5013,20348325.0032
5014,20354691.7845
5015,20361058.5572
5016,20367425.3208
5017,20373792.0747
5018,20380158.8183
5019,20386525.5508
5020,20392892.2717
5021,20399258.9804
5022,20405625.6762
5023,20411992.3585
5024,20418359.0266
5025,20424725.68
5026,20431092.318
5027,20437458.9399
5028,20443825.5453
5029,20450192.1333
5030,20456558.7034
5031,20462925.255
5032,20469291.7875
5033,20475658.3001
5034,20482024.7924
5035,20488391.2636
5036,20494757.7131
5037,20501124.1403
5038,20507490.5446
5039,20513856.9253
5040,20520223.2818
5041,20526589.6135
5042,20532955.9198
5043,20539322.2
5044,20545688.4535
5045,20552054.6797
5046,20558420.8779
5047,20564787.0475
5048,20571153.188
5049,20577519.2985
5050,20583885.3787
5051,20590251.4277
5052,20596617.445
5053,20602983.4299
5054,20609349.3818
5055,20615715.3002
5056,20622081.1843
5057,20628447.0335
5058,20634812.8473
5059,20641178.6249
5060,20647544.3658
5061,20653910.0692
5062,20660275.7347
5063,20666641.3616
5064,20673006.9492
5065,20679372.4968
5066,20685738.004
5067,20692103.47
5068,20698468.8943
5069,20704834.2761
5070,20711199.615
5071,20717564.9101
5072,20723930.161
5073,20730295.3669
5074,20736660.5273
5075,20743025.6415
5076,20749390.709
5077,20755755.729
5078,20762120.7009
5079,20768485.6242
5080,20774850.4981
5081,20781215.3221
5082,20787580.0956
5083,20793944.8178
5084,20800309.4882
5085,20806674.1062
5086,20813038.671
5087,20819403.1822
5088,20825767.639
5089,20832132.0409
5090,20838496.3872
5091,20844860.6772
5092,20851224.9104
5093,20857589.0862
5094,20863953.2038
5095,20870317.2627
5096,20876681.2622
5097,20883045.2017
5098,20889409.0806
5099,20895772.8983
5100,20902136.6541
5101,20908500.3474
5102,20914863.9776
5103,20921227.544
5104,20927591.046
5105,20933954.483
5106,20940317.8544
5107,20946681.1595
5108,20953044.3977
5109,20959407.5684
5110,20965770.6709
5111,20972133.7046
5112,20978496.669
5113,20984859.5633
5114,20991222.3869
5115,20997585.1393
5116,21003947.8197
5117,21010310.4276
5118,21016672.9623
5119,21023035.4232
5120,21029397.8097
5121,21035760.1211
5122,21042122.3568
5123,21048484.5162
5124,21054846.5987
5125,21061208.6036
5126,21067570.5303
5127,21073932.3781
5128,21080294.1466
5129,21086655.8349
5130,21093017.4425
5131,21099378.9688
5132,21105740.4132
5133,21112101.7749
5134,21118463.0534
5135,21124824.2481
5136,21131185.3583
5137,21137546.3834
5138,21143907.3227
5139,21150268.1757
5140,21156628.9417
5141,21162989.6201
5142,21169350.2103
5143,21175710.7116
5144,21182071.1234
5145,21188431.4451
5146,21194791.676
5147,21201151.8155
5148,21207511.8631
5149,21213871.818
5150,21220231.6796
5151,21226591.4473
5152,21232951.1206
5153,21239310.6987
5154,21245670.181
5155,21252029.5669
5156,21258388.8558
5157,21264748.047
5158,21271107.14
5159,21277466.134
5160,21283825.0285
5161,21290183.8228
5162,21296542.5164
5163,21302901.1085
5164,21309259.5986
5165,21315617.986
5166,21321976.2701
5167,21328334.4502
5168,21334692.5259
5169,21341050.4963
5170,21347408.3609
5171,21353766.1191
5172,21360123.7702
5173,21366481.3136
5174,21372838.7487
5175,21379196.0749
5176,21385553.2914
5177,21391910.3978
5178,21398267.3933
5179,21404624.2774
5180,21410981.0494
5181,21417337.7087
5182,21423694.2547
5183,21430050.6866
5184,21436407.004
5185,21442763.2062
5186,21449119.2925
5187,21455475.2623
5188,21461831.1151
5189,21468186.8501
5190,21474542.4667
5191,21480897.9644
5192,21487253.3425
5193,21493608.6003
5194,21499963.7372
5195,21506318.7527
5196,21512673.646
5197,21519028.4166
5198,21525383.0638
5199,21531737.5871
5200,21538091.9856
5201,21544446.259
5202,21550800.4064
5203,21557154.4274
5204,21563508.3212
5205,21569862.0872
5206,21576215.7249
5207,21582569.2335
5208,21588922.6125
5209,21595275.8612
5210,21601628.9791
5211,21607981.9654
5212,21614334.8195
5213,21620687.5409
5214,21627040.1289
5215,21633392.5828
5216,21639744.9021
5217,21646097.0861
5218,21652449.1341
5219,21658801.0457
5220,21665152.82
5221,21671504.4566
5222,21677855.9548
5223,21684207.3139
5224,21690558.5333
5225,21696909.6125
5226,21703260.5507
5227,21709611.3473
5228,21715962.0018
5229,21722312.5135
5230,21728662.8817
5231,21735013.1059
5232,21741363.1854
5233,21747713.1196
5234,21754062.9078
5235,21760412.5495
5236,21766762.044
5237,21773111.3907
5238,21779460.5889
5239,21785809.638
5240,21792158.5375
5241,21798507.2866
5242,21804855.8848
5243,21811204.3313
5244,21817552.6257
5245,21823900.7673
5246,21830248.7554
5247,21836596.5894
5248,21842944.2687
5249,21849291.7927
5250,21855639.1607
5251,21861986.3721
5252,21868333.4263
5253,21874680.3226
5254,21881027.0605
5255,21887373.6393
5256,21893720.0584
5257,21900066.3171
5258,21906412.4149
5259,21912758.351
5260,21919104.1249
5261,21925449.736
5262,21931795.1836
5263,21938140.4671
5264,21944485.5859
5265,21950830.5393
5266,21957175.3267
5267,21963519.9475
5268,21969864.4011
5269,21976208.6868
5270,21982552.8041
5271,21988896.7522
5272,21995240.5306
5273,22001584.1386
5274,22007927.5756
5275,22014270.841
5276,22020613.9342
5277,22026956.8545
5278,22033299.6013
5279,22039642.174
5280,22045984.5719
5281,22052326.7945
5282,22058668.841
5283,22065010.711
5284,22071352.4037
5285,22077693.9185
5286,22084035.2548
5287,22090376.412
5288,22096717.3894
5289,22103058.1865
5290,22109398.8026
5291,22115739.237
5292,22122079.4892
5293,22128419.5585
5294,22134759.4442
5295,22141099.1459
5296,22147438.6628
5297,22153777.9943
5298,22160117.1398
5299,22166456.0987
5300,22172794.8703
5301,22179133.454
5302,22185471.8492
5303,22191810.0553
5304,22198148.0716
5305,22204485.8976
5306,22210823.5325
5307,22217160.9758
5308,22223498.2268
5309,22229835.2849
5310,22236172.1495
5311,22242508.82
5312,22248845.2957
5313,22255181.5761
5314,22261517.6604
5315,22267853.548
5316,22274189.2384
5317,22280524.731
5318,22286860.0249
5319,22293195.1198
5320,22299530.0149
5321,22305864.7096
5322,22312199.2033
5323,22318533.4953
5324,22324867.5851
5325,22331201.472
5326,22337535.1554
5327,22343868.6346
5328,22350201.9091
5329,22356534.9781
5330,22362867.8412
5331,22369200.4976
5332,22375532.9468
5333,22381865.188
5334,22388197.2208
5335,22394529.0444
5336,22400860.6582
5337,22407192.0616
5338,22413523.2541
5339,22419854.2349
5340,22426185.0034
5341,22432515.559
5342,22438845.9012
5343,22445176.0292
5344,22451505.9424
5345,22457835.6402
5346,22464165.1221
5347,22470494.3873
5348,22476823.4352
5349,22483152.2652
5350,22489480.8768
5351,22495809.2692
5352,22502137.4418
5353,22508465.3941
5354,22514793.1253
5355,22521120.6349
5356,22527447.9223
5357,22533774.9868
5358,22540101.8278
5359,22546428.4446
5360,22552754.8367
5361,22559081.0034
5362,22565406.9441
5363,22571732.6582
5364,22578058.1451
5365,22584383.404
5366,22590708.4345
5367,22597033.2358
5368,22603357.8074
5369,22609682.1486
5370,22616006.2588
5371,22622330.1374
5372,22628653.7838
5373,22634977.1973
5374,22641300.3773
5375,22647623.3232
5376,22653946.0343
5377,22660268.5101
5378,22666590.7499
5379,22672912.7531
5380,22679234.519
5381,22685556.0471
5382,22691877.3367
5383,22698198.3872
5384,22704519.198
5385,22710839.7684
5386,22717160.0979
5387,22723480.1857
5388,22729800.0313
5389,22736119.6341
5390,22742438.9934
5391,22748758.1086
5392,22755076.979
5393,22761395.6042
5394,22767713.9834
5395,22774032.1159
5396,22780350.0013
5397,22786667.6388
5398,22792985.0279
5399,22799302.1679
5400,22805619.0582
5401,22811935.6981
5402,22818252.0871
5403,22824568.2246
5404,22830884.1098
5405,22837199.7422
5406,22843515.1211
5407,22849830.246
5408,22856145.1162
5409,22862459.7311
5410,22868774.09
5411,22875088.1924
5412,22881402.0376
5413,22887715.625
5414,22894028.9539
5415,22900342.0238
5416,22906654.834
5417,22912967.384
5418,22919279.673
5419,22925591.7004
5420,22931903.4657
5421,22938214.9682
5422,22944526.2073
5423,22950837.1823
5424,22957147.8927
5425,22963458.3378
5426,22969768.517
5427,22976078.4297
5428,22982388.0752
5429,22988697.4529
5430,22995006.5623
5431,23001315.4026
5432,23007623.9733
5433,23013932.2738
5434,23020240.3033
5435,23026548.0613
5436,23032855.5472
5437,23039162.7604
5438,23045469.7002
5439,23051776.366
5440,23058082.7571
5441,23064388.873
5442,23070694.7131
5443,23077000.2767
5444,23083305.5631
5445,23089610.5718
5446,23095915.3022
5447,23102219.7536
5448,23108523.9254
5449,23114827.817
5450,23121131.4277
5451,23127434.757
5452,23133737.8042
5453,23140040.5687
5454,23146343.0499
5455,23152645.2471
5456,23158947.1597
5457,23165248.7871
5458,23171550.1288
5459,23177851.1839
5460,23184151.9521
5461,23190452.4325
5462,23196752.6246
5463,23203052.5278
5464,23209352.1415
5465,23215651.465
5466,23221950.4977
5467,23228249.239
5468,23234547.6883
5469,23240845.8449
5470,23247143.7082
5471,23253441.2776
5472,23259738.5525
5473,23266035.5323
5474,23272332.2163
5475,23278628.6039
5476,23284924.6945
5477,23291220.4875
5478,23297515.9823
5479,23303811.1781
5480,23310106.0745
5481,23316400.6708
5482,23322694.9664
5483,23328988.9605
5484,23335282.6528
5485,23341576.0424
5486,23347869.1288
5487,23354161.9114
5488,23360454.3895
5489,23366746.5625
5490,23373038.4298
5491,23379329.9908
5492,23385621.2449
5493,23391912.1914
5494,23398202.8298
5495,23404493.1593
5496,23410783.1794
5497,23417072.8894
5498,23423362.2888
5499,23429651.3769
5500,23435940.1531
5501,23442228.6168
5502,23448516.7673
5503,23454804.604
5504,23461092.1264
5505,23467379.3337
5506,23473666.2254
5507,23479952.8009
5508,23486239.0595
5509,23492525.0006
5510,23498810.6236
5511,23505095.9279
5512,23511380.9128
5513,23517665.5777
5514,23523949.9221
5515,23530233.9452
5516,23536517.6465
5517,23542801.0254
5518,23549084.0811
5519,23555366.8132
5520,23561649.221
5521,23567931.3038
5522,23574213.0611
5523,23580494.4923
5524,23586775.5966
5525,23593056.3735
5526,23599336.8224
5527,23605616.9426
5528,23611896.7336
5529,23618176.1946
5530,23624455.3252
5531,23630734.1246
5532,23637012.5923
5533,23643290.7276
5534,23649568.53
5535,23655845.9987
5536,23662123.1332
5537,23668399.9328
5538,23674676.397
5539,23680952.5251
5540,23687228.3165
5541,23693503.7705
5542,23699778.8867
5543,23706053.6642
5544,23712328.1026
5545,23718602.2012
5546,23724875.9593
5547,23731149.3765
5548,23737422.4519
5549,23743695.1851
5550,23749967.5754
5551,23756239.6222
5552,23762511.3248
5553,23768782.6827
5554,23775053.6952
5555,23781324.3617
5556,23787594.6817
5557,23793864.6544
5558,23800134.2792
5559,23806403.5556
5560,23812672.4829
5561,23818941.0605
5562,23825209.2877
5563,23831477.1641
5564,23837744.6888
5565,23844011.8614
5566,23850278.6813
5567,23856545.1476
5568,23862811.26
5569,23869077.0177
5570,23875342.4202
5571,23881607.4667
5572,23887872.1568
5573,23894136.4897
5574,23900400.4649
5575,23906664.0817
5576,23912927.3396
5577,23919190.2378
5578,23925452.7759
5579,23931714.9531
5580,23937976.7688
5581,23944238.2225
5582,23950499.3136
5583,23956760.0413
5584,23963020.4051
5585,23969280.4043
5586,23975540.0384
5587,23981799.3067
5588,23988058.2087
5589,23994316.7436
5590,24000574.9109
5591,24006832.7099
5592,24013090.1401
5593,24019347.2009
5594,24025603.8915
5595,24031860.2114
5596,24038116.16
5597,24044371.7366
5598,24050626.9406
5599,24056881.7715
5600,24063136.2286
5601,24069390.3113
5602,24075644.0189
5603,24081897.3509
5604,24088150.3066
5605,24094402.8854
5606,24100655.0867
5607,24106906.9099
5608,24113158.3544
5609,24119409.4195
5610,24125660.1046
5611,24131910.4092
5612,24138160.3325
5613,24144409.8741
5614,24150659.0332
5615,24156907.8092
5616,24163156.2016
5617,24169404.2097
5618,24175651.8328
5619,24181899.0705
5620,24188145.922
5621,24194392.3868
5622,24200638.4642
5623,24206884.1536
5624,24213129.4544
5625,24219374.366
5626,24225618.8878
5627,24231863.0191
5628,24238106.7594
5629,24244350.1079
5630,24250593.0642
5631,24256835.6276
5632,24263077.7974
5633,24269319.573
5634,24275560.954
5635,24281801.9395
5636,24288042.529
5637,24294282.722
5638,24300522.5177
5639,24306761.9155
5640,24313000.9149
5641,24319239.5153
5642,24325477.7159
5643,24331715.5163
5644,24337952.9157
5645,24344189.9136
5646,24350426.5093
5647,24356662.7023
5648,24362898.4919
5649,24369133.8775
5650,24375368.8585
5651,24381603.4342
5652,24387837.6041
5653,24394071.3676
5654,24400304.724
5655,24406537.6727
5656,24412770.213
5657,24419002.3445
5658,24425234.0665
5659,24431465.3783
5660,24437696.2793
5661,24443926.769
5662,24450156.8466
5663,24456386.5117
5664,24462615.7635
5665,24468844.6015
5666,24475073.0251
5667,24481301.0335
5668,24487528.6263
5669,24493755.8028
5670,24499982.5624
5671,24506208.9045
5672,24512434.8285
5673,24518660.3336
5674,24524885.4195
5675,24531110.0853
5676,24537334.3305
5677,24543558.1546
5678,24549781.5568
5679,24556004.5366
5680,24562227.0933
5681,24568449.2263
5682,24574670.9351
5683,24580892.219
5684,24587113.0774
5685,24593333.5096
5686,24599553.5152
5687,24605773.0933
5688,24611992.2435
5689,24618210.9652
5690,24624429.2576
5691,24630647.1203
5692,24636864.5525
5693,24643081.5537
5694,24649298.1232
5695,24655514.2605
5696,24661729.9649
5697,24667945.2359
5698,24674160.0727
5699,24680374.4748
5700,24686588.4417
5701,24692801.9725
5702,24699015.0668
5703,24705227.724
5704,24711439.9434
5705,24717651.7244
5706,24723863.0663
5707,24730073.9687
5708,24736284.4309
5709,24742494.4522
5710,24748704.032
5711,24754913.1698
5712,24761121.8649
5713,24767330.1167
5714,24773537.9246
5715,24779745.288
5716,24785952.2063
5717,24792158.6788
5718,24798364.705
5719,24804570.2842
5720,24810775.4158
5721,24816980.0992
5722,24823184.3338
5723,24829388.1191
5724,24835591.4542
5725,24841794.3388
5726,24847996.7721
5727,24854198.7535
5728,24860400.2824
5729,24866601.3583
5730,24872801.9805
5731,24879002.1483
5732,24885201.8612
5733,24891401.1186
5734,24897599.9199
5735,24903798.2644
5736,24909996.1515
5737,24916193.5806
5738,24922390.5511
5739,24928587.0625
5740,24934783.114
5741,24940978.7051
5742,24947173.8351
5743,24953368.5035
5744,24959562.7097
5745,24965756.4529
5746,24971949.7327
5747,24978142.5484
5748,24984334.8994
5749,24990526.785
5750,24996718.2048
5751,25002909.158
5752,25009099.644
5753,25015289.6623
5754,25021479.2122
5755,25027668.2931
5756,25033856.9044
5757,25040045.0456
5758,25046232.7159
5759,25052419.9148
5760,25058606.6416
5761,25064792.8958
5762,25070978.6768
5763,25077163.9839
5764,25083348.8165
5765,25089533.174
5766,25095717.0558
5767,25101900.4613
5768,25108083.3899
5769,25114265.841
5770,25120447.8139
5771,25126629.3081
5772,25132810.3229
5773,25138990.8577
5774,25145170.912
5775,25151350.4851
5776,25157529.5764
5777,25163708.1853
5778,25169886.3111
5779,25176063.9533
5780,25182241.1113
5781,25188417.7845
5782,25194593.9722
5783,25200769.6738
5784,25206944.8888
5785,25213119.6164
5786,25219293.8562
5787,25225467.6075
5788,25231640.8697
5789,25237813.6421
5790,25243985.9242
5791,25250157.7154
5792,25256329.015
5793,25262499.8225
5794,25268670.1372
5795,25274839.9585
5796,25281009.2859
5797,25287178.1186
5798,25293346.4562
5799,25299514.2979
5800,25305681.6432
5801,25311848.4915
5802,25318014.8422
5803,25324180.6946
5804,25330346.0482
5805,25336510.9023
5806,25342675.2563
5807,25348839.1097
5808,25355002.4617
5809,25361165.3119
5810,25367327.6596
5811,25373489.5042
5812,25379650.845
5813,25385811.6815
5814,25391972.0131
5815,25398131.8392
5816,25404291.1591
5817,25410449.9722
5818,25416608.278
5819,25422766.0758
5820,25428923.365
5821,25435080.1451
5822,25441236.4153
5823,25447392.1751
5824,25453547.424
5825,25459702.1612
5826,25465856.3862
5827,25472010.0983
5828,25478163.297
5829,25484315.9817
5830,25490468.1517
5831,25496619.8065
5832,25502770.9453
5833,25508921.5678
5834,25515071.6731
5835,25521221.2607
5836,25527370.3301
5837,25533518.8805
5838,25539666.9114
5839,25545814.4223
5840,25551961.4124
5841,25558107.8811
5842,25564253.8279
5843,25570399.2522
5844,25576544.1534
5845,25582688.5308
5846,25588832.3838
5847,25594975.7118
5848,25601118.5143
5849,25607260.7906
5850,25613402.5402
5851,25619543.7623
5852,25625684.4564
5853,25631824.6219
5854,25637964.2583
5855,25644103.3648
5856,25650241.9408
5857,25656379.9859
5858,25662517.4993
5859,25668654.4805
5860,25674790.9288
5861,25680926.8437
5862,25687062.2246
5863,25693197.0707
5864,25699331.3817
5865,25705465.1567
5866,25711598.3953
5867,25717731.0967
5868,25723863.2605
5869,25729994.886
5870,25736125.9727
5871,25742256.5198
5872,25748386.5268
5873,25754515.9931
5874,25760644.918
5875,25766773.3011
5876,25772901.1416
5877,25779028.439
5878,25785155.1927
5879,25791281.402
5880,25797407.0664
5881,25803532.1852
5882,25809656.7579
5883,25815780.7838
5884,25821904.2624
5885,25828027.1929
5886,25834149.575
5887,25840271.4078
5888,25846392.6909
5889,25852513.4236
5890,25858633.6053
5891,25864753.2354
5892,25870872.3133
5893,25876990.8384
5894,25883108.8101
5895,25889226.2279
5896,25895343.091
5897,25901459.3989
5898,25907575.1509
5899,25913690.3466
5900,25919804.9852
5901,25925919.0662
5902,25932032.589
5903,25938145.553
5904,25944257.9575
5905,25950369.8019
5906,25956481.0858
5907,25962591.8083
5908,25968701.9691
5909,25974811.5674
5910,25980920.6026
5911,25987029.0742
5912,25993136.9815
5913,25999244.3239
5914,26005351.1009
5915,26011457.3118
5916,26017562.9561
5917,26023668.033
5918,26029772.5421
5919,26035876.4828
5920,26041979.8543
5921,26048082.6562
5922,26054184.8877
5923,26060286.5484
5924,26066387.6376
5925,26072488.1547
5926,26078588.0992
5927,26084687.4703
5928,26090786.2675
5929,26096884.4902
5930,26102982.1379
5931,26109079.2098
5932,26115175.7054
5933,26121271.6242
5934,26127366.9654
5935,26133461.7285
5936,26139555.9129
5937,26145649.518
5938,26151742.5431
5939,26157834.9878
5940,26163926.8513
5941,26170018.1332
5942,26176108.8327
5943,26182198.9493
5944,26188288.4824
5945,26194377.4313
5946,26200465.7956
5947,26206553.5745
5948,26212640.7675
5949,26218727.374
5950,26224813.3933
5951,26230898.825
5952,26236983.6683
5953,26243067.9226
5954,26249151.5875
5955,26255234.6622
5956,26261317.1462
5957,26267399.0389
5958,26273480.3397
5959,26279561.0479
5960,26285641.163
5961,26291720.6844
5962,26297799.6115
5963,26303877.9436
5964,26309955.6802
5965,26316032.8207
5966,26322109.3644
5967,26328185.3109
5968,26334260.6594
5969,26340335.4093
5970,26346409.5602
5971,26352483.1113
5972,26358556.0622
5973,26364628.4121
5974,26370700.1604
5975,26376771.3067
5976,26382841.8502
5977,26388911.7905
5978,26394981.1268
5979,26401049.8586
5980,26407117.9852
5981,26413185.5062
5982,26419252.4209
5983,26425318.7286
5984,26431384.4288
5985,26437449.521
5986,26443514.0044
5987,26449577.8785
5988,26455641.1427
5989,26461703.7964
5990,26467765.8391
5991,26473827.27
5992,26479888.0886
5993,26485948.2943
5994,26492007.8866
5995,26498066.8647
5996,26504125.2282
5997,26510182.9764
5998,26516240.1087
5999,26522296.6245
6000,26528352.5232
6001,26534407.8043
6002,26540462.4671
6003,26546516.511
6004,26552569.9355
6005,26558622.7399
6006,26564674.9236
6007,26570726.4861
6008,26576777.4267
6009,26582827.7448
6010,26588877.4399
6011,26594926.5114
6012,26600974.9586
6013,26607022.781
6014,26613069.9779
6015,26619116.5488
6016,26625162.4931
6017,26631207.8101
6018,26637252.4993
6019,26643296.5601
6020,26649339.9919
6021,26655382.794
6022,26661424.966
6023,26667466.5071
6024,26673507.4169
6025,26679547.6946
6026,26685587.3398
6027,26691626.3517
6028,26697664.7299
6029,26703702.4737
6030,26709739.5825
6031,26715776.0557
6032,26721811.8928
6033,26727847.0931
6034,26733881.656
6035,26739915.581
6036,26745948.8674
6037,26751981.5147
6038,26758013.5222
6039,26764044.8894
6040,26770075.6157
6041,26776105.7005
6042,26782135.1431
6043,26788163.943
6044,26794192.0996
6045,26800219.6123
6046,26806246.4804
6047,26812272.7035
6048,26818298.2809
6049,26824323.212
6050,26830347.4962
6051,26836371.133
6052,26842394.1217
6053,26848416.4617
6054,26854438.1524
6055,26860459.1933
6056,26866479.5838
6057,26872499.3232
6058,26878518.411
6059,26884536.8465
6060,26890554.6293
6061,26896571.7586
6062,26902588.2339
6063,26908604.0546
6064,26914619.2201
6065,26920633.7298
6066,26926647.5831
6067,26932660.7795
6068,26938673.3183
6069,26944685.1989
6070,26950696.4207
6071,26956706.9832
6072,26962716.8858
6073,26968726.1278
6074,26974734.7087
6075,26980742.6279
6076,26986749.8848
6077,26992756.4787
6078,26998762.4092
6079,27004767.6755
6080,27010772.2772
6081,27016776.2136
6082,27022779.4841
6083,27028782.0881
6084,27034784.0251
6085,27040785.2945
6086,27046785.8956
6087,27052785.8279
6088,27058785.0907
6089,27064783.6836
6090,27070781.6058
6091,27076778.8568
6092,27082775.4361
6093,27088771.3429
6094,27094766.5768
6095,27100761.1371
6096,27106755.0232
6097,27112748.2346
6098,27118740.7707
6099,27124732.6308
6100,27130723.8144
6101,27136714.3209
6102,27142704.1497
6103,27148693.3002
6104,27154681.7718
6105,27160669.5639
6106,27166656.6759
6107,27172643.1073
6108,27178628.8574
6109,27184613.9257
6110,27190598.3116
6111,27196582.0144
6112,27202565.0336
6113,27208547.3687
6114,27214529.0189
6115,27220509.9837
6116,27226490.2626
6117,27232469.8549
6118,27238448.76
6119,27244426.9774
6120,27250404.5065
6121,27256381.3466
6122,27262357.4972
6123,27268332.9577
6124,27274307.7276
6125,27280281.8061
6126,27286255.1928
6127,27292227.887
6128,27298199.8881
6129,27304171.1956
6130,27310141.8089
6131,27316111.7274
6132,27322080.9504
6133,27328049.4775
6134,27334017.3079
6135,27339984.4412
6136,27345950.8768
6137,27351916.6139
6138,27357881.6522
6139,27363845.9909
6140,27369809.6294
6141,27375772.5673
6142,27381734.8039
6143,27387696.3386
6144,27393657.1708
6145,27399617.3
6146,27405576.7255
6147,27411535.4468
6148,27417493.4632
6149,27423450.7743
6150,27429407.3793
6151,27435363.2778
6152,27441318.469
6153,27447272.9525
6154,27453226.7277
6155,27459179.7939
6156,27465132.1506
6157,27471083.7972
6158,27477034.7331
6159,27482984.9577
6160,27488934.4704
6161,27494883.2707
6162,27500831.3579
6163,27506778.7314
6164,27512725.3908
6165,27518671.3353
6166,27524616.5645
6167,27530561.0776
6168,27536504.8742
6169,27542447.9537
6170,27548390.3153
6171,27554331.9587
6172,27560272.8832
6173,27566213.0881
6174,27572152.573
6175,27578091.3371
6176,27584029.3801
6177,27589966.7011
6178,27595903.2998
6179,27601839.1754
6180,27607774.3274
6181,27613708.7553
6182,27619642.4583
6183,27625575.436
6184,27631507.6878
6185,27637439.213
6186,27643370.0111
6187,27649300.0815
6188,27655229.4237
6189,27661158.0369
6190,27667085.9207
6191,27673013.0745
6192,27678939.4976
6193,27684865.1895
6194,27690790.1496
6195,27696714.3774
6196,27702637.8721
6197,27708560.6334
6198,27714482.6605
6199,27720403.9528
6200,27726324.5099
6201,27732244.3311
6202,27738163.4158
6203,27744081.7634
6204,27749999.3735
6205,27755916.2453
6206,27761832.3782
6207,27767747.7718
6208,27773662.4255
6209,27779576.3385
6210,27785489.5104
6211,27791401.9406
6212,27797313.6285
6213,27803224.5735
6214,27809134.775
6215,27815044.2325
6216,27820952.9453
6217,27826860.9129
6218,27832768.1347
6219,27838674.6101
6220,27844580.3385
6221,27850485.3194
6222,27856389.5521
6223,27862293.0362
6224,27868195.7709
6225,27874097.7557
6226,27879998.99
6227,27885899.4733
6228,27891799.205
6229,27897698.1845
6230,27903596.4111
6231,27909493.8844
6232,27915390.6037
6233,27921286.5685
6234,27927181.7781
6235,27933076.2321
6236,27938969.9297
6237,27944862.8705
6238,27950755.0538
6239,27956646.4791
6240,27962537.1458
6241,27968427.0533
6242,27974316.201
6243,27980204.5883
6244,27986092.2148
6245,27991979.0796
6246,27997865.1824
6247,28003750.5225
6248,28009635.0994
6249,28015518.9124
6250,28021401.961
6251,28027284.2446
6252,28033165.7626
6253,28039046.5144
6254,28044926.4995
6255,28050805.7172
6256,28056684.1671
6257,28062561.8484
6258,28068438.7607
6259,28074314.9034
6260,28080190.2758
6261,28086064.8775
6262,28091938.7077
6263,28097811.766
6264,28103684.0517
6265,28109555.5643
6266,28115426.3032
6267,28121296.2678
6268,28127165.4576
6269,28133033.8719
6270,28138901.5102
6271,28144768.3719
6272,28150634.4565
6273,28156499.7632
6274,28162364.2917
6275,28168228.0412
6276,28174091.0112
6277,28179953.2012
6278,28185814.6105
6279,28191675.2386
6280,28197535.0848
6281,28203394.1487
6282,28209252.4297
6283,28215109.9271
6284,28220966.6403
6285,28226822.5689
6286,28232677.7122
6287,28238532.0696
6288,28244385.6407
6289,28250238.4247
6290,28256090.4211
6291,28261941.6294
6292,28267792.0489
6293,28273641.6791
6294,28279490.5194
6295,28285338.5692
6296,28291185.828
6297,28297032.2952
6298,28302877.9702
6299,28308722.8524
6300,28314566.9412
6301,28320410.2361
6302,28326252.7365
6303,28332094.4418
6304,28337935.3514
6305,28343775.4648
6306,28349614.7814
6307,28355453.3006
6308,28361291.0218
6309,28367127.9445
6310,28372964.0681
6311,28378799.392
6312,28384633.9156
6313,28390467.6383
6314,28396300.5597
6315,28402132.679
6316,28407963.9958
6317,28413794.5094
6318,28419624.2193
6319,28425453.1249
6320,28431281.2256
6321,28437108.5208
6322,28442935.0101
6323,28448760.6927
6324,28454585.5682
6325,28460409.6359
6326,28466232.8953
6327,28472055.3458
6328,28477876.9868
6329,28483697.8178
6330,28489517.8382
6331,28495337.0473
6332,28501155.4447
6333,28506973.0298
6334,28512789.8019
6335,28518605.7605
6336,28524420.9051
6337,28530235.235
6338,28536048.7497
6339,28541861.4487
6340,28547673.3312
6341,28553484.3969
6342,28559294.645
6343,28565104.075
6344,28570912.6864
6345,28576720.4786
6346,28582527.4509
6347,28588333.6029
6348,28594138.934
6349,28599943.4435
6350,28605747.1309
6351,28611549.9957
6352,28617352.0372
6353,28623153.2549
6354,28628953.6482
6355,28634753.2166
6356,28640551.9595
6357,28646349.8762
6358,28652146.9663
6359,28657943.2291
6360,28663738.6641
6361,28669533.2708
6362,28675327.0484
6363,28681119.9966
6364,28686912.1146
6365,28692703.402
6366,28698493.8581
6367,28704283.4824
6368,28710072.2743
6369,28715860.2333
6370,28721647.3587
6371,28727433.65
6372,28733219.1066
6373,28739003.728
6374,28744787.5136
6375,28750570.4628
6376,28756352.5751
6377,28762133.8498
6378,28767914.2864
6379,28773693.8844
6380,28779472.6431
6381,28785250.562
6382,28791027.6406
6383,28796803.8782
6384,28802579.2742
6385,28808353.8282
6386,28814127.5395
6387,28819900.4076
6388,28825672.4319
6389,28831443.6119
6390,28837213.9469
6391,28842983.4364
6392,28848752.0798
6393,28854519.8765
6394,28860286.8261
6395,28866052.9279
6396,28871818.1813
6397,28877582.5858
6398,28883346.1408
6399,28889108.8458
6400,28894870.7001
6401,28900631.7033
6402,28906391.8547
6403,28912151.1537
6404,28917909.5998
6405,28923667.1925
6406,28929423.9312
6407,28935179.8152
6408,28940934.8441
6409,28946689.0172
6410,28952442.334
6411,28958194.7939
6412,28963946.3964
6413,28969697.1409
6414,28975447.0268
6415,28981196.0536
6416,28986944.2206
6417,28992691.5274
6418,28998437.9733
6419,29004183.5578
6420,29009928.2804
6421,29015672.1404
6422,29021415.1372
6423,29027157.2704
6424,29032898.5393
6425,29038638.9434
6426,29044378.4822
6427,29050117.155
6428,29055854.9612
6429,29061591.9004
6430,29067327.972
6431,29073063.1753
6432,29078797.5099
6433,29084530.9751
6434,29090263.5704
6435,29095995.2952
6436,29101726.149
6437,29107456.1312
6438,29113185.2412
6439,29118913.4785
6440,29124640.8425
6441,29130367.3326
6442,29136092.9482
6443,29141817.6889
6444,29147541.554
6445,29153264.543
6446,29158986.6553
6447,29164707.8903
6448,29170428.2475
6449,29176147.7264
6450,29181866.3262
6451,29187584.0466
6452,29193300.8869
6453,29199016.8465
6454,29204731.925
6455,29210446.1216
6456,29216159.436
6457,29221871.8674
6458,29227583.4154
6459,29233294.0793
6460,29239003.8586
6461,29244712.7529
6462,29250420.7613
6463,29256127.8835
6464,29261834.1189
6465,29267539.4669
6466,29273243.9269
6467,29278947.4983
6468,29284650.1807
6469,29290351.9734
6470,29296052.8759
6471,29301752.8876
6472,29307452.0079
6473,29313150.2364
6474,29318847.5724
6475,29324544.0153
6476,29330239.5647
6477,29335934.2199
6478,29341627.9804
6479,29347320.8456
6480,29353012.815
6481,29358703.888
6482,29364394.064
6483,29370083.3424
6484,29375771.7228
6485,29381459.2046
6486,29387145.7871
6487,29392831.4699
6488,29398516.2523
6489,29404200.1338
6490,29409883.1139
6491,29415565.192
6492,29421246.3675
6493,29426926.6398
6494,29432606.0085
6495,29438284.4729
6496,29443962.0325
6497,29449638.6867
6498,29455314.435
6499,29460989.2768
6500,29466663.2115
6501,29472336.2386
6502,29478008.3575
6503,29483679.5677
6504,29489349.8686
6505,29495019.2597
6506,29500687.7403
6507,29506355.3099
6508,29512021.968
6509,29517687.7141
6510,29523352.5474
6511,29529016.4676
6512,29534679.474
6513,29540341.566
6514,29546002.7432
6515,29551663.0049
6516,29557322.3507
6517,29562980.7798
6518,29568638.2919
6519,29574294.8862
6520,29579950.5623
6521,29585605.3197
6522,29591259.1576
6523,29596912.0757
6524,29602564.0733
6525,29608215.1499
6526,29613865.3048
6527,29619514.5377
6528,29625162.8478
6529,29630810.2347
6530,29636456.6977
6531,29642102.2364
6532,29647746.8502
6533,29653390.5385
6534,29659033.3007
6535,29664675.1363
6536,29670316.0448
6537,29675956.0256
6538,29681595.0781
6539,29687233.2018
6540,29692870.396
6541,29698506.6604
6542,29704141.9943
6543,29709776.3971
6544,29715409.8683
6545,29721042.4073
6546,29726674.0136
6547,29732304.6867
6548,29737934.4259
6549,29743563.2307
6550,29749191.1006
6551,29754818.035
6552,29760444.0333
6553,29766069.0951
6554,29771693.2196
6555,29777316.4065
6556,29782938.6551
6557,29788559.9648
6558,29794180.3352
6559,29799799.7657
6560,29805418.2556
6561,29811035.8045
6562,29816652.4118
6563,29822268.077
6564,29827882.7994
6565,29833496.5786
6566,29839109.414
6567,29844721.305
6568,29850332.2511
6569,29855942.2517
6570,29861551.3063
6571,29867159.4143
6572,29872766.5751
6573,29878372.7883
6574,29883978.0532
6575,29889582.3694
6576,29895185.7361
6577,29900788.153
6578,29906389.6194
6579,29911990.1349
6580,29917589.6987
6581,29923188.3105
6582,29928785.9695
6583,29934382.6754
6584,29939978.4275
6585,29945573.2252
6586,29951167.0681
6587,29956759.9556
6588,29962351.8871
6589,29967942.8621
6590,29973532.8799
6591,29979121.9402
6592,29984710.0422
6593,29990297.1856
6594,29995883.3696
6595,30001468.5938
6596,30007052.8576
6597,30012636.1605
6598,30018218.5018
6599,30023799.8812
6600,30029380.2979
6601,30034959.7515
6602,30040538.2414
6603,30046115.7671
6604,30051692.3279
6605,30057267.9234
6606,30062842.5531
6607,30068416.2162
6608,30073988.9124
6609,30079560.641
6610,30085131.4016
6611,30090701.1935
6612,30096270.0162
6613,30101837.8691
6614,30107404.7518
6615,30112970.6636
6616,30118535.604
6617,30124099.5725
6618,30129662.5685
6619,30135224.5914
6620,30140785.6408
6621,30146345.716
6622,30151904.8166
6623,30157462.9419
6624,30163020.0914
6625,30168576.2646
6626,30174131.4609
6627,30179685.6798
6628,30185238.9207
6629,30190791.1831
6630,30196342.4664
6631,30201892.7701
6632,30207442.0936
6633,30212990.4364
6634,30218537.798
6635,30224084.1777
6636,30229629.5751
6637,30235173.9896
6638,30240717.4206
6639,30246259.8677
6640,30251801.3302
6641,30257341.8076
6642,30262881.2993
6643,30268419.8049
6644,30273957.3237
6645,30279493.8553
6646,30285029.399
6647,30290563.9544
6648,30296097.5209
6649,30301630.0978
6650,30307161.6848
6651,30312692.2813
6652,30318221.8866
6653,30323750.5003
6654,30329278.1218
6655,30334804.7505
6656,30340330.386
6657,30345855.0276
6658,30351378.6749
6659,30356901.3273
6660,30362422.9841
6661,30367943.645
6662,30373463.3094
6663,30378981.9766
6664,30384499.6462
6665,30390016.3176
6666,30395531.9903
6667,30401046.6637
6668,30406560.3373
6669,30412073.0105
6670,30417584.6828
6671,30423095.3537
6672,30428605.0225
6673,30434113.6889
6674,30439621.3521
6675,30445128.0117
6676,30450633.6672
6677,30456138.3179
6678,30461641.9634
6679,30467144.6031
6680,30472646.2365
6681,30478146.863
6682,30483646.482
6683,30489145.0931
6684,30494642.6956
6685,30500139.2891
6686,30505634.873
6687,30511129.4468
6688,30516623.0099
6689,30522115.5618
6690,30527607.1019
6691,30533097.6297
6692,30538587.1446
6693,30544075.6462
6694,30549563.1338
6695,30555049.6069
6696,30560535.0651
6697,30566019.5076
6698,30571502.9341
6699,30576985.344
6700,30582466.7366
6701,30587947.1116
6702,30593426.4682
6703,30598904.8061
6704,30604382.1247
6705,30609858.4233
6706,30615333.7015
6707,30620807.9588
6708,30626281.1946
6709,30631753.4083
6710,30637224.5994
6711,30642694.7674
6712,30648163.9118
6713,30653632.0319
6714,30659099.1273
6715,30664565.1974
6716,30670030.2417
6717,30675494.2597
6718,30680957.2507
6719,30686419.2143
6720,30691880.1499
6721,30697340.057
6722,30702798.935
6723,30708256.7835
6724,30713713.6018
6725,30719169.3895
6726,30724624.1459
6727,30730077.8706
6728,30735530.563
6729,30740982.2226
6730,30746432.8488
6731,30751882.4411
6732,30757330.999
6733,30762778.5219
6734,30768225.0093
6735,30773670.4606
6736,30779114.8753
6737,30784558.253
6738,30790000.5929
6739,30795441.8947
6740,30800882.1577
6741,30806321.3815
6742,30811759.5654
6743,30817196.709
6744,30822632.8117
6745,30828067.873
6746,30833501.8924
6747,30838934.8692
6748,30844366.8031
6749,30849797.6933
6750,30855227.5395
6751,30860656.341
6752,30866084.0973
6753,30871510.808
6754,30876936.4724
6755,30882361.09
6756,30887784.6603
6757,30893207.1828
6758,30898628.6569
6759,30904049.082
6760,30909468.4578
6761,30914886.7835
6762,30920304.0587
6763,30925720.2828
6764,30931135.4554
6765,30936549.5758
6766,30941962.6436
6767,30947374.6581
6768,30952785.619
6769,30958195.5256
6770,30963604.3773
6771,30969012.1738
6772,30974418.9144
6773,30979824.5986
6774,30985229.2258
6775,30990632.7956
6776,30996035.3074
6777,31001436.7607
6778,31006837.1549
6779,31012236.4895
6780,31017634.764
6781,31023031.9779
6782,31028428.1305
6783,31033823.2214
6784,31039217.25
6785,31044610.2159
6786,31050002.1184
6787,31055392.9571
6788,31060782.7314
6789,31066171.4408
6790,31071559.0847
6791,31076945.6626
6792,31082331.1741
6793,31087715.6184
6794,31093098.9952
6795,31098481.3039
6796,31103862.544
6797,31109242.7149
6798,31114621.8161
6799,31119999.847
6800,31125376.8072
6801,31130752.6961
6802,31136127.5132
6803,31141501.2579
6804,31146873.9297
6805,31152245.5282
6806,31157616.0526
6807,31162985.5026
6808,31168353.8776
6809,31173721.1771
6810,31179087.4005
6811,31184452.5473
6812,31189816.617
6813,31195179.6091
6814,31200541.5229
6815,31205902.3581
6816,31211262.114
6817,31216620.7901
6818,31221978.3859
6819,31227334.901
6820,31232690.3346
6821,31238044.6864
6822,31243397.9558
6823,31248750.1422
6824,31254101.2452
6825,31259451.2642
6826,31264800.1986
6827,31270148.048
6828,31275494.8118
6829,31280840.4895
6830,31286185.0806
6831,31291528.5845
6832,31296871.0008
6833,31302212.3288
6834,31307552.5681
6835,31312891.7181
6836,31318229.7783
6837,31323566.7482
6838,31328902.6272
6839,31334237.4149
6840,31339571.1106
6841,31344903.714
6842,31350235.2243
6843,31355565.6412
6844,31360894.9641
6845,31366223.1925
6846,31371550.3258
6847,31376876.3635
6848,31382201.3051
6849,31387525.15
6850,31392847.8978
6851,31398169.548
6852,31403490.0999
6853,31408809.553
6854,31414127.9069
6855,31419445.1611
6856,31424761.3149
6857,31430076.3679
6858,31435390.3195
6859,31440703.1692
6860,31446014.9166
6861,31451325.5609
6862,31456635.1019
6863,31461943.5388
6864,31467250.8713
6865,31472557.0987
6866,31477862.2206
6867,31483166.2364
6868,31488469.1456
6869,31493770.9477
6870,31499071.6421
6871,31504371.2284
6872,31509669.706
6873,31514967.0743
6874,31520263.333
6875,31525558.4813
6876,31530852.5189
6877,31536145.4452
6878,31541437.2597
6879,31546727.9618
6880,31552017.551
6881,31557306.0269
6882,31562593.3888
6883,31567879.6363
6884,31573164.7689
6885,31578448.7859
6886,31583731.687
6887,31589013.4715
6888,31594294.139
6889,31599573.689
6890,31604852.1208
6891,31610129.434
6892,31615405.6282
6893,31620680.7026
6894,31625954.6569
6895,31631227.4905
6896,31636499.203
6897,31641769.7936
6898,31647039.2621
6899,31652307.6077
6900,31657574.8301
6901,31662840.9287
6902,31668105.9029
6903,31673369.7523
6904,31678632.4763
6905,31683894.0744
6906,31689154.5462
6907,31694413.891
6908,31699672.1083
6909,31704929.1977
6910,31710185.1587
6911,31715439.9906
6912,31720693.693
6913,31725946.2653
6914,31731197.7072
6915,31736448.0179
6916,31741697.197
6917,31746945.2441
6918,31752192.1585
6919,31757437.9398
6920,31762682.5874
6921,31767926.1008
6922,31773168.4795
6923,31778409.723
6924,31783649.8308
6925,31788888.8023
6926,31794126.6371
6927,31799363.3346
6928,31804598.8943
6929,31809833.3156
6930,31815066.5982
6931,31820298.7414
6932,31825529.7447
6933,31830759.6076
6934,31835988.3297
6935,31841215.9103
6936,31846442.349
6937,31851667.6452
6938,31856891.7985
6939,31862114.8084
6940,31867336.6742
6941,31872557.3955
6942,31877776.9718
6943,31882995.4026
6944,31888212.6873
6945,31893428.8254
6946,31898643.8165
6947,31903857.6599
6948,31909070.3553
6949,31914281.902
6950,31919492.2996
6951,31924701.5476
6952,31929909.6453
6953,31935116.5924
6954,31940322.3883
6955,31945527.0325
6956,31950730.5245
6957,31955932.8637
6958,31961134.0497
6959,31966334.0819
6960,31971532.9598
6961,31976730.683
6962,31981927.2508
6963,31987122.6629
6964,31992316.9186
6965,31997510.0175
6966,32002701.959
6967,32007892.7426
6968,32013082.3679
6969,32018270.8343
6970,32023458.1413
6971,32028644.2884
6972,32033829.275
6973,32039013.1007
6974,32044195.765
6975,32049377.2673
6976,32054557.6072
6977,32059736.784
6978,32064914.7974
6979,32070091.6468
6980,32075267.3316
6981,32080441.8514
6982,32085615.2057
6983,32090787.394
6984,32095958.4157
6985,32101128.2703
6986,32106296.9574
6987,32111464.4763
6988,32116630.8267
6989,32121796.0079
6990,32126960.0196
6991,32132122.8611
6992,32137284.532
6993,32142445.0317
6994,32147604.3598
6995,32152762.5158
6996,32157919.499
6997,32163075.3091
6998,32168229.9455
6999,32173383.4076
7000,32178535.6951
7001,32183686.8074
7002,32188836.7439
7003,32193985.5042
7004,32199133.0878
7005,32204279.4941
7006,32209424.7227
7007,32214568.773
7008,32219711.6446
7009,32224853.3368
7010,32229993.8493
7011,32235133.1815
7012,32240271.3328
7013,32245408.3029
7014,32250544.0912
7015,32255678.6971
7016,32260812.1202
7017,32265944.36
7018,32271075.416
7019,32276205.2876
7020,32281333.9743
7021,32286461.4757
7022,32291587.7912
7023,32296712.9204
7024,32301836.8626
7025,32306959.6175
7026,32312081.1845
7027,32317201.5631
7028,32322320.7529
7029,32327438.7532
7030,32332555.5636
7031,32337671.1836
7032,32342785.6126
7033,32347898.8503
7034,32353010.896
7035,32358121.7493
7036,32363231.4097
7037,32368339.8766
7038,32373447.1496
7039,32378553.2281
7040,32383658.1117
7041,32388761.7998
7042,32393864.2919
7043,32398965.5876
7044,32404065.6864
7045,32409164.5876
7046,32414262.2909
7047,32419358.7957
7048,32424454.1016
7049,32429548.2079
7050,32434641.1143
7051,32439732.8202
7052,32444823.3251
7053,32449912.6285
7054,32455000.7299
7055,32460087.6288
7056,32465173.3247
7057,32470257.8172
7058,32475341.1056
7059,32480423.1895
7060,32485504.0684
7061,32490583.7418
7062,32495662.2092
7063,32500739.4701
7064,32505815.524
7065,32510890.3704
7066,32515964.0088
7067,32521036.4386
7068,32526107.6595
7069,32531177.6708
7070,32536246.4721
7071,32541314.0629
7072,32546380.4427
7073,32551445.611
7074,32556509.5673
7075,32561572.3111
7076,32566633.8418
7077,32571694.159
7078,32576753.2623
7079,32581811.151
7080,32586867.8247
7081,32591923.2829
7082,32596977.5251
7083,32602030.5508
7084,32607082.3595
7085,32612132.9507
7086,32617182.3239
7087,32622230.4785
7088,32627277.4142
7089,32632323.1304
7090,32637367.6266
7091,32642410.9023
7092,32647452.9571
7093,32652493.7903
7094,32657533.4016
7095,32662571.7903
7096,32667608.9561
7097,32672644.8985
7098,32677679.6168
7099,32682713.1107
7100,32687745.3796
7101,32692776.4231
7102,32697806.2406
7103,32702834.8316
7104,32707862.1957
7105,32712888.3324
7106,32717913.2411
7107,32722936.9213
7108,32727959.3727
7109,32732980.5946
7110,32738000.5865
7111,32743019.3481
7112,32748036.8787
7113,32753053.178
7114,32758068.2453
7115,32763082.0802
7116,32768094.6822
7117,32773106.0509
7118,32778116.1856
7119,32783125.086
7120,32788132.7515
7121,32793139.1816
7122,32798144.3759
7123,32803148.3338
7124,32808151.0549
7125,32813152.5386
7126,32818152.7845
7127,32823151.792
7128,32828149.5608
7129,32833146.0902
7130,32838141.3798
7131,32843135.4291
7132,32848128.2376
7133,32853119.8048
7134,32858110.1303
7135,32863099.2135
7136,32868087.0539
7137,32873073.651
7138,32878059.0044
7139,32883043.1136
7140,32888025.978
7141,32893007.5972
7142,32897987.9707
7143,32902967.098
7144,32907944.9785
7145,32912921.6119
7146,32917896.9976
7147,32922871.1352
7148,32927844.0241
7149,32932815.6638
7150,32937786.0539
7151,32942755.1938
7152,32947723.0831
7153,32952689.7213
7154,32957655.1079
7155,32962619.2424
7156,32967582.1243
7157,32972543.7532
7158,32977504.1284
7159,32982463.2496
7160,32987421.1163
7161,32992377.728
7162,32997333.0841
7163,33002287.1842
7164,33007240.0278
7165,33012191.6144
7166,33017141.9436
7167,33022091.0148
7168,33027038.8275
7169,33031985.3813
7170,33036930.6757
7171,33041874.7101
7172,33046817.4841
7173,33051758.9973
7174,33056699.249
7175,33061638.2389
7176,33066575.9665
7177,33071512.4311
7178,33076447.6325
7179,33081381.5701
7180,33086314.2433
7181,33091245.6517
7182,33096175.7949
7183,33101104.6723
7184,33106032.2835
7185,33110958.6279
7186,33115883.7051
7187,33120807.5146
7188,33125730.0559
7189,33130651.3285
7190,33135571.3319
7191,33140490.0657
7192,33145407.5294
7193,33150323.7224
7194,33155238.6444
7195,33160152.2947
7196,33165064.673
7197,33169975.7787
7198,33174885.6113
7199,33179794.1704
7200,33184701.4556
7201,33189607.4662
7202,33194512.2018
7203,33199415.6619
7204,33204317.8462
7205,33209218.7539
7206,33214118.3848
7207,33219016.7382
7208,33223913.8138
7209,33228809.611
7210,33233704.1293
7211,33238597.3683
7212,33243489.3275
7213,33248380.0064
7214,33253269.4045
7215,33258157.5214
7216,33263044.3565
7217,33267929.9093
7218,33272814.1795
7219,33277697.1664
7220,33282578.8697
7221,33287459.2889
7222,33292338.4233
7223,33297216.2727
7224,33302092.8365
7225,33306968.1142
7226,33311842.1053
7227,33316714.8093
7228,33321586.2259
7229,33326456.3544
7230,33331325.1945
7231,33336192.7456
7232,33341059.0072
7233,33345923.9789
7234,33350787.6602
7235,33355650.0506
7236,33360511.1497
7237,33365370.9568
7238,33370229.4717
7239,33375086.6938
7240,33379942.6226
7241,33384797.2576
7242,33389650.5983
7243,33394502.6444
7244,33399353.3952
7245,33404202.8504
7246,33409051.0094
7247,33413897.8717
7248,33418743.437
7249,33423587.7046
7250,33428430.6742
7251,33433272.3453
7252,33438112.7173
7253,33442951.7898
7254,33447789.5623
7255,33452626.0344
7256,33457461.2055
7257,33462295.0752
7258,33467127.643
7259,33471958.9084
7260,33476788.871
7261,33481617.5303
7262,33486444.8858
7263,33491270.937
7264,33496095.6835
7265,33500919.1247
7266,33505741.2602
7267,33510562.0896
7268,33515381.6123
7269,33520199.8279
7270,33525016.7358
7271,33529832.3357
7272,33534646.627
7273,33539459.6093
7274,33544271.2821
7275,33549081.6449
7276,33553890.6973
7277,33558698.4387
7278,33563504.8687
7279,33568309.9869
7280,33573113.7926
7281,33577916.2856
7282,33582717.4653
7283,33587517.3312
7284,33592315.8828
7285,33597113.1197
7286,33601909.0414
7287,33606703.6475
7288,33611496.9374
7289,33616288.9107
7290,33621079.5669
7291,33625868.9056
7292,33630656.9262
7293,33635443.6283
7294,33640229.0115
7295,33645013.0752
7296,33649795.8189
7297,33654577.2423
7298,33659357.3448
7299,33664136.126
7300,33668913.5854
7301,33673689.7225
7302,33678464.5368
7303,33683238.0279
7304,33688010.1953
7305,33692781.0386
7306,33697550.5572
7307,33702318.7507
7308,33707085.6187
7309,33711851.1606
7310,33716615.3759
7311,33721378.2643
7312,33726139.8253
7313,33730900.0583
7314,33735658.9629
7315,33740416.5386
7316,33745172.785
7317,33749927.7017
7318,33754681.288
7319,33759433.5436
7320,33764184.468
7321,33768934.0607
7322,33773682.3212
7323,33778429.2491
7324,33783174.844
7325,33787919.1053
7326,33792662.0325
7327,33797403.6253
7328,33802143.8831
7329,33806882.8055
7330,33811620.392
7331,33816356.6422
7332,33821091.5555
7333,33825825.1315
7334,33830557.3697
7335,33835288.2697
7336,33840017.8311
7337,33844746.0532
7338,33849472.9357
7339,33854198.4782
7340,33858922.68
7341,33863645.5409
7342,33868367.0602
7343,33873087.2376
7344,33877806.0726
7345,33882523.5646
7346,33887239.7133
7347,33891954.5182
7348,33896667.9788
7349,33901380.0946
7350,33906090.8653
7351,33910800.2902
7352,33915508.369
7353,33920215.1012
7354,33924920.4863
7355,33929624.5238
7356,33934327.2134
7357,33939028.5545
7358,33943728.5466
7359,33948427.1894
7360,33953124.4823
7361,33957820.4248
7362,33962515.0166
7363,33967208.2571
7364,33971900.1459
7365,33976590.6826
7366,33981279.8666
7367,33985967.6975
7368,33990654.1748
7369,33995339.2981
7370,34000023.0669
7371,34004705.4808
7372,34009386.5392
7373,34014066.2418
7374,34018744.588
7375,34023421.5774
7376,34028097.2096
7377,34032771.484
7378,34037444.4003
7379,34042115.9579
7380,34046786.1564
7381,34051454.9954
7382,34056122.4743
7383,34060788.5927
7384,34065453.3502
7385,34070116.7463
7386,34074778.7805
7387,34079439.4523
7388,34084098.7614
7389,34088756.7073
7390,34093413.2894
7391,34098068.5073
7392,34102722.3607
7393,34107374.8489
7394,34112025.9716
7395,34116675.7283
7396,34121324.1185
7397,34125971.1419
7398,34130616.7978
7399,34135261.0859
7400,34139904.0057
7401,34144545.5567
7402,34149185.7385
7403,34153824.5507
7404,34158461.9927
7405,34163098.0642
7406,34167732.7646
7407,34172366.0935
7408,34176998.0504
7409,34181628.6349
7410,34186257.8466
7411,34190885.6849
7412,34195512.1494
7413,34200137.2397
7414,34204760.9553
7415,34209383.2957
7416,34214004.2606
7417,34218623.8493
7418,34223242.0615
7419,34227858.8968
7420,34232474.3546
7421,34237088.4346
7422,34241701.1361
7423,34246312.4589
7424,34250922.4025
7425,34255530.9663
7426,34260138.1499
7427,34264743.953
7428,34269348.3749
7429,34273951.4154
7430,34278553.0738
7431,34283153.3498
7432,34287752.243
7433,34292349.7527
7434,34296945.8787
7435,34301540.6205
7436,34306133.9775
7437,34310725.9494
7438,34315316.5356
7439,34319905.7358
7440,34324493.5495
7441,34329079.9762
7442,34333665.0155
7443,34338248.6669
7444,34342830.93
7445,34347411.8043
7446,34351991.2893
7447,34356569.3847
7448,34361146.09
7449,34365721.4046
7450,34370295.3283
7451,34374867.8604
7452,34379439.0006
7453,34384008.7484
7454,34388577.1034
7455,34393144.065
7456,34397709.6329
7457,34402273.8067
7458,34406836.5858
7459,34411397.9698
7460,34415957.9582
7461,34420516.5506
7462,34425073.7467
7463,34429629.5458
7464,34434183.9475
7465,34438736.9515
7466,34443288.5572
7467,34447838.7643
7468,34452387.5722
7469,34456934.9805
7470,34461480.9887
7471,34466025.5965
7472,34470568.8034
7473,34475110.6088
7474,34479651.0124
7475,34484190.0138
7476,34488727.6124
7477,34493263.8079
7478,34497798.5997
7479,34502331.9874
7480,34506863.9707
7481,34511394.5489
7482,34515923.7218
7483,34520451.4888
7484,34524977.8494
7485,34529502.8034
7486,34534026.3501
7487,34538548.4892
7488,34543069.2202
7489,34547588.5427
7490,34552106.4561
7491,34556622.9602
7492,34561138.0543
7493,34565651.7382
7494,34570164.0113
7495,34574674.8731
7496,34579184.3234
7497,34583692.3615
7498,34588198.987
7499,34592704.1996
7500,34597207.9987
7501,34601710.384
7502,34606211.3549
7503,34610710.9111
7504,34615209.052
7505,34619705.7773
7506,34624201.0865
7507,34628694.9792
7508,34633187.4548
7509,34637678.5131
7510,34642168.1534
7511,34646656.3755
7512,34651143.1788
7513,34655628.5628
7514,34660112.5273
7515,34664595.0716
7516,34669076.1954
7517,34673555.8983
7518,34678034.1797
7519,34682511.0393
7520,34686986.4766
7521,34691460.4911
7522,34695933.0824
7523,34700404.2502
7524,34704873.9939
7525,34709342.313
7526,34713809.2072
7527,34718274.6761
7528,34722738.7191
7529,34727201.3358
7530,34731662.5259
7531,34736122.2887
7532,34740580.624
7533,34745037.5313
7534,34749493.0101
7535,34753947.06
7536,34758399.6806
7537,34762850.8713
7538,34767300.6319
7539,34771748.9617
7540,34776195.8605
7541,34780641.3277
7542,34785085.363
7543,34789527.9658
7544,34793969.1358
7545,34798408.8724
7546,34802847.1754
7547,34807284.0441
7548,34811719.4783
7549,34816153.4774
7550,34820586.041
7551,34825017.1687
7552,34829446.8601
7553,34833875.1146
7554,34838301.9319
7555,34842727.3116
7556,34847151.2531
7557,34851573.7561
7558,34855994.8201
7559,34860414.4447
7560,34864832.6294
7561,34869249.3739
7562,34873664.6776
7563,34878078.5402
7564,34882490.9612
7565,34886901.9401
7566,34891311.4766
7567,34895719.5702
7568,34900126.2204
7569,34904531.4269
7570,34908935.1891
7571,34913337.5067
7572,34917738.3793
7573,34922137.8063
7574,34926535.7874
7575,34930932.3221
7576,34935327.41
7577,34939721.0507
7578,34944113.2437
7579,34948503.9885
7580,34952893.2849
7581,34957281.1322
7582,34961667.5301
7583,34966052.4782
7584,34970435.9761
7585,34974818.0232
7586,34979198.6191
7587,34983577.7635
7588,34987955.4559
7589,34992331.6958
7590,34996706.4829
7591,35001079.8167
7592,35005451.6967
7593,35009822.1226
7594,35014191.0939
7595,35018558.6102
7596,35022924.671
7597,35027289.2759
7598,35031652.4245
7599,35036014.1163
7600,35040374.351
7601,35044733.128
7602,35049090.447
7603,35053446.3076
7604,35057800.7092
7605,35062153.6515
7606,35066505.1341
7607,35070855.1564
7608,35075203.7182
7609,35079550.8189
7610,35083896.4581
7611,35088240.6354
7612,35092583.3504
7613,35096924.6026
7614,35101264.3916
7615,35105602.717
7616,35109939.5784
7617,35114274.9753
7618,35118608.9073
7619,35122941.3739
7620,35127272.3748
7621,35131601.9096
7622,35135929.9777
7623,35140256.5787
7624,35144581.7123
7625,35148905.378
7626,35153227.5754
7627,35157548.304
7628,35161867.5635
7629,35166185.3534
7630,35170501.6732
7631,35174816.5226
7632,35179129.9011
7633,35183441.8083
7634,35187752.2438
7635,35192061.2071
7636,35196368.6979
7637,35200674.7156
7638,35204979.2599
7639,35209282.3304
7640,35213583.9266
7641,35217884.0481
7642,35222182.6944
7643,35226479.8652
7644,35230775.5601
7645,35235069.7785
7646,35239362.5201
7647,35243653.7845
7648,35247943.5712
7649,35252231.8798
7650,35256518.7099
7651,35260804.061
7652,35265087.9328
7653,35269370.3248
7654,35273651.2366
7655,35277930.6678
7656,35282208.6179
7657,35286485.0866
7658,35290760.0733
7659,35295033.5778
7660,35299305.5995
7661,35303576.138
7662,35307845.1929
7663,35312112.7639
7664,35316378.8504
7665,35320643.4521
7666,35324906.5685
7667,35329168.1992
7668,35333428.3438
7669,35337687.0019
7670,35341944.1731
7671,35346199.8568
7672,35350454.0528
7673,35354706.7606
7674,35358957.9797
7675,35363207.7098
7676,35367455.9505
7677,35371702.7012
7678,35375947.9617
7679,35380191.7314
7680,35384434.01
7681,35388674.797
7682,35392914.092
7683,35397151.8947
7684,35401388.2045
7685,35405623.0211
7686,35409856.344
7687,35414088.1729
7688,35418318.5073
7689,35422547.3468
7690,35426774.6909
7691,35431000.5393
7692,35435224.8916
7693,35439447.7473
7694,35443669.106
7695,35447888.9673
7696,35452107.3308
7697,35456324.196
7698,35460539.5626
7699,35464753.4301
7700,35468965.7981
7701,35473176.6662
7702,35477386.034
7703,35481593.9011
7704,35485800.267
7705,35490005.1314
7706,35494208.4937
7707,35498410.3537
7708,35502610.7109
7709,35506809.5649
7710,35511006.9152
7711,35515202.7615
7712,35519397.1033
7713,35523589.9402
7714,35527781.2718
7715,35531971.0977
7716,35536159.4176
7717,35540346.2308
7718,35544531.5372
7719,35548715.3361
7720,35552897.6273
7721,35557078.4103
7722,35561257.6848
7723,35565435.4502
7724,35569611.7062
7725,35573786.4523
7726,35577959.6882
7727,35582131.4135
7728,35586301.6277
7729,35590470.3304
7730,35594637.5212
7731,35598803.1997
7732,35602967.3655
7733,35607130.0181
7734,35611291.1573
7735,35615450.7825
7736,35619608.8933
7737,35623765.4893
7738,35627920.5702
7739,35632074.1355
7740,35636226.1848
7741,35640376.7177
7742,35644525.7338
7743,35648673.2326
7744,35652819.2139
7745,35656963.677
7746,35661106.6218
7747,35665248.0476
7748,35669387.9542
7749,35673526.3411
7750,35677663.2079
7751,35681798.5543
7752,35685932.3797
7753,35690064.6838
7754,35694195.4662
7755,35698324.7264
7756,35702452.4642
7757,35706578.679
7758,35710703.3704
7759,35714826.5381
7760,35718948.1816
7761,35723068.3005
7762,35727186.8945
7763,35731303.9631
7764,35735419.5059
7765,35739533.5225
7766,35743646.0125
7767,35747756.9755
7768,35751866.4111
7769,35755974.3189
7770,35760080.6984
7771,35764185.5493
7772,35768288.8712
7773,35772390.6637
7774,35776490.9263
7775,35780589.6586
7776,35784686.8603
7777,35788782.531
7778,35792876.6702
7779,35796969.2775
7780,35801060.3526
7781,35805149.8949
7782,35809237.9042
7783,35813324.3801
7784,35817409.322
7785,35821492.7297
7786,35825574.6026
7787,35829654.9405
7788,35833733.7429
7789,35837811.0094
7790,35841886.7396
7791,35845960.9331
7792,35850033.5895
7793,35854104.7084
7794,35858174.2893
7795,35862242.332
7796,35866308.836
7797,35870373.8008
7798,35874437.2262
7799,35878499.1116
7800,35882559.4567
7801,35886618.2611
7802,35890675.5244
7803,35894731.2462
7804,35898785.426
7805,35902838.0636
7806,35906889.1584
7807,35910938.7101
7808,35914986.7183
7809,35919033.1826
7810,35923078.1025
7811,35927121.4778
7812,35931163.3079
7813,35935203.5926
7814,35939242.3313
7815,35943279.5237
7816,35947315.1694
7817,35951349.268
7818,35955381.8191
7819,35959412.8223
7820,35963442.2773
7821,35967470.1835
7822,35971496.5406
7823,35975521.3482
7824,35979544.606
7825,35983566.3134
7826,35987586.4702
7827,35991605.0759
7828,35995622.1301
7829,35999637.6325
7830,36003651.5826
7831,36007663.98
7832,36011674.8244
7833,36015684.1153
7834,36019691.8523
7835,36023698.0352
7836,36027702.6633
7837,36031705.7365
7838,36035707.2542
7839,36039707.2161
7840,36043705.6217
7841,36047702.4708
7842,36051697.7628
7843,36055691.4974
7844,36059683.6743
7845,36063674.2929
7846,36067663.353
7847,36071650.854
7848,36075636.7957
7849,36079621.1777
7850,36083603.9995
7851,36087585.2607
7852,36091564.961
7853,36095543.0999
7854,36099519.6771
7855,36103494.6922
7856,36107468.1448
7857,36111440.0344
7858,36115410.3608
7859,36119379.1235
7860,36123346.3221
7861,36127311.9562
7862,36131276.0255
7863,36135238.5295
7864,36139199.4678
7865,36143158.8401
7866,36147116.646
7867,36151072.8851
7868,36155027.5569
7869,36158980.6612
7870,36162932.1974
7871,36166882.1653
7872,36170830.5644
7873,36174777.3944
7874,36178722.6548
7875,36182666.3452
7876,36186608.4654
7877,36190549.0148
7878,36194487.9931
7879,36198425.3999
7880,36202361.2349
7881,36206295.4975
7882,36210228.1876
7883,36214159.3045
7884,36218088.848
7885,36222016.8178
7886,36225943.2132
7887,36229868.0341
7888,36233791.2801
7889,36237712.9506
7890,36241633.0454
7891,36245551.564
7892,36249468.5061
7893,36253383.8713
7894,36257297.6592
7895,36261209.8693
7896,36265120.5014
7897,36269029.5551
7898,36272937.0299
7899,36276842.9254
7900,36280747.2414
7901,36284649.9773
7902,36288551.1328
7903,36292450.7076
7904,36296348.7012
7905,36300245.1133
7906,36304139.9434
7907,36308033.1912
7908,36311924.8563
7909,36315814.9384
7910,36319703.4369
7911,36323590.3516
7912,36327475.6821
7913,36331359.428
7914,36335241.5889
7915,36339122.1643
7916,36343001.1541
7917,36346878.5576
7918,36350754.3747
7919,36354628.6048
7920,36358501.2476
7921,36362372.3028
7922,36366241.7699
7923,36370109.6485
7924,36373975.9383
7925,36377840.639
7926,36381703.75
7927,36385565.2711
7928,36389425.2018
7929,36393283.5418
7930,36397140.2906
7931,36400995.448
7932,36404849.0135
7933,36408700.9868
7934,36412551.3674
7935,36416400.155
7936,36420247.3493
7937,36424092.9497
7938,36427936.956
7939,36431779.3678
7940,36435620.1847
7941,36439459.4062
7942,36443297.0322
7943,36447133.062
7944,36450967.4955
7945,36454800.3321
7946,36458631.5716
7947,36462461.2135
7948,36466289.2574
7949,36470115.7031
7950,36473940.55
7951,36477763.7979
7952,36481585.4464
7953,36485405.495
7954,36489223.9434
7955,36493040.7912
7956,36496856.0381
7957,36500669.6837
7958,36504481.7275
7959,36508292.1693
7960,36512101.0086
7961,36515908.245
7962,36519713.8783
7963,36523517.908
7964,36527320.3337
7965,36531121.1551
7966,36534920.3717
7967,36538717.9833
7968,36542513.9894
7969,36546308.3897
7970,36550101.1838
7971,36553892.3713
7972,36557681.9518
7973,36561469.925
7974,36565256.2905
7975,36569041.0479
7976,36572824.1968
7977,36576605.7369
7978,36580385.6679
7979,36584163.9892
7980,36587940.7006
7981,36591715.8017
7982,36595489.2921
7983,36599261.1714
7984,36603031.4393
7985,36606800.0954
7986,36610567.1393
7987,36614332.5707
7988,36618096.3891
7989,36621858.5943
7990,36625619.1858
7991,36629378.1632
7992,36633135.5262
7993,36636891.2745
7994,36640645.4076
7995,36644397.9252
7996,36648148.8269
7997,36651898.1123
7998,36655645.7811
7999,36659391.8329
8000,36663136.2674
8001,36666879.0841
8002,36670620.2827
8003,36674359.8628
8004,36678097.8241
8005,36681834.1661
8006,36685568.8886
8007,36689301.9911
8008,36693033.4733
8009,36696763.3348
8010,36700491.5753
8011,36704218.1943
8012,36707943.1916
8013,36711666.5666
8014,36715388.3192
8015,36719108.4489
8016,36722826.9552
8017,36726543.838
8018,36730259.0968
8019,36733972.7312
8020,36737684.7409
8021,36741395.1255
8022,36745103.8846
8023,36748811.0179
8024,36752516.525
8025,36756220.4055
8026,36759922.6592
8027,36763623.2855
8028,36767322.2842
8029,36771019.6548
8030,36774715.3971
8031,36778409.5106
8032,36782101.9951
8033,36785792.85
8034,36789482.0751
8035,36793169.67
8036,36796855.6343
8037,36800539.9677
8038,36804222.6698
8039,36807903.7402
8040,36811583.1786
8041,36815260.9846
8042,36818937.1579
8043,36822611.6981
8044,36826284.6048
8045,36829955.8776
8046,36833625.5162
8047,36837293.5203
8048,36840959.8895
8049,36844624.6234
8050,36848287.7216
8051,36851949.1838
8052,36855609.0097
8053,36859267.1988
8054,36862923.7508
8055,36866578.6654
8056,36870231.9421
8057,36873883.5807
8058,36877533.5808
8059,36881181.9419
8060,36884828.6638
8061,36888473.7461
8062,36892117.1884
8063,36895758.9904
8064,36899399.1517
8065,36903037.6719
8066,36906674.5508
8067,36910309.7878
8068,36913943.3827
8069,36917575.3352
8070,36921205.6448
8071,36924834.3112
8072,36928461.334
8073,36932086.7129
8074,36935710.4475
8075,36939332.5375
8076,36942952.9825
8077,36946571.7822
8078,36950188.9361
8079,36953804.444
8080,36957418.3055
8081,36961030.5202
8082,36964641.0877
8083,36968250.0078
8084,36971857.28
8085,36975462.904
8086,36979066.8794
8087,36982669.206
8088,36986269.8833
8089,36989868.9109
8090,36993466.2886
8091,36997062.0159
8092,37000656.0926
8093,37004248.5182
8094,37007839.2924
8095,37011428.4148
8096,37015015.8852
8097,37018601.703
8098,37022185.8681
8099,37025768.38
8100,37029349.2384
8101,37032928.4429
8102,37036505.9932
8103,37040081.8889
8104,37043656.1296
8105,37047228.7151
8106,37050799.6449
8107,37054368.9188
8108,37057936.5363
8109,37061502.4971
8110,37065066.8008
8111,37068629.4472
8112,37072190.4358
8113,37075749.7663
8114,37079307.4384
8115,37082863.4516
8116,37086417.8057
8117,37089970.5003
8118,37093521.535
8119,37097070.9095
8120,37100618.6235
8121,37104164.6765
8122,37107709.0683
8123,37111251.7985
8124,37114792.8667
8125,37118332.2727
8126,37121870.0159
8127,37125406.0962
8128,37128940.5131
8129,37132473.2663
8130,37136004.3555
8131,37139533.7802
8132,37143061.5402
8133,37146587.6352
8134,37150112.0646
8135,37153634.8283
8136,37157155.9258
8137,37160675.3569
8138,37164193.1211
8139,37167709.2182
8140,37171223.6477
8141,37174736.4093
8142,37178247.5027
8143,37181756.9276
8144,37185264.6835
8145,37188770.7702
8146,37192275.1872
8147,37195777.9344
8148,37199279.0112
8149,37202778.4173
8150,37206276.1525
8151,37209772.2164
8152,37213266.6086
8153,37216759.3287
8154,37220250.3765
8155,37223739.7516
8156,37227227.4536
8157,37230713.4822
8158,37234197.8371
8159,37237680.5178
8160,37241161.5242
8161,37244640.8557
8162,37248118.5122
8163,37251594.4932
8164,37255068.7984
8165,37258541.4274
8166,37262012.3799
8167,37265481.6557
8168,37268949.2542
8169,37272415.1752
8170,37275879.4184
8171,37279341.9833
8172,37282802.8697
8173,37286262.0773
8174,37289719.6056
8175,37293175.4543
8176,37296629.6231
8177,37300082.1117
8178,37303532.9197
8179,37306982.0467
8180,37310429.4925
8181,37313875.2567
8182,37317319.3389
8183,37320761.7388
8184,37324202.4561
8185,37327641.4905
8186,37331078.8415
8187,37334514.5089
8188,37337948.4922
8189,37341380.7913
8190,37344811.4057
8191,37348240.3351
8192,37351667.5791
8193,37355093.1375
8194,37358517.0098
8195,37361939.1958
8196,37365359.6951
8197,37368778.5074
8198,37372195.6323
8199,37375611.0695
8200,37379024.8186
8201,37382436.8794
8202,37385847.2515
8203,37389255.9345
8204,37392662.9281
8205,37396068.232
8206,37399471.8458
8207,37402873.7692
8208,37406274.0019
8209,37409672.5435
8210,37413069.3938
8211,37416464.5522
8212,37419858.0187
8213,37423249.7927
8214,37426639.8739
8215,37430028.2621
8216,37433414.9568
8217,37436799.9579
8218,37440183.2648
8219,37443564.8773
8220,37446944.7951
8221,37450323.0178
8222,37453699.5451
8223,37457074.3766
8224,37460447.512
8225,37463818.9511
8226,37467188.6934
8227,37470556.7386
8228,37473923.0864
8229,37477287.7364
8230,37480650.6884
8231,37484011.942
8232,37487371.4968
8233,37490729.3525
8234,37494085.5089
8235,37497439.9655
8236,37500792.7221
8237,37504143.7782
8238,37507493.1337
8239,37510840.788
8240,37514186.741
8241,37517530.9923
8242,37520873.5415
8243,37524214.3884
8244,37527553.5325
8245,37530890.9736
8246,37534226.7114
8247,37537560.7454
8248,37540893.0755
8249,37544223.7011
8250,37547552.6221
8251,37550879.8381
8252,37554205.3487
8253,37557529.1537
8254,37560851.2527
8255,37564171.6454
8256,37567490.3314
8257,37570807.3104
8258,37574122.5821
8259,37577436.1462
8260,37580748.0024
8261,37584058.1502
8262,37587366.5895
8263,37590673.3198
8264,37593978.3408
8265,37597281.6523
8266,37600583.2538
8267,37603883.1451
8268,37607181.3259
8269,37610477.7957
8270,37613772.5543
8271,37617065.6014
8272,37620356.9366
8273,37623646.5596
8274,37626934.4701
8275,37630220.6677
8276,37633505.1522
8277,37636787.9232
8278,37640068.9804
8279,37643348.3234
8280,37646625.952
8281,37649901.8658
8282,37653176.0644
8283,37656448.5477
8284,37659719.3152
8285,37662988.3666
8286,37666255.7016
8287,37669521.3199
8288,37672785.2211
8289,37676047.405
8290,37679307.8712
8291,37682566.6194
8292,37685823.6492
8293,37689078.9604
8294,37692332.5526
8295,37695584.4256
8296,37698834.5789
8297,37702083.0123
8298,37705329.7254
8299,37708574.7179
8300,37711817.9895
8301,37715059.5399
8302,37718299.3688
8303,37721537.4758
8304,37724773.8607
8305,37728008.523
8306,37731241.4626
8307,37734472.679
8308,37737702.1719
8309,37740929.9411
8310,37744155.9861
8311,37747380.3068
8312,37750602.9027
8313,37753823.7736
8314,37757042.9192
8315,37760260.339
8316,37763476.0329
8317,37766690.0004
8318,37769902.2413
8319,37773112.7552
8320,37776321.5419
8321,37779528.601
8322,37782733.9322
8323,37785937.5352
8324,37789139.4097
8325,37792339.5553
8326,37795537.9717
8327,37798734.6587
8328,37801929.6158
8329,37805122.8429
8330,37808314.3395
8331,37811504.1054
8332,37814692.1402
8333,37817878.4437
8334,37821063.0155
8335,37824245.8553
8336,37827426.9627
8337,37830606.3376
8338,37833783.9795
8339,37836959.8881
8340,37840134.0632
8341,37843306.5044
8342,37846477.2114
8343,37849646.1839
8344,37852813.4216
8345,37855978.9241
8346,37859142.6912
8347,37862304.7226
8348,37865465.0179
8349,37868623.5768
8350,37871780.399
8351,37874935.4842
8352,37878088.8321
8353,37881240.4423
8354,37884390.3147
8355,37887538.4488
8356,37890684.8443
8357,37893829.5009
8358,37896972.4184
8359,37900113.5964
8360,37903253.0346
8361,37906390.7327
8362,37909526.6903
8363,37912660.9073
8364,37915793.3832
8365,37918924.1177
8366,37922053.1106
8367,37925180.3616
8368,37928305.8702
8369,37931429.6363
8370,37934551.6595
8371,37937671.9395
8372,37940790.476
8373,37943907.2686
8374,37947022.3172
8375,37950135.6213
8376,37953247.1807
8377,37956356.9951
8378,37959465.0641
8379,37962571.3874
8380,37965675.9648
8381,37968778.7959
8382,37971879.8805
8383,37974979.2181
8384,37978076.8086
8385,37981172.6516
8386,37984266.7468
8387,37987359.0939
8388,37990449.6925
8389,37993538.5425
8390,37996625.6435
8391,37999710.9951
8392,38002794.5971
8393,38005876.4491
8394,38008956.551
8395,38012034.9023
8396,38015111.5027
8397,38018186.352
8398,38021259.4499
8399,38024330.796
8400,38027400.39
8401,38030468.2317
8402,38033534.3207
8403,38036598.6568
8404,38039661.2395
8405,38042722.0688
8406,38045781.1441
8407,38048838.4653
8408,38051894.032
8409,38054947.8439
8410,38057999.9008
8411,38061050.2023
8412,38064098.748
8413,38067145.5379
8414,38070190.5714
8415,38073233.8483
8416,38076275.3684
8417,38079315.1313
8418,38082353.1367
8419,38085389.3843
8420,38088423.8739
8421,38091456.605
8422,38094487.5775
8423,38097516.791
8424,38100544.2452
8425,38103569.9399
8426,38106593.8746
8427,38109616.0492
8428,38112636.4634
8429,38115655.1167
8430,38118672.009
8431,38121687.1399
8432,38124700.5092
8433,38127712.1165
8434,38130721.9615
8435,38133730.044
8436,38136736.3637
8437,38139740.9201
8438,38142743.7132
8439,38145744.7425
8440,38148744.0078
8441,38151741.5087
8442,38154737.245
8443,38157731.2164
8444,38160723.4225
8445,38163713.8632
8446,38166702.538
8447,38169689.4468
8448,38172674.5891
8449,38175657.9647
8450,38178639.5734
8451,38181619.4147
8452,38184597.4885
8453,38187573.7944
8454,38190548.3322
8455,38193521.1015
8456,38196492.102
8457,38199461.3335
8458,38202428.7957
8459,38205394.4882
8460,38208358.4108
8461,38211320.5632
8462,38214280.9451
8463,38217239.5562
8464,38220196.3962
8465,38223151.4648
8466,38226104.7618
8467,38229056.2867
8468,38232006.0394
8469,38234954.0196
8470,38237900.2269
8471,38240844.6611
8472,38243787.3219
8473,38246728.209
8474,38249667.322
8475,38252604.6608
8476,38255540.225
8477,38258474.0143
8478,38261406.0285
8479,38264336.2672
8480,38267264.7301
8481,38270191.4171
8482,38273116.3277
8483,38276039.4617
8484,38278960.8188
8485,38281880.3988
8486,38284798.2012
8487,38287714.226
8488,38290628.4726
8489,38293540.941
8490,38296451.6307
8491,38299360.5415
8492,38302267.6731
8493,38305173.0252
8494,38308076.5976
8495,38310978.3899
8496,38313878.4018
8497,38316776.6332
8498,38319673.0836
8499,38322567.7528
8500,38325460.6405
8501,38328351.7465
8502,38331241.0704
8503,38334128.612
8504,38337014.3709
8505,38339898.347
8506,38342780.5398
8507,38345660.9492
8508,38348539.5747
8509,38351416.4163
8510,38354291.4735
8511,38357164.7461
8512,38360036.2338
8513,38362905.9363
8514,38365773.8534
8515,38368639.9847
8516,38371504.3299
8517,38374366.8889
8518,38377227.6613
8519,38380086.6467
8520,38382943.8451
8521,38385799.2559
8522,38388652.8791
8523,38391504.7142
8524,38394354.7611
8525,38397203.0194
8526,38400049.4888
8527,38402894.1691
8528,38405737.06
8529,38408578.1613
8530,38411417.4725
8531,38414254.9935
8532,38417090.7239
8533,38419924.6636
8534,38422756.8121
8535,38425587.1693
8536,38428415.7348
8537,38431242.5084
8538,38434067.4898
8539,38436890.6787
8540,38439712.0748
8541,38442531.6779
8542,38445349.4877
8543,38448165.5038
8544,38450979.7261
8545,38453792.1542
8546,38456602.7879
8547,38459411.6269
8548,38462218.6709
8549,38465023.9197
8550,38467827.3728
8551,38470629.0302
8552,38473428.8915
8553,38476226.9564
8554,38479023.2246
8555,38481817.696
8556,38484610.3701
8557,38487401.2468
8558,38490190.3257
8559,38492977.6066
8560,38495763.0891
8561,38498546.7731
8562,38501328.6583
8563,38504108.7443
8564,38506887.031
8565,38509663.5179
8566,38512438.2049
8567,38515211.0917
8568,38517982.178
8569,38520751.4635
8570,38523518.948
8571,38526284.6312
8572,38529048.5128
8573,38531810.5925
8574,38534570.8701
8575,38537329.3453
8576,38540086.0178
8577,38542840.8874
8578,38545593.9537
8579,38548345.2166
8580,38551094.6757
8581,38553842.3307
8582,38556588.1814
8583,38559332.2276
8584,38562074.4689
8585,38564814.9051
8586,38567553.5359
8587,38570290.3611
8588,38573025.3803
8589,38575758.5933
8590,38578489.9999
8591,38581219.5997
8592,38583947.3925
8593,38586673.378
8594,38589397.556
8595,38592119.9262
8596,38594840.4883
8597,38597559.242
8598,38600276.1871
8599,38602991.3234
8600,38605704.6504
8601,38608416.1681
8602,38611125.876
8603,38613833.774
8604,38616539.8618
8605,38619244.1391
8606,38621946.6056
8607,38624647.2611
8608,38627346.1053
8609,38630043.1379
8610,38632738.3587
8611,38635431.7674
8612,38638123.3638
8613,38640813.1475
8614,38643501.1184
8615,38646187.2761
8616,38648871.6203
8617,38651554.1509
8618,38654234.8676
8619,38656913.77
8620,38659590.858
8621,38662266.1312
8622,38664939.5894
8623,38667611.2323
8624,38670281.0597
8625,38672949.0713
8626,38675615.2669
8627,38678279.6461
8628,38680942.2088
8629,38683602.9546
8630,38686261.8832
8631,38688918.9945
8632,38691574.2882
8633,38694227.764
8634,38696879.4216
8635,38699529.2608
8636,38702177.2813
8637,38704823.4829
8638,38707467.8653
8639,38710110.4282
8640,38712751.1714
8641,38715390.0945
8642,38718027.1975
8643,38720662.4799
8644,38723295.9416
8645,38725927.5822
8646,38728557.4016
8647,38731185.3994
8648,38733811.5754
8649,38736435.9293
8650,38739058.4609
8651,38741679.1699
8652,38744298.0561
8653,38746915.1192
8654,38749530.3589
8655,38752143.7751
8656,38754755.3673
8657,38757365.1354
8658,38759973.0791
8659,38762579.1982
8660,38765183.4923
8661,38767785.9614
8662,38770386.6049
8663,38772985.4229
8664,38775582.4148
8665,38778177.5806
8666,38780770.92
8667,38783362.4326
8668,38785952.1183
8669,38788539.9768
8670,38791126.0078
8671,38793710.2111
8672,38796292.5865
8673,38798873.1336
8674,38801451.8522
8675,38804028.742
8676,38806603.8029
8677,38809177.0346
8678,38811748.4367
8679,38814318.0091
8680,38816885.7514
8681,38819451.6635
8682,38822015.7451
8683,38824577.9959
8684,38827138.4157
8685,38829697.0042
8686,38832253.7612
8687,38834808.6864
8688,38837361.7796
8689,38839913.0405
8690,38842462.4689
8691,38845010.0645
8692,38847555.827
8693,38850099.7562
8694,38852641.852
8695,38855182.1139
8696,38857720.5418
8697,38860257.1353
8698,38862791.8944
8699,38865324.8186
8700,38867855.9078
8701,38870385.1618
8702,38872912.5801
8703,38875438.1627
8704,38877961.9093
8705,38880483.8195
8706,38883003.8932
8707,38885522.1302
8708,38888038.5301
8709,38890553.0927
8710,38893065.8177
8711,38895576.705
8712,38898085.7543
8713,38900592.9653
8714,38903098.3378
8715,38905601.8715
8716,38908103.5662
8717,38910603.4216
8718,38913101.4375
8719,38915597.6137
8720,38918091.9498
8721,38920584.4457
8722,38923075.1011
8723,38925563.9158
8724,38928050.8895
8725,38930536.0219
8726,38933019.3129
8727,38935500.7622
8728,38937980.3694
8729,38940458.1345
8730,38942934.0571
8731,38945408.137
8732,38947880.374
8733,38950350.7678
8734,38952819.3181
8735,38955286.0248
8736,38957750.8876
8737,38960213.9061
8738,38962675.0803
8739,38965134.4099
8740,38967591.8945
8741,38970047.534
8742,38972501.3282
8743,38974953.2767
8744,38977403.3793
8745,38979851.6359
8746,38982298.0461
8747,38984742.6097
8748,38987185.3265
8749,38989626.1963
8750,38992065.2187
8751,38994502.3936
8752,38996937.7206
8753,38999371.1997
8754,39001802.8305
8755,39004232.6128
8756,39006660.5463
8757,39009086.6308
8758,39011510.8661
8759,39013933.252
8760,39016353.7881
8761,39018772.4743
8762,39021189.3103
8763,39023604.2959
8764,39026017.4308
8765,39028428.7149
8766,39030838.1478
8767,39033245.7293
8768,39035651.4592
8769,39038055.3372
8770,39040457.3632
8771,39042857.5368
8772,39045255.8579
8773,39047652.3262
8774,39050046.9414
8775,39052439.7034
8776,39054830.6119
8777,39057219.6666
8778,39059606.8674
8779,39061992.2139
8780,39064375.706
8781,39066757.3434
8782,39069137.1259
8783,39071515.0533
8784,39073891.1252
8785,39076265.3415
8786,39078637.702
8787,39081008.2064
8788,39083376.8544
8789,39085743.6459
8790,39088108.5806
8791,39090471.6583
8792,39092832.8787
8793,39095192.2416
8794,39097549.7468
8795,39099905.394
8796,39102259.1831
8797,39104611.1137
8798,39106961.1857
8799,39109309.3988
8800,39111655.7527
8801,39114000.2474
8802,39116342.8824
8803,39118683.6576
8804,39121022.5728
8805,39123359.6277
8806,39125694.8221
8807,39128028.1558
8808,39130359.6285
8809,39132689.24
8810,39135016.9901
8811,39137342.8785
8812,39139666.9051
8813,39141989.0695
8814,39144309.3716
8815,39146627.8111
8816,39148944.3878
8817,39151259.1015
8818,39153571.952
8819,39155882.9389
8820,39158192.0621
8821,39160499.3214
8822,39162804.7165
8823,39165108.2473
8824,39167409.9134
8825,39169709.7146
8826,39172007.6508
8827,39174303.7217
8828,39176597.927
8829,39178890.2666
8830,39181180.7402
8831,39183469.3476
8832,39185756.0885
8833,39188040.9628
8834,39190323.9702
8835,39192605.1105
8836,39194884.3834
8837,39197161.7888
8838,39199437.3264
8839,39201710.996
8840,39203982.7974
8841,39206252.7303
8842,39208520.7945
8843,39210786.9898
8844,39213051.316
8845,39215313.7728
8846,39217574.36
8847,39219833.0775
8848,39222089.9249
8849,39224344.902
8850,39226598.0087
8851,39228849.2447
8852,39231098.6098
8853,39233346.1038
8854,39235591.7264
8855,39237835.4774
8856,39240077.3566
8857,39242317.3638
8858,39244555.4988
8859,39246791.7613
8860,39249026.1511
8861,39251258.668
8862,39253489.3118
8863,39255718.0822
8864,39257944.9791
8865,39260170.0022
8866,39262393.1513
8867,39264614.4261
8868,39266833.8265
8869,39269051.3523
8870,39271267.0031
8871,39273480.7789
8872,39275692.6794
8873,39277902.7043
8874,39280110.8535
8875,39282317.1267
8876,39284521.5237
8877,39286724.0442
8878,39288924.6882
8879,39291123.4553
8880,39293320.3454
8881,39295515.3582
8882,39297708.4935
8883,39299899.7511
8884,39302089.1308
8885,39304276.6323
8886,39306462.2555
8887,39308646.0001
8888,39310827.8659
8889,39313007.8527
8890,39315185.9603
8891,39317362.1885
8892,39319536.537
8893,39321709.0056
8894,39323879.5942
8895,39326048.3025
8896,39328215.1302
8897,39330380.0773
8898,39332543.1434
8899,39334704.3284
8900,39336863.632
8901,39339021.0541
8902,39341176.5943
8903,39343330.2526
8904,39345482.0286
8905,39347631.9223
8906,39349779.9333
8907,39351926.0614
8908,39354070.3065
8909,39356212.6683
8910,39358353.1467
8911,39360491.7413
8912,39362628.4521
8913,39364763.2787
8914,39366896.221
8915,39369027.2788
8916,39371156.4518
8917,39373283.7399
8918,39375409.1428
8919,39377532.6603
8920,39379654.2922
8921,39381774.0384
8922,39383891.8985
8923,39386007.8724
8924,39388121.96
8925,39390234.1608
8926,39392344.4749
8927,39394452.9019
8928,39396559.4416
8929,39398664.0939
8930,39400766.8585
8931,39402867.7352
8932,39404966.7238
8933,39407063.8242
8934,39409159.036
8935,39411252.3592
8936,39413343.7934
8937,39415433.3385
8938,39417520.9943
8939,39419606.7606
8940,39421690.6371
8941,39423772.6237
8942,39425852.7201
8943,39427930.9262
8944,39430007.2417
8945,39432081.6664
8946,39434154.2002
8947,39436224.8428
8948,39438293.5941
8949,39440360.4537
8950,39442425.4216
8951,39444488.4975
8952,39446549.6812
8953,39448608.9724
8954,39450666.3711
8955,39452721.877
8956,39454775.4899
8957,39456827.2096
8958,39458877.0359
8959,39460924.9685
8960,39462971.0074
8961,39465015.1522
8962,39467057.4028
8963,39469097.759
8964,39471136.2206
8965,39473172.7873
8966,39475207.4591
8967,39477240.2356
8968,39479271.1166
8969,39481300.1021
8970,39483327.1917
8971,39485352.3853
8972,39487375.6827
8973,39489397.0837
8974,39491416.588
8975,39493434.1955
8976,39495449.906
8977,39497463.7193
8978,39499475.6351
8979,39501485.6534
8980,39503493.7738
8981,39505499.9962
8982,39507504.3204
8983,39509506.7461
8984,39511507.2733
8985,39513505.9017
8986,39515502.631
8987,39517497.4612
8988,39519490.3919
8989,39521481.4231
8990,39523470.5545
8991,39525457.7859
8992,39527443.1171
8993,39529426.5479
8994,39531408.0782
8995,39533387.7077
8996,39535365.4362
8997,39537341.2636
8998,39539315.1896
8999,39541287.2141
9000,39543257.3368
9001,39545225.5576
9002,39547191.8762
9003,39549156.2926
9004,39551118.8064
9005,39553079.4174
9006,39555038.1256
9007,39556994.9307
9008,39558949.8325
9009,39560902.8308
9010,39562853.9254
9011,39564803.1162
9012,39566750.4028
9013,39568695.7853
9014,39570639.2633
9015,39572580.8366
9016,39574520.5051
9017,39576458.2686
9018,39578394.1268
9019,39580328.0797
9020,39582260.127
9021,39584190.2685
9022,39586118.504
9023,39588044.8333
9024,39589969.2563
9025,39591891.7727
9026,39593812.3824
9027,39595731.0852
9028,39597647.8808
9029,39599562.7691
9030,39601475.75
9031,39603386.8232
9032,39605295.9884
9033,39607203.2457
9034,39609108.5947
9035,39611012.0352
9036,39612913.5671
9037,39614813.1902
9038,39616710.9044
9039,39618606.7093
9040,39620500.6048
9041,39622392.5908
9042,39624282.6671
9043,39626170.8334
9044,39628057.0896
9045,39629941.4355
9046,39631823.8709
9047,39633704.3956
9048,39635583.0094
9049,39637459.7122
9050,39639334.5038
9051,39641207.384
9052,39643078.3525
9053,39644947.4093
9054,39646814.554
9055,39648679.7867
9056,39650543.107
9057,39652404.5147
9058,39654264.0098
9059,39656121.5919
9060,39657977.261
9061,39659831.0168
9062,39661682.8592
9063,39663532.788
9064,39665380.803
9065,39667226.9039
9066,39669071.0907
9067,39670913.3632
9068,39672753.7211
9069,39674592.1643
9070,39676428.6925
9071,39678263.3058
9072,39680096.0037
9073,39681926.7862
9074,39683755.6531
9075,39685582.6042
9076,39687407.6393
9077,39689230.7582
9078,39691051.9608
9079,39692871.2469
9080,39694688.6163
9081,39696504.0688
9082,39698317.6042
9083,39700129.2224
9084,39701938.9232
9085,39703746.7064
9086,39705552.5718
9087,39707356.5192
9088,39709158.5486
9089,39710958.6596
9090,39712756.8521
9091,39714553.126
9092,39716347.481
9093,39718139.917
9094,39719930.4338
9095,39721719.0312
9096,39723505.7091
9097,39725290.4673
9098,39727073.3055
9099,39728854.2237
9100,39730633.2216
9101,39732410.2991
9102,39734185.456
9103,39735958.6922
9104,39737730.0073
9105,39739499.4014
9106,39741266.8741
9107,39743032.4254
9108,39744796.055
9109,39746557.7628
9110,39748317.5485
9111,39750075.4122
9112,39751831.3534
9113,39753585.3722
9114,39755337.4682
9115,39757087.6414
9116,39758835.8915
9117,39760582.2185
9118,39762326.622
9119,39764069.102
9120,39765809.6583
9121,39767548.2907
9122,39769284.999
9123,39771019.783
9124,39772752.6427
9125,39774483.5777
9126,39776212.588
9127,39777939.6734
9128,39779664.8337
9129,39781388.0687
9130,39783109.3783
9131,39784828.7623
9132,39786546.2205
9133,39788261.7527
9134,39789975.3589
9135,39791687.0387
9136,39793396.7921
9137,39795104.6189
9138,39796810.5189
9139,39798514.4919
9140,39800216.5378
9141,39801916.6565
9142,39803614.8476
9143,39805311.1111
9144,39807005.4469
9145,39808697.8546
9146,39810388.3342
9147,39812076.8856
9148,39813763.5084
9149,39815448.2027
9150,39817130.9681
9151,39818811.8046
9152,39820490.7119
9153,39822167.69
9154,39823842.7386
9155,39825515.8575
9156,39827187.0467
9157,39828856.3059
9158,39830523.635
9159,39832189.0338
9160,39833852.5022
9161,39835514.04
9162,39837173.6469
9163,39838831.323
9164,39840487.0679
9165,39842140.8815
9166,39843792.7638
9167,39845442.7144
9168,39847090.7333
9169,39848736.8202
9170,39850380.9751
9171,39852023.1977
9172,39853663.488
9173,39855301.8456
9174,39856938.2705
9175,39858572.7626
9176,39860205.3216
9177,39861835.9473
9178,39863464.6397
9179,39865091.3986
9180,39866716.2237
9181,39868339.115
9182,39869960.0723
9183,39871579.0954
9184,39873196.1842
9185,39874811.3385
9186,39876424.5581
9187,39878035.8429
9188,39879645.1928
9189,39881252.6075
9190,39882858.0869
9191,39884461.6309
9192,39886063.2392
9193,39887662.9118
9194,39889260.6485
9195,39890856.4491
9196,39892450.3134
9197,39894042.2414
9198,39895632.2328
9199,39897220.2875
9200,39898806.4053
9201,39900390.5861
9202,39901972.8297
9203,39903553.136
9204,39905131.5048
9205,39906707.936
9206,39908282.4293
9207,39909854.9847
9208,39911425.602
9209,39912994.281
9210,39914561.0216
9211,39916125.8236
9212,39917688.6869
9213,39919249.6113
9214,39920808.5966
9215,39922365.6428
9216,39923920.7496
9217,39925473.9169
9218,39927025.1445
9219,39928574.4324
9220,39930121.7803
9221,39931667.188
9222,39933210.6555
9223,39934752.1826
9224,39936291.7692
9225,39937829.415
9226,39939365.1199
9227,39940898.8838
9228,39942430.7065
9229,39943960.5879
9230,39945488.5278
9231,39947014.5261
9232,39948538.5826
9233,39950060.6972
9234,39951580.8697
9235,39953099.0999
9236,39954615.3878
9237,39956129.7332
9238,39957642.1359
9239,39959152.5957
9240,39960661.1126
9241,39962167.6863
9242,39963672.3168
9243,39965175.0038
9244,39966675.7473
9245,39968174.5471
9246,39969671.4029
9247,39971166.3148
9248,39972659.2825
9249,39974150.3059
9250,39975639.3849
9251,39977126.5192
9252,39978611.7088
9253,39980094.9535
9254,39981576.2531
9255,39983055.6075
9256,39984533.0167
9257,39986008.4803
9258,39987481.9983
9259,39988953.5705
9260,39990423.1968
9261,39991890.8771
9262,39993356.6111
9263,39994820.3988
9264,39996282.24
9265,39997742.1345
9266,39999200.0823
9267,40000656.0831
9268,40002110.1369
9269,40003562.2434
9270,40005012.4026
9271,40006460.6143
9272,40007906.8783
9273,40009351.1946
9274,40010793.5629
9275,40012233.9831
9276,40013672.4552
9277,40015108.9788
9278,40016543.554
9279,40017976.1805
9280,40019406.8583
9281,40020835.5871
9282,40022262.3668
9283,40023687.1974
9284,40025110.0786
9285,40026531.0103
9286,40027949.9924
9287,40029367.0247
9288,40030782.1072
9289,40032195.2395
9290,40033606.4217
9291,40035015.6536
9292,40036422.935
9293,40037828.2658
9294,40039231.6459
9295,40040633.075
9296,40042032.5532
9297,40043430.0802
9298,40044825.6559
9299,40046219.2802
9300,40047610.9529
9301,40049000.6739
9302,40050388.443
9303,40051774.2602
9304,40053158.1253
9305,40054540.0381
9306,40055919.9985
9307,40057298.0064
9308,40058674.0616
9309,40060048.164
9310,40061420.3135
9311,40062790.51
9312,40064158.7532
9313,40065525.0431
9314,40066889.3795
9315,40068251.7623
9316,40069612.1913
9317,40070970.6665
9318,40072327.1877
9319,40073681.7547
9320,40075034.3674
9321,40076385.0257
9322,40077733.7295
9323,40079080.4786
9324,40080425.2729
9325,40081768.1123
9326,40083108.9965
9327,40084447.9256
9328,40085784.8993
9329,40087119.9175
9330,40088452.9802
9331,40089784.0871
9332,40091113.2381
9333,40092440.4331
9334,40093765.672
9335,40095088.9547
9336,40096410.2809
9337,40097729.6507
9338,40099047.0637
9339,40100362.52
9340,40101676.0194
9341,40102987.5618
9342,40104297.1469
9343,40105604.7748
9344,40106910.4452
9345,40108214.1581
9346,40109515.9133
9347,40110815.7107
9348,40112113.5501
9349,40113409.4315
9350,40114703.3546
9351,40115995.3195
9352,40117285.3259
9353,40118573.3737
9354,40119859.4627
9355,40121143.593
9356,40122425.7643
9357,40123705.9765
9358,40124984.2295
9359,40126260.5231
9360,40127534.8573
9361,40128807.2319
9362,40130077.6467
9363,40131346.1018
9364,40132612.5968
9365,40133877.1318
9366,40135139.7065
9367,40136400.3209
9368,40137658.9748
9369,40138915.6682
9370,40140170.4008
9371,40141423.1725
9372,40142673.9834
9373,40143922.8331
9374,40145169.7216
9375,40146414.6488
9376,40147657.6145
9377,40148898.6186
9378,40150137.6611
9379,40151374.7417
9380,40152609.8604
9381,40153843.017
9382,40155074.2114
9383,40156303.4435
9384,40157530.7132
9385,40158756.0203
9386,40159979.3647
9387,40161200.7464
9388,40162420.1651
9389,40163637.6208
9390,40164853.1133
9391,40166066.6426
9392,40167278.2085
9393,40168487.8108
9394,40169695.4495
9395,40170901.1245
9396,40172104.8356
9397,40173306.5827
9398,40174506.3657
9399,40175704.1844
9400,40176900.0388
9401,40178093.9288
9402,40179285.8541
9403,40180475.8148
9404,40181663.8107
9405,40182849.8416
9406,40184033.9074
9407,40185216.0081
9408,40186396.1435
9409,40187574.3135
9410,40188750.518
9411,40189924.7569
9412,40191097.03
9413,40192267.3372
9414,40193435.6785
9415,40194602.0536
9416,40195766.4626
9417,40196928.9052
9418,40198089.3813
9419,40199247.891
9420,40200404.4339
9421,40201559.0101
9422,40202711.6193
9423,40203862.2616
9424,40205010.9367
9425,40206157.6446
9426,40207302.3852
9427,40208445.1582
9428,40209585.9637
9429,40210724.8015
9430,40211861.6715
9431,40212996.5736
9432,40214129.5077
9433,40215260.4736
9434,40216389.4713
9435,40217516.5006
9436,40218641.5614
9437,40219764.6537
9438,40220885.7772
9439,40222004.932
9440,40223122.1178
9441,40224237.3346
9442,40225350.5823
9443,40226461.8607
9444,40227571.1698
9445,40228678.5094
9446,40229783.8794
9447,40230887.2798
9448,40231988.7103
9449,40233088.171
9450,40234185.6616
9451,40235281.1821
9452,40236374.7324
9453,40237466.3124
9454,40238555.9219
9455,40239643.5609
9456,40240729.2292
9457,40241812.9267
9458,40242894.6534
9459,40243974.4091
9460,40245052.1937
9461,40246128.0072
9462,40247201.8493
9463,40248273.72
9464,40249343.6193
9465,40250411.5469
9466,40251477.5027
9467,40252541.4868
9468,40253603.4989
9469,40254663.539
9470,40255721.607
9471,40256777.7027
9472,40257831.8261
9473,40258883.977
9474,40259934.1554
9475,40260982.3611
9476,40262028.594
9477,40263072.8541
9478,40264115.1412
9479,40265155.4552
9480,40266193.7961
9481,40267230.1636
9482,40268264.5578
9483,40269296.9786
9484,40270327.4257
9485,40271355.8991
9486,40272382.3988
9487,40273406.9246
9488,40274429.4764
9489,40275450.0541
9490,40276468.6576
9491,40277485.2868
9492,40278499.9416
9493,40279512.6219
9494,40280523.3277
9495,40281532.0587
9496,40282538.815
9497,40283543.5964
9498,40284546.4027
9499,40285547.234
9500,40286546.0901
9501,40287542.971
9502,40288537.8764
9503,40289530.8063
9504,40290521.7607
9505,40291510.7394
9506,40292497.7423
9507,40293482.7694
9508,40294465.8205
9509,40295446.8955
9510,40296425.9943
9511,40297403.1169
9512,40298378.2631
9513,40299351.4329
9514,40300322.6261
9515,40301291.8427
9516,40302259.0825
9517,40303224.3455
9518,40304187.6316
9519,40305148.9406
9520,40306108.2726
9521,40307065.6273
9522,40308021.0046
9523,40308974.4046
9524,40309925.8271
9525,40310875.272
9526,40311822.7392
9527,40312768.2287
9528,40313711.7402
9529,40314653.2738
9530,40315592.8293
9531,40316530.4067
9532,40317466.0058
9533,40318399.6266
9534,40319331.269
9535,40320260.9328
9536,40321188.618
9537,40322114.3246
9538,40323038.0523
9539,40323959.8011
9540,40324879.571
9541,40325797.3618
9542,40326713.1734
9543,40327627.0058
9544,40328538.8588
9545,40329448.7324
9546,40330356.6265
9547,40331262.541
9548,40332166.4758
9549,40333068.4308
9550,40333968.4059
9551,40334866.401
9552,40335762.4161
9553,40336656.4511
9554,40337548.5058
9555,40338438.5802
9556,40339326.6742
9557,40340212.7877
9558,40341096.9206
9559,40341979.0728
9560,40342859.2443
9561,40343737.435
9562,40344613.6447
9563,40345487.8734
9564,40346360.1209
9565,40347230.3873
9566,40348098.6725
9567,40348964.9762
9568,40349829.2985
9569,40350691.6393
9570,40351551.9985
9571,40352410.376
9572,40353266.7716
9573,40354121.1854
9574,40354973.6173
9575,40355824.0671
9576,40356672.5348
9577,40357519.0203
9578,40358363.5234
9579,40359206.0443
9580,40360046.5826
9581,40360885.1384
9582,40361721.7116
9583,40362556.3021
9584,40363388.9098
9585,40364219.5346
9586,40365048.1765
9587,40365874.8353
9588,40366699.511
9589,40367522.2036
9590,40368342.9128
9591,40369161.6387
9592,40369978.3811
9593,40370793.14
9594,40371605.9154
9595,40372416.707
9596,40373225.5149
9597,40374032.3389
9598,40374837.179
9599,40375640.0351
9600,40376440.9071
9601,40377239.795
9602,40378036.6986
9603,40378831.618
9604,40379624.5529
9605,40380415.5033
9606,40381204.4692
9607,40381991.4505
9608,40382776.447
9609,40383559.4588
9610,40384340.4857
9611,40385119.5276
9612,40385896.5846
9613,40386671.6564
9614,40387444.7431
9615,40388215.8446
9616,40388984.9607
9617,40389752.0914
9618,40390517.2366
9619,40391280.3963
9620,40392041.5704
9621,40392800.7588
9622,40393557.9614
9623,40394313.1781
9624,40395066.4089
9625,40395817.6537
9626,40396566.9125
9627,40397314.1851
9628,40398059.4714
9629,40398802.7715
9630,40399544.0852
9631,40400283.4125
9632,40401020.7533
9633,40401756.1074
9634,40402489.4749
9635,40403220.8557
9636,40403950.2497
9637,40404677.6568
9638,40405403.0769
9639,40406126.51
9640,40406847.9561
9641,40407567.4149
9642,40408284.8866
9643,40409000.3709
9644,40409713.8678
9645,40410425.3773
9646,40411134.8993
9647,40411842.4337
9648,40412547.9805
9649,40413251.5395
9650,40413953.1107
9651,40414652.6941
9652,40415350.2895
9653,40416045.8969
9654,40416739.5163
9655,40417431.1475
9656,40418120.7905
9657,40418808.4452
9658,40419494.1116
9659,40420177.7895
9660,40420859.479
9661,40421539.1799
9662,40422216.8923
9663,40422892.6159
9664,40423566.3508
9665,40424238.0968
9666,40424907.854
9667,40425575.6223
9668,40426241.4015
9669,40426905.1916
9670,40427566.9926
9671,40428226.8044
9672,40428884.6269
9673,40429540.4601
9674,40430194.3038
9675,40430846.1581
9676,40431496.0229
9677,40432143.898
9678,40432789.7835
9679,40433433.6793
9680,40434075.5852
9681,40434715.5014
9682,40435353.4276
9683,40435989.3638
9684,40436623.3099
9685,40437255.266
9686,40437885.2319
9687,40438513.2075
9688,40439139.1929
9689,40439763.1879
9690,40440385.1925
9691,40441005.2066
9692,40441623.2302
9693,40442239.2631
9694,40442853.3054
9695,40443465.357
9696,40444075.4178
9697,40444683.4877
9698,40445289.5668
9699,40445893.6548
9700,40446495.7519
9701,40447095.8578
9702,40447693.9727
9703,40448290.0963
9704,40448884.2286
9705,40449476.3697
9706,40450066.5193
9707,40450654.6775
9708,40451240.8442
9709,40451825.0194
9710,40452407.2029
9711,40452987.3948
9712,40453565.5949
9713,40454141.8033
9714,40454716.0198
9715,40455288.2444
9716,40455858.477
9717,40456426.7177
9718,40456992.9663
9719,40457557.2227
9720,40458119.487
9721,40458679.759
9722,40459238.0387
9723,40459794.3261
9724,40460348.6211
9725,40460900.9236
9726,40461451.2336
9727,40461999.551
9728,40462545.8758
9729,40463090.2079
9730,40463632.5473
9731,40464172.8939
9732,40464711.2477
9733,40465247.6086
9734,40465781.9765
9735,40466314.3515
9736,40466844.7333
9737,40467373.1221
9738,40467899.5177
9739,40468423.9201
9740,40468946.3293
9741,40469466.7451
9742,40469985.1675
9743,40470501.5966
9744,40471016.0321
9745,40471528.4742
9746,40472038.9227
9747,40472547.3775
9748,40473053.8387
9749,40473558.3061
9750,40474060.7798
9751,40474561.2597
9752,40475059.7456
9753,40475556.2377
9754,40476050.7358
9755,40476543.2398
9756,40477033.7498
9757,40477522.2656
9758,40478008.7873
9759,40478493.3148
9760,40478975.848
9761,40479456.3868
9762,40479934.9314
9763,40480411.4815
9764,40480886.0371
9765,40481358.5982
9766,40481829.1648
9767,40482297.7367
9768,40482764.3141
9769,40483228.8967
9770,40483691.4846
9771,40484152.0776
9772,40484610.6759
9773,40485067.2792
9774,40485521.8877
9775,40485974.5011
9776,40486425.1196
9777,40486873.7429
9778,40487320.3712
9779,40487765.0043
9780,40488207.6422
9781,40488648.2848
9782,40489086.9322
9783,40489523.5842
9784,40489958.2408
9785,40490390.902
9786,40490821.5678
9787,40491250.238
9788,40491676.9127
9789,40492101.5917
9790,40492524.2752
9791,40492944.9629
9792,40493363.6549
9793,40493780.3512
9794,40494195.0516
9795,40494607.7562
9796,40495018.4648
9797,40495427.1776
9798,40495833.8943
9799,40496238.615
9800,40496641.3397
9801,40497042.0682
9802,40497440.8006
9803,40497837.5368
9804,40498232.2768
9805,40498625.0205
9806,40499015.7678
9807,40499404.5188
9808,40499791.2735
9809,40500176.0316
9810,40500558.7934
9811,40500939.5585
9812,40501318.3272
9813,40501695.0992
9814,40502069.8746
9815,40502442.6533
9816,40502813.4353
9817,40503182.2206
9818,40503549.009
9819,40503913.8006
9820,40504276.5954
9821,40504637.3932
9822,40504996.1941
9823,40505352.998
9824,40505707.8049
9825,40506060.6147
9826,40506411.4273
9827,40506760.2429
9828,40507107.0613
9829,40507451.8824
9830,40507794.7063
9831,40508135.5329
9832,40508474.3621
9833,40508811.194
9834,40509146.0285
9835,40509478.8655
9836,40509809.7051
9837,40510138.5471
9838,40510465.3915
9839,40510790.2384
9840,40511113.0876
9841,40511433.9392
9842,40511752.793
9843,40512069.6491
9844,40512384.5074
9845,40512697.3679
9846,40513008.2305
9847,40513317.0952
9848,40513623.962
9849,40513928.8308
9850,40514231.7016
9851,40514532.5744
9852,40514831.4491
9853,40515128.3256
9854,40515423.204
9855,40515716.0842
9856,40516006.9661
9857,40516295.8498
9858,40516582.7352
9859,40516867.6222
9860,40517150.5108
9861,40517431.401
9862,40517710.2927
9863,40517987.1859
9864,40518262.0805
9865,40518534.9766
9866,40518805.874
9867,40519074.7728
9868,40519341.6729
9869,40519606.5742
9870,40519869.4767
9871,40520130.3804
9872,40520389.2852
9873,40520646.1911
9874,40520901.098
9875,40521154.006
9876,40521404.9148
9877,40521653.8246
9878,40521900.7353
9879,40522145.6468
9880,40522388.559
9881,40522629.4719
9882,40522868.3856
9883,40523105.2998
9884,40523340.2146
9885,40523573.13
9886,40523804.0458
9887,40524032.9621
9888,40524259.8787
9889,40524484.7956
9890,40524707.7127
9891,40524928.6301
9892,40525147.5476
9893,40525364.4652
9894,40525579.3827
9895,40525792.3002
9896,40526003.2176
9897,40526212.1349
9898,40526419.0518
9899,40526623.9684
9900,40526826.8846
9901,40527027.8004
9902,40527226.7155
9903,40527423.63
9904,40527618.5438
9905,40527811.4567
9906,40528002.3688
9907,40528191.2798
9908,40528378.1897
9909,40528563.0983
9910,40528746.0057
9911,40528926.9115
9912,40529105.8158
9913,40529282.7185
9914,40529457.6192
9915,40529630.518
9916,40529801.4147
9917,40529970.3092
9918,40530137.2012
9919,40530302.0905
9920,40530464.9772
9921,40530625.8608
9922,40530784.7412
9923,40530941.6183
9924,40531096.4918
9925,40531249.3614
9926,40531400.2269
9927,40531549.088
9928,40531695.9444
9929,40531840.7959
9930,40531983.6421
9931,40532124.4826
9932,40532263.3171
9933,40532400.1451
9934,40532534.9663
9935,40532667.7801
9936,40532798.5861
9937,40532927.3837
9938,40533054.1723
9939,40533178.9514
9940,40533301.7202
9941,40533422.478
9942,40533541.224
9943,40533657.9573
9944,40533772.677
9945,40533885.382
9946,40533996.0712
9947,40534104.7434
9948,40534211.3972
9949,40534316.0312
9950,40534418.6436
9951,40534519.2326
9952,40534617.7963
9953,40534714.3324
9954,40534808.8384
9955,40534901.3116
9956,40534991.7488
9957,40535080.1466
9958,40535166.5011
9959,40535250.8079
9960,40535333.0619
9961,40535413.2575
9962,40535491.3882
9963,40535567.4464
9964,40535641.4237
9965,40535713.3098
9966,40535783.0932
9967,40535850.7601
9968,40535916.2941
9969,40535979.6757
9970,40536040.8808
9971,40536099.8817
9972,40536156.6373
9973,40536211.1181
9974,40536263.2058
9975,40536313.0098
9976,40536359.8122
9977,40536405.2148
9978,40536444.0071
9979,40536488.3393
9980,40536510.8844
9981,40536565.2857
9982,40536571.4571
9983,40536640.2769
9984,40536641.2808
9985,40536717.4967
9986,40536717.6324
9987,40536800.4177
9988,40536800.4326
9989,40536890.1222
9990,40536890.1235
9991,40536986.1256
9992,40536986.1257
9993,40537087.7446
9994,40537087.7446
9995,40537194.4485
9996,40537194.4485
9997,40537305.8401
9998,40537305.8401
9999,40537421.6103
10000,40537421.6103
