# Problem: paine (FD, paper eigenvalues-head run, dense eig full spectrum)
#   -y'' + q(x) y = lambda y,  y(a) = y(b) = 0
#   [a, b] = [0, 3.14159265358979]
# Resolution N = 10000, dofs = 10000
# Computation time: 1.5098 s
n,lambda_n
1,4.89666934708
2,10.0451896357
3,16.0192663919
4,23.2662686536
5,32.2637017499
6,43.2200088423
7,56.1815741442
8,71.1529637238
9,88.1320651058
10,107.116593776
11,128.104900747
12,151.095873105
13,176.088761829
14,203.083055018
15,232.078395568
16,263.074528934
17,296.071269823
18,331.068480638
19,368.066057267
20,407.063919459
21,448.062004297
22,491.060261613
23,536.058650708
24,583.05713808
25,632.055695651
26,683.054299525
27,736.052929058
28,791.051566132
29,848.050194585
30,907.048799819
31,968.047368459
32,1031.04588808
33,1096.044347
34,1163.04273416
35,1232.04103893
36,1303.03925104
37,1376.03736048
38,1451.03535744
39,1528.03323223
40,1607.03097523
41,1688.02857691
42,1771.02602771
43,1856.02331805
44,1943.02043835
45,2032.01737891
46,2123.01412999
47,2216.01068173
48,2311.00702419
49,2408.00314727
50,2506.99904079
51,2607.9946944
52,2710.99009762
53,2815.98523981
54,2922.98011019
55,3031.97469781
56,3142.96899157
57,3255.96298018
58,3370.95665223
59,3487.94999606
60,3606.94299991
61,3727.93565178
62,3850.92793955
63,3975.91985087
64,4102.91137325
65,4231.90249397
66,4362.89320016
67,4495.88347876
68,4630.87331651
69,4767.86269997
70,4906.8516155
71,5047.8400493
72,5190.82798734
73,5335.81541543
74,5482.80231918
75,5631.788684
76,5782.77449512
77,5935.75973757
78,6090.74439619
79,6247.72845562
80,6406.71190033
81,6567.69471455
82,6730.67688237
83,6895.65838765
84,7062.63921406
85,7231.6193451
86,7402.59876403
87,7575.57745396
88,7750.55539779
89,7927.5325782
90,8106.50897772
91,8287.48457863
92,8470.45936307
93,8655.43331294
94,8842.40640998
95,9031.3786357
96,9222.34997145
97,9415.32039835
98,9610.28989733
99,9807.25844914
100,10006.2260343
101,10207.1926333
102,10410.1582261
103,10615.1227927
104,10822.0863129
105,11031.0487663
106,11242.0101322
107,11454.9703899
108,11669.9295181
109,11886.8874959
110,12105.8443016
111,12326.7999138
112,12549.7543105
113,12774.7074699
114,13001.6593696
115,13230.6099873
116,13461.5593004
117,13694.507286
118,13929.4539213
119,14166.3991829
120,14405.3430475
121,14646.2854916
122,14889.2264913
123,15134.1660226
124,15381.1040614
125,15630.0405833
126,15880.9755638
127,16133.908978
128,16388.8408011
129,16645.7710078
130,16904.6995728
131,17165.6264705
132,17428.5516752
133,17693.4751609
134,17960.3969015
135,18229.3168707
136,18500.2350419
137,18773.1513883
138,19048.0658831
139,19324.9784991
140,19603.8892089
141,19884.7979851
142,20167.7048
143,20452.6096255
144,20739.5124336
145,21028.413196
146,21319.3118842
147,21612.2084695
148,21907.1029229
149,22203.9952153
150,22502.8853175
151,22803.7732
152,23106.6588331
153,23411.5421868
154,23718.4232311
155,24027.3019357
156,24338.1782702
157,24651.0522038
158,24965.9237056
159,25282.7927447
160,25601.6592897
161,25922.5233092
162,26245.3847715
163,26570.2436447
164,26897.0998968
165,27225.9534956
166,27556.8044085
167,27889.6526029
168,28224.4980461
169,28561.3407048
170,28900.180546
171,29241.0175362
172,29583.8516417
173,29928.6828286
174,30275.5110631
175,30624.3363108
176,30975.1585373
177,31327.9777081
178,31682.7937882
179,32039.6067427
180,32398.4165364
181,32759.2231339
182,33122.0264995
183,33486.8265975
184,33853.6233918
185,34222.4168463
186,34593.2069246
187,34965.99359
188,35340.7768059
189,35717.5565352
190,36096.3327407
191,36477.105385
192,36859.8744307
193,37244.6398399
194,37631.4015746
195,38020.1595967
196,38410.9138678
197,38803.6643493
198,39198.4110026
199,39595.1537886
200,39993.8926683
201,40394.6276022
202,40797.3585508
203,41202.0854743
204,41608.8083329
205,42017.5270864
206,42428.2416945
207,42840.9521166
208,43255.6583121
209,43672.3602399
210,44091.057859
211,44511.751128
212,44934.4400055
213,45359.1244498
214,45785.8044188
215,46214.4798706
216,46645.1507628
217,47077.817053
218,47512.4786984
219,47949.1356561
220,48387.7878831
221,48828.435336
222,49271.0779714
223,49715.7157456
224,50162.3486148
225,50610.9765348
226,51061.5994615
227,51514.2173502
228,51968.8301564
229,52425.4378352
230,52884.0403416
231,53344.6376302
232,53807.2296557
233,54271.8163724
234,54738.3977345
235,55206.9736958
236,55677.5442102
237,56150.1092313
238,56624.6687123
239,57101.2226066
240,57579.770867
241,58060.3134463
242,58542.8502972
243,59027.3813719
244,59513.9066227
245,60002.4260016
246,60492.9394604
247,60985.4469507
248,61479.9484238
249,61976.443831
250,62474.9331233
251,62975.4162515
252,63477.8931662
253,63982.3638178
254,64488.8281565
255,64997.2861325
256,65507.7376954
257,66020.1827949
258,66534.6213806
259,67051.0534015
260,67569.4788067
261,68089.8975451
262,68612.3095654
263,69136.7148159
264,69663.113245
265,70191.5048007
266,70721.8894308
267,71254.267083
268,71788.6377048
269,72325.0012435
270,72863.357646
271,73403.7068594
272,73946.0488303
273,74490.3835051
274,75036.7108301
275,75585.0307515
276,76135.3432152
277,76687.6481668
278,77241.9455518
279,77798.2353155
280,78356.5174031
281,78916.7917594
282,79479.0583293
283,80043.3170571
284,80609.5678872
285,81177.8107637
286,81748.0456306
287,82320.2724316
288,82894.4911102
289,83470.7016098
290,84048.9038734
291,84629.0978441
292,85211.2834647
293,85795.4606775
294,86381.6294251
295,86969.7896496
296,87559.9412928
297,88152.0842967
298,88746.2186027
299,89342.3441523
300,89940.4608865
301,90540.5687465
302,91142.667673
303,91746.7576065
304,92352.8384874
305,92960.910256
306,93570.9728523
307,94183.0262159
308,94797.0702867
309,95413.1050039
310,96031.1303068
311,96651.1461343
312,97273.1524254
313,97897.1491186
314,98523.1361523
315,99151.1134649
316,99781.0809942
317,100413.038678
318,101046.986454
319,101682.924261
320,102320.852034
321,102960.769711
322,103602.677229
323,104246.574524
324,104892.461534
325,105540.338193
326,106190.20444
327,106842.060208
328,107495.905434
329,108151.740054
330,108809.564002
331,109469.377214
332,110131.179625
333,110794.971169
334,111460.751781
335,112128.521395
336,112798.279946
337,113470.027366
338,114143.76359
339,114819.488552
340,115497.202185
341,116176.904421
342,116858.595194
343,117542.274437
344,118227.942081
345,118915.598061
346,119605.242306
347,120296.87475
348,120990.495324
349,121686.103961
350,122383.70059
351,123083.285143
352,123784.857552
353,124488.417747
354,125193.965658
355,125901.501217
356,126611.024353
357,127322.534995
358,128036.033075
359,128751.518522
360,129468.991264
361,130188.451231
362,130909.898353
363,131633.332558
364,132358.753774
365,133086.16193
366,133815.556955
367,134546.938775
368,135280.30732
369,136015.662517
370,136753.004292
371,137492.332575
372,138233.64729
373,138976.948366
374,139722.235729
375,140469.509305
376,141218.769021
377,141970.014802
378,142723.246575
379,143478.464266
380,144235.667799
381,144994.8571
382,145756.032095
383,146519.192707
384,147284.338862
385,148051.470485
386,148820.587498
387,149591.689828
388,150364.777397
389,151139.850129
390,151916.907948
391,152695.950777
392,153476.978539
393,154259.991158
394,155044.988555
395,155831.970654
396,156620.937376
397,157411.888644
398,158204.824381
399,158999.744506
400,159796.648943
401,160595.537613
402,161396.410436
403,162199.267334
404,163004.108227
405,163810.933037
406,164619.741683
407,165430.534085
408,166243.310164
409,167058.069839
410,167874.813031
411,168693.539658
412,169514.249639
413,170336.942894
414,171161.619342
415,171988.278901
416,172816.921489
417,173647.547025
418,174480.155426
419,175314.746612
420,176151.320498
421,176989.877004
422,177830.416045
423,178672.937539
424,179517.441404
425,180363.927554
426,181212.395908
427,182062.846381
428,182915.27889
429,183769.69335
430,184626.089676
431,185484.467786
432,186344.827593
433,187207.169012
434,188071.49196
435,188937.79635
436,189806.082097
437,190676.349116
438,191548.597319
439,192422.826623
440,193299.036939
441,194177.228182
442,195057.400265
443,195939.553101
444,196823.686603
445,197709.800684
446,198597.895257
447,199487.970233
448,200380.025525
449,201274.061045
450,202170.076705
451,203068.072416
452,203968.04809
453,204870.003637
454,205773.93897
455,206679.853998
456,207587.748632
457,208497.622783
458,209409.476361
459,210323.309276
460,211239.121438
461,212156.912756
462,213076.68314
463,213998.432499
464,214922.160742
465,215847.867778
466,216775.553515
467,217705.217863
468,218636.860729
469,219570.482021
470,220506.081648
471,221443.659517
472,222383.215535
473,223324.749609
474,224268.261648
475,225213.751557
476,226161.219244
477,227110.664615
478,228062.087576
479,229015.488033
480,229970.865893
481,230928.22106
482,231887.553441
483,232848.862941
484,233812.149465
485,234777.412918
486,235744.653205
487,236713.87023
488,237685.063897
489,238658.234111
490,239633.380777
491,240610.503796
492,241589.603074
493,242570.678513
494,243553.730017
495,244538.757489
496,245525.760831
497,246514.739946
498,247505.694737
499,248498.625106
500,249493.530954
501,250490.412184
502,251489.268697
503,252490.100395
504,253492.907178
505,254497.688949
506,255504.445607
507,256513.177054
508,257523.88319
509,258536.563914
510,259551.219128
511,260567.848732
512,261586.452624
513,262607.030704
514,263629.582872
515,264654.109027
516,265680.609067
517,266709.082891
518,267739.530399
519,268771.951487
520,269806.346055
521,270842.714
522,271881.055219
523,272921.369612
524,273963.657074
525,275007.917503
526,276054.150796
527,277102.356849
528,278152.53556
529,279204.686825
530,280258.810539
531,281314.906599
532,282372.9749
533,283433.015339
534,284495.02781
535,285559.01221
536,286624.968431
537,287692.896371
538,288762.795922
539,289834.666981
540,290908.50944
541,291984.323194
542,293062.108137
543,294141.864162
544,295223.591163
545,296307.289033
546,297392.957665
547,298480.596953
548,299570.206788
549,300661.787063
550,301755.337671
551,302850.858503
552,303948.349452
553,305047.810409
554,306149.241265
555,307252.641913
556,308358.012243
557,309465.352146
558,310574.661512
559,311685.940233
560,312799.188199
561,313914.405299
562,315031.591424
563,316150.746464
564,317271.870308
565,318394.962845
566,319520.023965
567,320647.053556
568,321776.051508
569,322907.017709
570,324039.952048
571,325174.854412
572,326311.724689
573,327450.562768
574,328591.368536
575,329734.141881
576,330878.882689
577,332025.590848
578,333174.266245
579,334324.908766
580,335477.518298
581,336632.094726
582,337788.637938
583,338947.147819
584,340107.624254
585,341270.06713
586,342434.47633
587,343600.851742
588,344769.193249
589,345939.500736
590,347111.774087
591,348286.013188
592,349462.217921
593,350640.388172
594,351820.523824
595,353002.624759
596,354186.690863
597,355372.722017
598,356560.718105
599,357750.67901
600,358942.604614
601,360136.494799
602,361332.349448
603,362530.168443
604,363729.951666
605,364931.698997
606,366135.41032
607,367341.085514
608,368548.72446
609,369758.327041
610,370969.893135
611,372183.422625
612,373398.915389
613,374616.371309
614,375835.790263
615,377057.172132
616,378280.516795
617,379505.824132
618,380733.094021
619,381962.326341
620,383193.520971
621,384426.67779
622,385661.796676
623,386898.877507
624,388137.92016
625,389378.924515
626,390621.890447
627,391866.817835
628,393113.706556
629,394362.556486
630,395613.367503
631,396866.139483
632,398120.872302
633,399377.565837
634,400636.219964
635,401896.834557
636,403159.409494
637,404423.944649
638,405690.439898
639,406958.895116
640,408229.310177
641,409501.684956
642,410776.019327
643,412052.313166
644,413330.566345
645,414610.778739
646,415892.950222
647,417177.080666
648,418463.169946
649,419751.217934
650,421041.224503
651,422333.189525
652,423627.112875
653,424922.994423
654,426220.834042
655,427520.631603
656,428822.38698
657,430126.100042
658,431431.770661
659,432739.39871
660,434048.984058
661,435360.526576
662,436674.026135
663,437989.482605
664,439306.895857
665,440626.26576
666,441947.592185
667,443270.875001
668,444596.114077
669,445923.309282
670,447252.460486
671,448583.567558
672,449916.630365
673,451251.648778
674,452588.622663
675,453927.551889
676,455268.436323
677,456611.275835
678,457956.07029
679,459302.819556
680,460651.523501
681,462002.181991
682,463354.794894
683,464709.362074
684,466065.8834
685,467424.358736
686,468784.78795
687,470147.170906
688,471511.507471
689,472877.797509
690,474246.040886
691,475616.237467
692,476988.387117
693,478362.489699
694,479738.54508
695,481116.553122
696,482496.51369
697,483878.426648
698,485262.291859
699,486648.109187
700,488035.878495
701,489425.599646
702,490817.272503
703,492210.896929
704,493606.472786
705,495003.999936
706,496403.478242
707,497804.907565
708,499208.287767
709,500613.61871
710,502020.900255
711,503430.132263
712,504841.314595
713,506254.447112
714,507669.529674
715,509086.562142
716,510505.544376
717,511926.476236
718,513349.357582
719,514774.188272
720,516200.968168
721,517629.697127
722,519060.375009
723,520493.001673
724,521927.576977
725,523364.10078
726,524802.57294
727,526242.993315
728,527685.361763
729,529129.678142
730,530575.942309
731,532024.154121
732,533474.313436
733,534926.42011
734,536380.474
735,537836.474963
736,539294.422855
737,540754.317532
738,542216.15885
739,543679.946665
740,545145.680832
741,546613.361207
742,548082.987644
743,549554.56
744,551028.078128
745,552503.541884
746,553980.951121
747,555460.305694
748,556941.605457
749,558424.850264
750,559910.039968
751,561397.174423
752,562886.253482
753,564377.276998
754,565870.244824
755,567365.156813
756,568862.012817
757,570360.812689
758,571861.55628
759,573364.243443
760,574868.874028
761,576375.447889
762,577883.964876
763,579394.42484
764,580906.827632
765,582421.173103
766,583937.461103
767,585455.691483
768,586975.864094
769,588497.978784
770,590022.035405
771,591548.033805
772,593075.973833
773,594605.85534
774,596137.678174
775,597671.442185
776,599207.147219
777,600744.793127
778,602284.379757
779,603825.906955
780,605369.374571
781,606914.782453
782,608462.130446
783,610011.4184
784,611562.646161
785,613115.813575
786,614670.920491
787,616227.966753
788,617786.952209
789,619347.876705
790,620910.740087
791,622475.5422
792,624042.28289
793,625610.962002
794,627181.579383
795,628754.134876
796,630328.628326
797,631905.059579
798,633483.428479
799,635063.734869
800,636645.978594
801,638230.159498
802,639816.277424
803,641404.332217
804,642994.323719
805,644586.251773
806,646180.116222
807,647775.91691
808,649373.653678
809,650973.326368
810,652574.934824
811,654178.478887
812,655783.958399
813,657391.373201
814,659000.723134
815,660612.008041
816,662225.227761
817,663840.382137
818,665457.471007
819,667076.494214
820,668697.451596
821,670320.342995
822,671945.168249
823,673571.927199
824,675200.619685
825,676831.245544
826,678463.804617
827,680098.296743
828,681734.721759
829,683373.079505
830,685013.369819
831,686655.592539
832,688299.747504
833,689945.83455
834,691593.853515
835,693243.804237
836,694895.686553
837,696549.5003
838,698205.245315
839,699862.921434
840,701522.528494
841,703184.066331
842,704847.534781
843,706512.93368
844,708180.262863
845,709849.522167
846,711520.711426
847,713193.830475
848,714868.87915
849,716545.857285
850,718224.764714
851,719905.601272
852,721588.366794
853,723273.061112
854,724959.684061
855,726648.235475
856,728338.715186
857,730031.123028
858,731725.458834
859,733421.722436
860,735119.913668
861,736820.032362
862,738522.07835
863,740226.051464
864,741931.951535
865,743639.778397
866,745349.531879
867,747061.211814
868,748774.818032
869,750490.350364
870,752207.808642
871,753927.192695
872,755648.502354
873,757371.737449
874,759096.89781
875,760823.983267
876,762552.99365
877,764283.928787
878,766016.788508
879,767751.572642
880,769488.281018
881,771226.913464
882,772967.469809
883,774709.949881
884,776454.353508
885,778200.680519
886,779948.93074
887,781699.103999
888,783451.200124
889,785205.218941
890,786961.160278
891,788719.023962
892,790478.809818
893,792240.517673
894,794004.147353
895,795769.698685
896,797537.171494
897,799306.565605
898,801077.880845
899,802851.117037
900,804626.274009
901,806403.351583
902,808182.349585
903,809963.267839
904,811746.10617
905,813530.864401
906,815317.542357
907,817106.139861
908,818896.656736
909,820689.092807
910,822483.447895
911,824279.721825
912,826077.914418
913,827878.025498
914,829680.054887
915,831484.002406
916,833289.867879
917,835097.651126
918,836907.351969
919,838718.970231
920,840532.505731
921,842347.958291
922,844165.327732
923,845984.613875
924,847805.81654
925,849628.935547
926,851453.970716
927,853280.921868
928,855109.788822
929,856940.571397
930,858773.269414
931,860607.88269
932,862444.411046
933,864282.8543
934,866123.212269
935,867965.484774
936,869809.671632
937,871655.772661
938,873503.787679
939,875353.716503
940,877205.558951
941,879059.314841
942,880914.983989
943,882772.566212
944,884632.061327
945,886493.469151
946,888356.789499
947,890222.022189
948,892089.167035
949,893958.223854
950,895829.192461
951,897702.072671
952,899576.8643
953,901453.567163
954,903332.181075
955,905212.70585
956,907095.141302
957,908979.487247
958,910865.743497
959,912753.909867
960,914643.98617
961,916535.972221
962,918429.867832
963,920325.672816
964,922223.386987
965,924123.010156
966,926024.542138
967,927927.982743
968,929833.331784
969,931740.589074
970,933649.754424
971,935560.827645
972,937473.808549
973,939388.696947
974,941305.492651
975,943224.195471
976,945144.805217
977,947067.321701
978,948991.744733
979,950918.074122
980,952846.309678
981,954776.451212
982,956708.498533
983,958642.45145
984,960578.309773
985,962516.07331
986,964455.74187
987,966397.315261
988,968340.793293
989,970286.175774
990,972233.46251
991,974182.653311
992,976133.747984
993,978086.746337
994,980041.648176
995,981998.453308
996,983957.161542
997,985917.772683
998,987880.286538
999,989844.702913
1000,991811.021615
1001,993779.242449
1002,995749.365221
1003,997721.389737
1004,999695.315802
1005,1001671.14322
1006,1003648.8718
1007,1005628.50134
1008,1007610.03166
1009,1009593.46254
1010,1011578.79381
1011,1013566.02525
1012,1015555.15668
1013,1017546.1879
1014,1019539.11872
1015,1021533.94893
1016,1023530.67834
1017,1025529.30675
1018,1027529.83397
1019,1029532.25979
1020,1031536.58403
1021,1033542.80647
1022,1035550.92694
1023,1037560.94521
1024,1039572.86111
1025,1041586.67443
1026,1043602.38496
1027,1045619.99252
1028,1047639.4969
1029,1049660.89791
1030,1051684.19534
1031,1053709.38899
1032,1055736.47867
1033,1057765.46417
1034,1059796.3453
1035,1061829.12185
1036,1063863.79362
1037,1065900.36042
1038,1067938.82204
1039,1069979.17827
1040,1072021.42893
1041,1074065.57381
1042,1076111.6127
1043,1078159.5454
1044,1080209.37172
1045,1082261.09144
1046,1084314.70438
1047,1086370.21031
1048,1088427.60905
1049,1090486.90039
1050,1092548.08413
1051,1094611.16005
1052,1096676.12797
1053,1098742.98766
1054,1100811.73894
1055,1102882.3816
1056,1104954.91543
1057,1107029.34023
1058,1109105.65579
1059,1111183.8619
1060,1113263.95837
1061,1115345.94499
1062,1117429.82155
1063,1119515.58785
1064,1121603.24368
1065,1123692.78884
1066,1125784.22311
1067,1127877.54629
1068,1129972.75819
1069,1132069.85858
1070,1134168.84726
1071,1136269.72403
1072,1138372.48867
1073,1140477.14099
1074,1142583.68077
1075,1144692.1078
1076,1146802.42188
1077,1148914.6228
1078,1151028.71035
1079,1153144.68432
1080,1155262.5445
1081,1157382.29068
1082,1159503.92266
1083,1161627.44023
1084,1163752.84317
1085,1165880.13128
1086,1168009.30434
1087,1170140.36215
1088,1172273.30449
1089,1174408.13116
1090,1176544.84195
1091,1178683.43664
1092,1180823.91502
1093,1182966.27688
1094,1185110.52201
1095,1187256.6502
1096,1189404.66123
1097,1191554.5549
1098,1193706.331
1099,1195859.9893
1100,1198015.5296
1101,1200172.95169
1102,1202332.25535
1103,1204493.44036
1104,1206656.50653
1105,1208821.45362
1106,1210988.28143
1107,1213156.98975
1108,1215327.57836
1109,1217500.04705
1110,1219674.3956
1111,1221850.62379
1112,1224028.73142
1113,1226208.71827
1114,1228390.58412
1115,1230574.32876
1116,1232759.95197
1117,1234947.45353
1118,1237136.83324
1119,1239328.09087
1120,1241521.22621
1121,1243716.23904
1122,1245913.12915
1123,1248111.89631
1124,1250312.54032
1125,1252515.06095
1126,1254719.45799
1127,1256925.73122
1128,1259133.88042
1129,1261343.90537
1130,1263555.80586
1131,1265769.58167
1132,1267985.23258
1133,1270202.75837
1134,1272422.15882
1135,1274643.43371
1136,1276866.58282
1137,1279091.60594
1138,1281318.50285
1139,1283547.27332
1140,1285777.91713
1141,1288010.43407
1142,1290244.82391
1143,1292481.08644
1144,1294719.22143
1145,1296959.22867
1146,1299201.10792
1147,1301444.85898
1148,1303690.48161
1149,1305937.97561
1150,1308187.34073
1151,1310438.57677
1152,1312691.68351
1153,1314946.66071
1154,1317203.50816
1155,1319462.22563
1156,1321722.8129
1157,1323985.26975
1158,1326249.59596
1159,1328515.7913
1160,1330783.85554
1161,1333053.78847
1162,1335325.58986
1163,1337599.25948
1164,1339874.79712
1165,1342152.20254
1166,1344431.47552
1167,1346712.61585
1168,1348995.62328
1169,1351280.4976
1170,1353567.23858
1171,1355855.846
1172,1358146.31962
1173,1360438.65924
1174,1362732.8646
1175,1365028.9355
1176,1367326.87171
1177,1369626.67299
1178,1371928.33912
1179,1374231.86988
1180,1376537.26503
1181,1378844.52436
1182,1381153.64762
1183,1383464.6346
1184,1385777.48506
1185,1388092.19878
1186,1390408.77553
1187,1392727.21508
1188,1395047.5172
1189,1397369.68167
1190,1399693.70824
1191,1402019.5967
1192,1404347.34682
1193,1406676.95836
1194,1409008.4311
1195,1411341.7648
1196,1413676.95923
1197,1416014.01417
1198,1418352.92938
1199,1420693.70464
1200,1423036.33971
1201,1425380.83436
1202,1427727.18835
1203,1430075.40147
1204,1432425.47347
1205,1434777.40413
1206,1437131.19321
1207,1439486.84047
1208,1441844.3457
1209,1444203.70865
1210,1446564.92909
1211,1448928.00679
1212,1451292.94152
1213,1453659.73304
1214,1456028.38112
1215,1458398.88552
1216,1460771.24602
1217,1463145.46237
1218,1465521.53434
1219,1467899.46171
1220,1470279.24422
1221,1472660.88166
1222,1475044.37378
1223,1477429.72035
1224,1479816.92113
1225,1482205.97589
1226,1484596.88439
1227,1486989.6464
1228,1489384.26168
1229,1491780.72999
1230,1494179.0511
1231,1496579.22477
1232,1498981.25076
1233,1501385.12884
1234,1503790.85877
1235,1506198.44032
1236,1508607.87323
1237,1511019.15729
1238,1513432.29224
1239,1515847.27785
1240,1518264.11389
1241,1520682.80011
1242,1523103.33627
1243,1525525.72214
1244,1527949.95748
1245,1530376.04205
1246,1532803.9756
1247,1535233.75791
1248,1537665.38872
1249,1540098.86781
1250,1542534.19492
1251,1544971.36982
1252,1547410.39228
1253,1549851.26203
1254,1552293.97886
1255,1554738.54251
1256,1557184.95275
1257,1559633.20933
1258,1562083.31201
1259,1564535.26056
1260,1566989.05472
1261,1569444.69425
1262,1571902.17892
1263,1574361.50848
1264,1576822.68269
1265,1579285.70131
1266,1581750.56409
1267,1584217.27078
1268,1586685.82116
1269,1589156.21496
1270,1591628.45196
1271,1594102.5319
1272,1596578.45454
1273,1599056.21963
1274,1601535.82694
1275,1604017.27621
1276,1606500.56721
1277,1608985.69969
1278,1611472.67339
1279,1613961.48808
1280,1616452.14352
1281,1618944.63944
1282,1621438.97562
1283,1623935.1518
1284,1626433.16774
1285,1628933.02319
1286,1631434.7179
1287,1633938.25163
1288,1636443.62412
1289,1638950.83515
1290,1641459.88444
1291,1643970.77176
1292,1646483.49687
1293,1648998.0595
1294,1651514.45942
1295,1654032.69637
1296,1656552.77011
1297,1659074.68039
1298,1661598.42696
1299,1664124.00956
1300,1666651.42796
1301,1669180.6819
1302,1671711.77114
1303,1674244.69541
1304,1676779.45448
1305,1679316.04809
1306,1681854.47599
1307,1684394.73793
1308,1686936.83367
1309,1689480.76294
1310,1692026.5255
1311,1694574.1211
1312,1697123.54949
1313,1699674.81041
1314,1702227.90362
1315,1704782.82885
1316,1707339.58587
1317,1709898.17441
1318,1712458.59422
1319,1715020.84506
1320,1717584.92667
1321,1720150.83879
1322,1722718.58117
1323,1725288.15357
1324,1727859.55572
1325,1730432.78737
1326,1733007.84827
1327,1735584.73816
1328,1738163.45679
1329,1740744.00391
1330,1743326.37926
1331,1745910.58258
1332,1748496.61363
1333,1751084.47214
1334,1753674.15786
1335,1756265.67053
1336,1758859.0099
1337,1761454.17572
1338,1764051.16772
1339,1766649.98566
1340,1769250.62927
1341,1771853.09829
1342,1774457.39248
1343,1777063.51157
1344,1779671.45531
1345,1782281.22343
1346,1784892.81569
1347,1787506.23182
1348,1790121.47157
1349,1792738.53468
1350,1795357.42088
1351,1797978.12993
1352,1800600.66156
1353,1803225.01552
1354,1805851.19154
1355,1808479.18936
1356,1811109.00873
1357,1813740.64939
1358,1816374.11108
1359,1819009.39353
1360,1821646.4965
1361,1824285.4197
1362,1826926.1629
1363,1829568.72582
1364,1832213.10821
1365,1834859.3098
1366,1837507.33034
1367,1840157.16956
1368,1842808.8272
1369,1845462.303
1370,1848117.59669
1371,1850774.70802
1372,1853433.63673
1373,1856094.38254
1374,1858756.9452
1375,1861421.32445
1376,1864087.52002
1377,1866755.53165
1378,1869425.35908
1379,1872097.00204
1380,1874770.46027
1381,1877445.7335
1382,1880122.82147
1383,1882801.72393
1384,1885482.44059
1385,1888164.9712
1386,1890849.3155
1387,1893535.47321
1388,1896223.44408
1389,1898913.22784
1390,1901604.82422
1391,1904298.23296
1392,1906993.45378
1393,1909690.48644
1394,1912389.33065
1395,1915089.98616
1396,1917792.45269
1397,1920496.72999
1398,1923202.81777
1399,1925910.71579
1400,1928620.42376
1401,1931331.94142
1402,1934045.26851
1403,1936760.40475
1404,1939477.34988
1405,1942196.10364
1406,1944916.66574
1407,1947639.03593
1408,1950363.21393
1409,1953089.19948
1410,1955816.9923
1411,1958546.59214
1412,1961277.99871
1413,1964011.21175
1414,1966746.23099
1415,1969483.05616
1416,1972221.68699
1417,1974962.12321
1418,1977704.36454
1419,1980448.41073
1420,1983194.26149
1421,1985941.91656
1422,1988691.37566
1423,1991442.63853
1424,1994195.70489
1425,1996950.57447
1426,1999707.247
1427,2002465.72221
1428,2005225.99982
1429,2007988.07956
1430,2010751.96117
1431,2013517.64436
1432,2016285.12886
1433,2019054.41441
1434,2021825.50072
1435,2024598.38753
1436,2027373.07456
1437,2030149.56154
1438,2032927.84819
1439,2035707.93424
1440,2038489.81941
1441,2041273.50343
1442,2044058.98603
1443,2046846.26693
1444,2049635.34585
1445,2052426.22253
1446,2055218.89668
1447,2058013.36803
1448,2060809.6363
1449,2063607.70122
1450,2066407.56251
1451,2069209.21989
1452,2072012.6731
1453,2074817.92185
1454,2077624.96586
1455,2080433.80486
1456,2083244.43857
1457,2086056.86672
1458,2088871.08902
1459,2091687.1052
1460,2094504.91498
1461,2097324.51809
1462,2100145.91423
1463,2102969.10315
1464,2105794.08455
1465,2108620.85816
1466,2111449.4237
1467,2114279.78089
1468,2117111.92946
1469,2119945.86911
1470,2122781.59958
1471,2125619.12058
1472,2128458.43183
1473,2131299.53305
1474,2134142.42397
1475,2136987.10429
1476,2139833.57375
1477,2142681.83206
1478,2145531.87893
1479,2148383.7141
1480,2151237.33727
1481,2154092.74816
1482,2156949.9465
1483,2159808.932
1484,2162669.70437
1485,2165532.26335
1486,2168396.60863
1487,2171262.73995
1488,2174130.65702
1489,2177000.35955
1490,2179871.84727
1491,2182745.11988
1492,2185620.17711
1493,2188497.01867
1494,2191375.64428
1495,2194256.05365
1496,2197138.2465
1497,2200022.22255
1498,2202907.98151
1499,2205795.52309
1500,2208684.84702
1501,2211575.953
1502,2214468.84075
1503,2217363.50999
1504,2220259.96042
1505,2223158.19177
1506,2226058.20375
1507,2228959.99607
1508,2231863.56844
1509,2234768.92058
1510,2237676.0522
1511,2240584.96302
1512,2243495.65275
1513,2246408.1211
1514,2249322.36778
1515,2252238.39251
1516,2255156.19499
1517,2258075.77495
1518,2260997.13209
1519,2263920.26612
1520,2266845.17675
1521,2269771.86371
1522,2272700.32669
1523,2275630.56541
1524,2278562.57958
1525,2281496.36891
1526,2284431.93311
1527,2287369.2719
1528,2290308.38497
1529,2293249.27205
1530,2296191.93284
1531,2299136.36704
1532,2302082.57438
1533,2305030.55456
1534,2307980.30729
1535,2310931.83228
1536,2313885.12923
1537,2316840.19785
1538,2319797.03786
1539,2322755.64897
1540,2325716.03087
1541,2328678.18328
1542,2331642.1059
1543,2334607.79845
1544,2337575.26063
1545,2340544.49214
1546,2343515.4927
1547,2346488.26201
1548,2349462.79978
1549,2352439.10571
1550,2355417.17952
1551,2358397.0209
1552,2361378.62956
1553,2364362.00521
1554,2367347.14756
1555,2370334.0563
1556,2373322.73115
1557,2376313.17181
1558,2379305.37799
1559,2382299.34938
1560,2385295.0857
1561,2388292.58665
1562,2391291.85193
1563,2394292.88125
1564,2397295.6743
1565,2400300.23081
1566,2403306.55046
1567,2406314.63296
1568,2409324.47801
1569,2412336.08533
1570,2415349.4546
1571,2418364.58554
1572,2421381.47784
1573,2424400.13121
1574,2427420.54535
1575,2430442.71996
1576,2433466.65474
1577,2436492.3494
1578,2439519.80364
1579,2442549.01715
1580,2445579.98965
1581,2448612.72082
1582,2451647.21037
1583,2454683.45801
1584,2457721.46342
1585,2460761.22632
1586,2463802.7464
1587,2466846.02336
1588,2469891.05691
1589,2472937.84673
1590,2475986.39254
1591,2479036.69402
1592,2482088.75088
1593,2485142.56282
1594,2488198.12954
1595,2491255.45073
1596,2494314.52609
1597,2497375.35533
1598,2500437.93813
1599,2503502.2742
1600,2506568.36323
1601,2509636.20493
1602,2512705.79898
1603,2515777.1451
1604,2518850.24296
1605,2521925.09227
1606,2525001.69273
1607,2528080.04404
1608,2531160.14588
1609,2534241.99796
1610,2537325.59996
1611,2540410.9516
1612,2543498.05256
1613,2546586.90253
1614,2549677.50122
1615,2552769.84832
1616,2555863.94352
1617,2558959.78651
1618,2562057.377
1619,2565156.71467
1620,2568257.79923
1621,2571360.63036
1622,2574465.20776
1623,2577571.53112
1624,2580679.60013
1625,2583789.4145
1626,2586900.9739
1627,2590014.27804
1628,2593129.32661
1629,2596246.1193
1630,2599364.6558
1631,2602484.93581
1632,2605606.95901
1633,2608730.7251
1634,2611856.23378
1635,2614983.48472
1636,2618112.47763
1637,2621243.21219
1638,2624375.6881
1639,2627509.90505
1640,2630645.86273
1641,2633783.56082
1642,2636922.99902
1643,2640064.17702
1644,2643207.09451
1645,2646351.75118
1646,2649498.14672
1647,2652646.28081
1648,2655796.15315
1649,2658947.76343
1650,2662101.11134
1651,2665256.19656
1652,2668413.01878
1653,2671571.57769
1654,2674731.87298
1655,2677893.90434
1656,2681057.67146
1657,2684223.17402
1658,2687390.41172
1659,2690559.38423
1660,2693730.09124
1661,2696902.53245
1662,2700076.70755
1663,2703252.6162
1664,2706430.25812
1665,2709609.63297
1666,2712790.74045
1667,2715973.58024
1668,2719158.15203
1669,2722344.4555
1670,2725532.49034
1671,2728722.25624
1672,2731913.75288
1673,2735106.97995
1674,2738301.93712
1675,2741498.62409
1676,2744697.04054
1677,2747897.18615
1678,2751099.06062
1679,2754302.66361
1680,2757507.99482
1681,2760715.05393
1682,2763923.84063
1683,2767134.35459
1684,2770346.5955
1685,2773560.56304
1686,2776776.2569
1687,2779993.67676
1688,2783212.8223
1689,2786433.69321
1690,2789656.28916
1691,2792880.60983
1692,2796106.65492
1693,2799334.4241
1694,2802563.91705
1695,2805795.13345
1696,2809028.07299
1697,2812262.73535
1698,2815499.1202
1699,2818737.22723
1700,2821977.05612
1701,2825218.60655
1702,2828461.87819
1703,2831706.87074
1704,2834953.58386
1705,2838202.01724
1706,2841452.17056
1707,2844704.04349
1708,2847957.63572
1709,2851212.94693
1710,2854469.97679
1711,2857728.72498
1712,2860989.19118
1713,2864251.37507
1714,2867515.27632
1715,2870780.89463
1716,2874048.22965
1717,2877317.28108
1718,2880588.04858
1719,2883860.53183
1720,2887134.73052
1721,2890410.64432
1722,2893688.2729
1723,2896967.61595
1724,2900248.67314
1725,2903531.44413
1726,2906815.92862
1727,2910102.12628
1728,2913390.03678
1729,2916679.6598
1730,2919970.99501
1731,2923264.04209
1732,2926558.80071
1733,2929855.27056
1734,2933153.45129
1735,2936453.34259
1736,2939754.94414
1737,2943058.2556
1738,2946363.27666
1739,2949670.00697
1740,2952978.44623
1741,2956288.5941
1742,2959600.45025
1743,2962914.01436
1744,2966229.2861
1745,2969546.26515
1746,2972864.95117
1747,2976185.34384
1748,2979507.44284
1749,2982831.24782
1750,2986156.75848
1751,2989483.97447
1752,2992812.89547
1753,2996143.52115
1754,2999475.85118
1755,3002809.88524
1756,3006145.62299
1757,3009483.06411
1758,3012822.20826
1759,3016163.05512
1760,3019505.60436
1761,3022849.85564
1762,3026195.80865
1763,3029543.46303
1764,3032892.81848
1765,3036243.87465
1766,3039596.63121
1767,3042951.08784
1768,3046307.24421
1769,3049665.09997
1770,3053024.65481
1771,3056385.90839
1772,3059748.86037
1773,3063113.51043
1774,3066479.85823
1775,3069847.90345
1776,3073217.64574
1777,3076589.08479
1778,3079962.22024
1779,3083337.05178
1780,3086713.57907
1781,3090091.80177
1782,3093471.71955
1783,3096853.33208
1784,3100236.63903
1785,3103621.64005
1786,3107008.33483
1787,3110396.72301
1788,3113786.80428
1789,3117178.57829
1790,3120572.0447
1791,3123967.2032
1792,3127364.05343
1793,3130762.59506
1794,3134162.82776
1795,3137564.7512
1796,3140968.36503
1797,3144373.66893
1798,3147780.66255
1799,3151189.34556
1800,3154599.71762
1801,3158011.7784
1802,3161425.52756
1803,3164840.96476
1804,3168258.08967
1805,3171676.90194
1806,3175097.40125
1807,3178519.58725
1808,3181943.45961
1809,3185369.01798
1810,3188796.26204
1811,3192225.19144
1812,3195655.80584
1813,3199088.10491
1814,3202522.0883
1815,3205957.75568
1816,3209395.10671
1817,3212834.14105
1818,3216274.85836
1819,3219717.2583
1820,3223161.34053
1821,3226607.10471
1822,3230054.5505
1823,3233503.67756
1824,3236954.48556
1825,3240406.97414
1826,3243861.14297
1827,3247316.99172
1828,3250774.52003
1829,3254233.72756
1830,3257694.61398
1831,3261157.17894
1832,3264621.42211
1833,3268087.34313
1834,3271554.94168
1835,3275024.2174
1836,3278495.16995
1837,3281967.79899
1838,3285442.10418
1839,3288918.08518
1840,3292395.74164
1841,3295875.07321
1842,3299356.07957
1843,3302838.76036
1844,3306323.11523
1845,3309809.14385
1846,3313296.84587
1847,3316786.22095
1848,3320277.26874
1849,3323769.9889
1850,3327264.38108
1851,3330760.44494
1852,3334258.18013
1853,3337757.58632
1854,3341258.66314
1855,3344761.41026
1856,3348265.82734
1857,3351771.91402
1858,3355279.66996
1859,3358789.09482
1860,3362300.18824
1861,3365812.94988
1862,3369327.3794
1863,3372843.47645
1864,3376361.24068
1865,3379880.67174
1866,3383401.76929
1867,3386924.53297
1868,3390448.96245
1869,3393975.05737
1870,3397502.81739
1871,3401032.24216
1872,3404563.33132
1873,3408096.08454
1874,3411630.50146
1875,3415166.58173
1876,3418704.32501
1877,3422243.73094
1878,3425784.79918
1879,3429327.52937
1880,3432871.92118
1881,3436417.97424
1882,3439965.6882
1883,3443515.06273
1884,3447066.09746
1885,3450618.79205
1886,3454173.14615
1887,3457729.1594
1888,3461286.83146
1889,3464846.16197
1890,3468407.15058
1891,3471969.79694
1892,3475534.10071
1893,3479100.06152
1894,3482667.67902
1895,3486236.95288
1896,3489807.88272
1897,3493380.4682
1898,3496954.70897
1899,3500530.60467
1900,3504108.15496
1901,3507687.35947
1902,3511268.21785
1903,3514850.72976
1904,3518434.89484
1905,3522020.71273
1906,3525608.18309
1907,3529197.30554
1908,3532788.07976
1909,3536380.50537
1910,3539974.58202
1911,3543570.30936
1912,3547167.68704
1913,3550766.71469
1914,3554367.39197
1915,3557969.71852
1916,3561573.69399
1917,3565179.31801
1918,3568786.59023
1919,3572395.5103
1920,3576006.07785
1921,3579618.29255
1922,3583232.15401
1923,3586847.6619
1924,3590464.81586
1925,3594083.61552
1926,3597704.06053
1927,3601326.15053
1928,3604949.88517
1929,3608575.26408
1930,3612202.28692
1931,3615830.95331
1932,3619461.26291
1933,3623093.21536
1934,3626726.81029
1935,3630362.04736
1936,3633998.92619
1937,3637637.44643
1938,3641277.60773
1939,3644919.40971
1940,3648562.85203
1941,3652207.93433
1942,3655854.65624
1943,3659503.0174
1944,3663153.01746
1945,3666804.65606
1946,3670457.93282
1947,3674112.8474
1948,3677769.39943
1949,3681427.58856
1950,3685087.41442
1951,3688748.87664
1952,3692411.97488
1953,3696076.70876
1954,3699743.07792
1955,3703411.08202
1956,3707080.72067
1957,3710751.99352
1958,3714424.90021
1959,3718099.44037
1960,3721775.61365
1961,3725453.41968
1962,3729132.85809
1963,3732813.92853
1964,3736496.63062
1965,3740180.96402
1966,3743866.92835
1967,3747554.52324
1968,3751243.74835
1969,3754934.60329
1970,3758627.08771
1971,3762321.20125
1972,3766016.94353
1973,3769714.3142
1974,3773413.31289
1975,3777113.93923
1976,3780816.19286
1977,3784520.07342
1978,3788225.58053
1979,3791932.71383
1980,3795641.47297
1981,3799351.85756
1982,3803063.86725
1983,3806777.50166
1984,3810492.76044
1985,3814209.64321
1986,3817928.14962
1987,3821648.27928
1988,3825370.03184
1989,3829093.40692
1990,3832818.40417
1991,3836545.0232
1992,3840273.26367
1993,3844003.12518
1994,3847734.60739
1995,3851467.70992
1996,3855202.4324
1997,3858938.77446
1998,3862676.73574
1999,3866416.31587
2000,3870157.51447
2001,3873900.33118
2002,3877644.76562
2003,3881390.81744
2004,3885138.48626
2005,3888887.7717
2006,3892638.67341
2007,3896391.191
2008,3900145.32411
2009,3903901.07238
2010,3907658.43542
2011,3911417.41287
2012,3915178.00435
2013,3918940.2095
2014,3922704.02794
2015,3926469.45931
2016,3930236.50323
2017,3934005.15933
2018,3937775.42723
2019,3941547.30657
2020,3945320.79698
2021,3949095.89807
2022,3952872.60948
2023,3956650.93084
2024,3960430.86177
2025,3964212.40191
2026,3967995.55087
2027,3971780.30828
2028,3975566.67377
2029,3979354.64697
2030,3983144.2275
2031,3986935.41499
2032,3990728.20907
2033,3994522.60935
2034,3998318.61547
2035,4002116.22706
2036,4005915.44372
2037,4009716.26511
2038,4013518.69082
2039,4017322.7205
2040,4021128.35377
2041,4024935.59024
2042,4028744.42955
2043,4032554.87132
2044,4036366.91518
2045,4040180.56074
2046,4043995.80763
2047,4047812.65547
2048,4051631.10389
2049,4055451.15252
2050,4059272.80096
2051,4063096.04885
2052,4066920.89582
2053,4070747.34147
2054,4074575.38544
2055,4078405.02734
2056,4082236.26681
2057,4086069.10345
2058,4089903.5369
2059,4093739.56677
2060,4097577.19269
2061,4101416.41427
2062,4105257.23114
2063,4109099.64292
2064,4112943.64924
2065,4116789.2497
2066,4120636.44393
2067,4124485.23155
2068,4128335.61219
2069,4132187.58546
2070,4136041.15097
2071,4139896.30837
2072,4143753.05725
2073,4147611.39724
2074,4151471.32796
2075,4155332.84903
2076,4159195.96007
2077,4163060.66069
2078,4166926.95052
2079,4170794.82918
2080,4174664.29627
2081,4178535.35143
2082,4182407.99426
2083,4186282.22439
2084,4190158.04144
2085,4194035.44501
2086,4197914.43474
2087,4201795.01023
2088,4205677.1711
2089,4209560.91697
2090,4213446.24746
2091,4217333.16219
2092,4221221.66076
2093,4225111.7428
2094,4229003.40792
2095,4232896.65574
2096,4236791.48588
2097,4240687.89794
2098,4244585.89155
2099,4248485.46632
2100,4252386.62186
2101,4256289.3578
2102,4260193.67374
2103,4264099.5693
2104,4268007.0441
2105,4271916.09775
2106,4275826.72986
2107,4279738.94005
2108,4283652.72793
2109,4287568.09311
2110,4291485.03522
2111,4295403.55386
2112,4299323.64864
2113,4303245.31919
2114,4307168.5651
2115,4311093.386
2116,4315019.7815
2117,4318947.75121
2118,4322877.29474
2119,4326808.41171
2120,4330741.10173
2121,4334675.3644
2122,4338611.19935
2123,4342548.60617
2124,4346487.58449
2125,4350428.13392
2126,4354370.25406
2127,4358313.94454
2128,4362259.20494
2129,4366206.0349
2130,4370154.43402
2131,4374104.40191
2132,4378055.93818
2133,4382009.04243
2134,4385963.71429
2135,4389919.95336
2136,4393877.75925
2137,4397837.13157
2138,4401798.06992
2139,4405760.57392
2140,4409724.64318
2141,4413690.27731
2142,4417657.47591
2143,4421626.23859
2144,4425596.56496
2145,4429568.45463
2146,4433541.90721
2147,4437516.9223
2148,4441493.49952
2149,4445471.63847
2150,4449451.33875
2151,4453432.59998
2152,4457415.42177
2153,4461399.80371
2154,4465385.74542
2155,4469373.2465
2156,4473362.30656
2157,4477352.92521
2158,4481345.10204
2159,4485338.83668
2160,4489334.12872
2161,4493330.97777
2162,4497329.38344
2163,4501329.34532
2164,4505330.86304
2165,4509333.93618
2166,4513338.56436
2167,4517344.74718
2168,4521352.48425
2169,4525361.77517
2170,4529372.61954
2171,4533385.01697
2172,4537398.96706
2173,4541414.46942
2174,4545431.52366
2175,4549450.12936
2176,4553470.28615
2177,4557491.99361
2178,4561515.25136
2179,4565540.059
2180,4569566.41612
2181,4573594.32234
2182,4577623.77725
2183,4581654.78047
2184,4585687.33158
2185,4589721.43019
2186,4593757.07591
2187,4597794.26833
2188,4601833.00706
2189,4605873.2917
2190,4609915.12185
2191,4613958.49711
2192,4618003.41709
2193,4622049.88137
2194,4626097.88957
2195,4630147.44129
2196,4634198.53612
2197,4638251.17366
2198,4642305.35352
2199,4646361.0753
2200,4650418.33859
2201,4654477.14299
2202,4658537.48811
2203,4662599.37354
2204,4666662.79888
2205,4670727.76374
2206,4674794.26771
2207,4678862.31038
2208,4682931.89137
2209,4687003.01026
2210,4691075.66665
2211,4695149.86015
2212,4699225.59035
2213,4703302.85684
2214,4707381.65923
2215,4711461.99712
2216,4715543.8701
2217,4719627.27776
2218,4723712.21971
2219,4727798.69554
2220,4731886.70486
2221,4735976.24724
2222,4740067.3223
2223,4744159.92963
2224,4748254.06882
2225,4752349.73947
2226,4756446.94118
2227,4760545.67354
2228,4764645.93615
2229,4768747.7286
2230,4772851.05049
2231,4776955.90142
2232,4781062.28097
2233,4785170.18874
2234,4789279.62434
2235,4793390.58734
2236,4797503.07735
2237,4801617.09396
2238,4805732.63677
2239,4809849.70537
2240,4813968.29934
2241,4818088.4183
2242,4822210.06182
2243,4826333.22951
2244,4830457.92095
2245,4834584.13574
2246,4838711.87347
2247,4842841.13374
2248,4846971.91614
2249,4851104.22025
2250,4855238.04568
2251,4859373.392
2252,4863510.25883
2253,4867648.64574
2254,4871788.55233
2255,4875929.9782
2256,4880072.92292
2257,4884217.3861
2258,4888363.36732
2259,4892510.86617
2260,4896659.88226
2261,4900810.41515
2262,4904962.46446
2263,4909116.02976
2264,4913271.11065
2265,4917427.70672
2266,4921585.81755
2267,4925745.44274
2268,4929906.58188
2269,4934069.23455
2270,4938233.40035
2271,4942399.07886
2272,4946566.26968
2273,4950734.97238
2274,4954905.18657
2275,4959076.91182
2276,4963250.14774
2277,4967424.8939
2278,4971601.14989
2279,4975778.9153
2280,4979958.18972
2281,4984138.97274
2282,4988321.26395
2283,4992505.06292
2284,4996690.36926
2285,5000877.18254
2286,5005065.50235
2287,5009255.32828
2288,5013446.65992
2289,5017639.49685
2290,5021833.83866
2291,5026029.68493
2292,5030227.03525
2293,5034425.88921
2294,5038626.24639
2295,5042828.10638
2296,5047031.46877
2297,5051236.33313
2298,5055442.69905
2299,5059650.56612
2300,5063859.93393
2301,5068070.80205
2302,5072283.17008
2303,5076497.03759
2304,5080712.40417
2305,5084929.26941
2306,5089147.63289
2307,5093367.49419
2308,5097588.85289
2309,5101811.70858
2310,5106036.06085
2311,5110261.90927
2312,5114489.25344
2313,5118718.09292
2314,5122948.42731
2315,5127180.25618
2316,5131413.57913
2317,5135648.39572
2318,5139884.70555
2319,5144122.5082
2320,5148361.80324
2321,5152602.59026
2322,5156844.86885
2323,5161088.63857
2324,5165333.89902
2325,5169580.64978
2326,5173828.89042
2327,5178078.62052
2328,5182329.83967
2329,5186582.54745
2330,5190836.74344
2331,5195092.42722
2332,5199349.59836
2333,5203608.25646
2334,5207868.40108
2335,5212130.0318
2336,5216393.14822
2337,5220657.7499
2338,5224923.83643
2339,5229191.40738
2340,5233460.46233
2341,5237731.00087
2342,5242003.02257
2343,5246276.527
2344,5250551.51376
2345,5254827.98241
2346,5259105.93253
2347,5263385.3637
2348,5267666.27551
2349,5271948.66752
2350,5276232.53931
2351,5280517.89047
2352,5284804.72057
2353,5289093.02918
2354,5293382.81588
2355,5297674.08025
2356,5301966.82187
2357,5306261.04031
2358,5310556.73515
2359,5314853.90596
2360,5319152.55233
2361,5323452.67382
2362,5327754.27001
2363,5332057.34048
2364,5336361.8848
2365,5340667.90256
2366,5344975.39331
2367,5349284.35664
2368,5353594.79213
2369,5357906.69934
2370,5362220.07786
2371,5366534.92725
2372,5370851.24709
2373,5375169.03696
2374,5379488.29643
2375,5383809.02507
2376,5388131.22245
2377,5392454.88816
2378,5396780.02176
2379,5401106.62282
2380,5405434.69093
2381,5409764.22565
2382,5414095.22655
2383,5418427.69321
2384,5422761.6252
2385,5427097.02209
2386,5431433.88346
2387,5435772.20887
2388,5440111.9979
2389,5444453.25013
2390,5448795.96511
2391,5453140.14243
2392,5457485.78166
2393,5461832.88236
2394,5466181.44411
2395,5470531.46647
2396,5474882.94903
2397,5479235.89134
2398,5483590.29298
2399,5487946.15353
2400,5492303.47254
2401,5496662.2496
2402,5501022.48426
2403,5505384.17611
2404,5509747.3247
2405,5514111.92962
2406,5518477.99042
2407,5522845.50668
2408,5527214.47797
2409,5531584.90385
2410,5535956.7839
2411,5540330.11768
2412,5544704.90476
2413,5549081.14471
2414,5553458.8371
2415,5557837.98149
2416,5562218.57746
2417,5566600.62457
2418,5570984.12239
2419,5575369.07048
2420,5579755.46842
2421,5584143.31577
2422,5588532.6121
2423,5592923.35698
2424,5597315.54996
2425,5601709.19062
2426,5606104.27853
2427,5610500.81325
2428,5614898.79435
2429,5619298.22139
2430,5623699.09393
2431,5628101.41156
2432,5632505.17382
2433,5636910.38029
2434,5641317.03053
2435,5645725.12411
2436,5650134.66059
2437,5654545.63953
2438,5658958.06051
2439,5663371.92308
2440,5667787.22681
2441,5672203.97127
2442,5676622.15601
2443,5681041.78061
2444,5685462.84462
2445,5689885.34761
2446,5694309.28915
2447,5698734.6688
2448,5703161.48611
2449,5707589.74066
2450,5712019.432
2451,5716450.55971
2452,5720883.12334
2453,5725317.12245
2454,5729752.55661
2455,5734189.42538
2456,5738627.72832
2457,5743067.465
2458,5747508.63497
2459,5751951.2378
2460,5756395.27305
2461,5760840.74028
2462,5765287.63906
2463,5769735.96893
2464,5774185.72947
2465,5778636.92024
2466,5783089.54079
2467,5787543.59069
2468,5791999.06949
2469,5796455.97677
2470,5800914.31207
2471,5805374.07496
2472,5809835.26499
2473,5814297.88174
2474,5818761.92475
2475,5823227.39359
2476,5827694.28781
2477,5832162.60698
2478,5836632.35066
2479,5841103.5184
2480,5845576.10976
2481,5850050.1243
2482,5854525.56158
2483,5859002.42115
2484,5863480.70259
2485,5867960.40544
2486,5872441.52926
2487,5876924.07361
2488,5881408.03804
2489,5885893.42212
2490,5890380.22541
2491,5894868.44745
2492,5899358.08782
2493,5903849.14605
2494,5908341.62172
2495,5912835.51437
2496,5917330.82357
2497,5921827.54886
2498,5926325.68982
2499,5930825.24598
2500,5935326.21692
2501,5939828.60218
2502,5944332.40132
2503,5948837.61389
2504,5953344.23946
2505,5957852.27758
2506,5962361.72779
2507,5966872.58967
2508,5971384.86275
2509,5975898.5466
2510,5980413.64077
2511,5984930.14482
2512,5989448.0583
2513,5993967.38076
2514,5998488.11176
2515,6003010.25085
2516,6007533.79759
2517,6012058.75153
2518,6016585.11222
2519,6021112.87921
2520,6025642.05207
2521,6030172.63034
2522,6034704.61357
2523,6039238.00132
2524,6043772.79315
2525,6048308.98859
2526,6052846.58721
2527,6057385.58856
2528,6061925.9922
2529,6066467.79766
2530,6071011.00451
2531,6075555.61229
2532,6080101.62056
2533,6084649.02887
2534,6089197.83677
2535,6093748.04381
2536,6098299.64954
2537,6102852.65351
2538,6107407.05528
2539,6111962.85439
2540,6116520.0504
2541,6121078.64286
2542,6125638.6313
2543,6130200.0153
2544,6134762.79439
2545,6139326.96812
2546,6143892.53605
2547,6148459.49772
2548,6153027.85268
2549,6157597.60049
2550,6162168.74069
2551,6166741.27283
2552,6171315.19646
2553,6175890.51113
2554,6180467.21639
2555,6185045.31178
2556,6189624.79685
2557,6194205.67115
2558,6198787.93424
2559,6203371.58565
2560,6207956.62493
2561,6212543.05164
2562,6217130.86532
2563,6221720.06551
2564,6226310.65177
2565,6230902.62364
2566,6235495.98067
2567,6240090.72241
2568,6244686.84839
2569,6249284.35817
2570,6253883.2513
2571,6258483.52732
2572,6263085.18578
2573,6267688.22621
2574,6272292.64818
2575,6276898.45122
2576,6281505.63488
2577,6286114.1987
2578,6290724.14224
2579,6295335.46503
2580,6299948.16662
2581,6304562.24655
2582,6309177.70438
2583,6313794.53964
2584,6318412.75188
2585,6323032.34064
2586,6327653.30547
2587,6332275.6459
2588,6336899.3615
2589,6341524.45179
2590,6346150.91633
2591,6350778.75465
2592,6355407.9663
2593,6360038.55082
2594,6364670.50776
2595,6369303.83666
2596,6373938.53706
2597,6378574.6085
2598,6383212.05053
2599,6387850.86269
2600,6392491.04452
2601,6397132.59556
2602,6401775.51536
2603,6406419.80346
2604,6411065.45939
2605,6415712.4827
2606,6420360.87294
2607,6425010.62964
2608,6429661.75234
2609,6434314.24059
2610,6438968.09393
2611,6443623.31189
2612,6448279.89402
2613,6452937.83986
2614,6457597.14895
2615,6462257.82082
2616,6466919.85503
2617,6471583.2511
2618,6476248.00858
2619,6480914.12701
2620,6485581.60593
2621,6490250.44488
2622,6494920.64339
2623,6499592.20101
2624,6504265.11728
2625,6508939.39172
2626,6513615.02389
2627,6518292.01333
2628,6522970.35956
2629,6527650.06213
2630,6532331.12057
2631,6537013.53443
2632,6541697.30324
2633,6546382.42655
2634,6551068.90388
2635,6555756.73477
2636,6560445.91877
2637,6565136.45541
2638,6569828.34423
2639,6574521.58476
2640,6579216.17654
2641,6583912.11911
2642,6588609.412
2643,6593308.05475
2644,6598008.04691
2645,6602709.38799
2646,6607412.07755
2647,6612116.11511
2648,6616821.50021
2649,6621528.23239
2650,6626236.31118
2651,6630945.73613
2652,6635656.50675
2653,6640368.62259
2654,6645082.08319
2655,6649796.88807
2656,6654513.03678
2657,6659230.52885
2658,6663949.36381
2659,6668669.54119
2660,6673391.06054
2661,6678113.92138
2662,6682838.12325
2663,6687563.66568
2664,6692290.54821
2665,6697018.77037
2666,6701748.3317
2667,6706479.23172
2668,6711211.46997
2669,6715945.04598
2670,6720679.95929
2671,6725416.20943
2672,6730153.79593
2673,6734892.71832
2674,6739632.97614
2675,6744374.56892
2676,6749117.49619
2677,6753861.75748
2678,6758607.35233
2679,6763354.28026
2680,6768102.54081
2681,6772852.13351
2682,6777603.0579
2683,6782355.31349
2684,6787108.89982
2685,6791863.81643
2686,6796620.06285
2687,6801377.6386
2688,6806136.54321
2689,6810896.77622
2690,6815658.33716
2691,6820421.22556
2692,6825185.44094
2693,6829950.98284
2694,6834717.85078
2695,6839486.0443
2696,6844255.56293
2697,6849026.40619
2698,6853798.57361
2699,6858572.06473
2700,6863346.87907
2701,6868123.01616
2702,6872900.47553
2703,6877679.25671
2704,6882459.35923
2705,6887240.78261
2706,6892023.52638
2707,6896807.59007
2708,6901592.97322
2709,6906379.67534
2710,6911167.69597
2711,6915957.03462
2712,6920747.69084
2713,6925539.66415
2714,6930332.95406
2715,6935127.56012
2716,6939923.48185
2717,6944720.71877
2718,6949519.27042
2719,6954319.13631
2720,6959120.31597
2721,6963922.80894
2722,6968726.61473
2723,6973531.73287
2724,6978338.1629
2725,6983145.90432
2726,6987954.95668
2727,6992765.31949
2728,6997576.99228
2729,7002389.97458
2730,7007204.26591
2731,7012019.86579
2732,7016836.77376
2733,7021654.98933
2734,7026474.51203
2735,7031295.34138
2736,7036117.47691
2737,7040940.91815
2738,7045765.66461
2739,7050591.71582
2740,7055419.0713
2741,7060247.73059
2742,7065077.69319
2743,7069908.95864
2744,7074741.52646
2745,7079575.39617
2746,7084410.5673
2747,7089247.03936
2748,7094084.81188
2749,7098923.88438
2750,7103764.25639
2751,7108605.92743
2752,7113448.89701
2753,7118293.16467
2754,7123138.72992
2755,7127985.59229
2756,7132833.75129
2757,7137683.20646
2758,7142533.9573
2759,7147386.00335
2760,7152239.34412
2761,7157093.97913
2762,7161949.90791
2763,7166807.12997
2764,7171665.64484
2765,7176525.45204
2766,7181386.55109
2767,7186248.9415
2768,7191112.6228
2769,7195977.59451
2770,7200843.85615
2771,7205711.40724
2772,7210580.24729
2773,7215450.37583
2774,7220321.79238
2775,7225194.49645
2776,7230068.48757
2777,7234943.76525
2778,7239820.32902
2779,7244698.17839
2780,7249577.31288
2781,7254457.73201
2782,7259339.43529
2783,7264222.42225
2784,7269106.69241
2785,7273992.24528
2786,7278879.08037
2787,7283767.19722
2788,7288656.59533
2789,7293547.27422
2790,7298439.23342
2791,7303332.47243
2792,7308226.99078
2793,7313122.78797
2794,7318019.86354
2795,7322918.21699
2796,7327817.84785
2797,7332718.75562
2798,7337620.93983
2799,7342524.39999
2800,7347429.13562
2801,7352335.14623
2802,7357242.43134
2803,7362150.99046
2804,7367060.82312
2805,7371971.92882
2806,7376884.30709
2807,7381797.95743
2808,7386712.87936
2809,7391629.0724
2810,7396546.53607
2811,7401465.26986
2812,7406385.27332
2813,7411306.54593
2814,7416229.08723
2815,7421152.89672
2816,7426077.97392
2817,7431004.31834
2818,7435931.9295
2819,7440860.80691
2820,7445790.95009
2821,7450722.35854
2822,7455655.03178
2823,7460588.96933
2824,7465524.17069
2825,7470460.63539
2826,7475398.36292
2827,7480337.35282
2828,7485277.60458
2829,7490219.11772
2830,7495161.89176
2831,7500105.9262
2832,7505051.22056
2833,7509997.77435
2834,7514945.58708
2835,7519894.65827
2836,7524844.98742
2837,7529796.57405
2838,7534749.41767
2839,7539703.51778
2840,7544658.87391
2841,7549615.48555
2842,7554573.35223
2843,7559532.47346
2844,7564492.84873
2845,7569454.47758
2846,7574417.35949
2847,7579381.494
2848,7584346.88059
2849,7589313.51879
2850,7594281.40811
2851,7599250.54805
2852,7604220.93813
2853,7609192.57785
2854,7614165.46673
2855,7619139.60427
2856,7624114.98998
2857,7629091.62337
2858,7634069.50395
2859,7639048.63123
2860,7644029.00472
2861,7649010.62392
2862,7653993.48835
2863,7658977.59751
2864,7663962.95092
2865,7668949.54807
2866,7673937.38848
2867,7678926.47165
2868,7683916.7971
2869,7688908.36432
2870,7693901.17284
2871,7698895.22215
2872,7703890.51176
2873,7708887.04118
2874,7713884.80992
2875,7718883.81747
2876,7723884.06336
2877,7728885.54709
2878,7733888.26816
2879,7738892.22608
2880,7743897.42035
2881,7748903.85048
2882,7753911.51598
2883,7758920.41636
2884,7763930.55111
2885,7768941.91975
2886,7773954.52178
2887,7778968.35671
2888,7783983.42403
2889,7788999.72326
2890,7794017.25391
2891,7799036.01546
2892,7804056.00744
2893,7809077.22935
2894,7814099.68068
2895,7819123.36095
2896,7824148.26966
2897,7829174.4063
2898,7834201.7704
2899,7839230.36145
2900,7844260.17895
2901,7849291.22241
2902,7854323.49133
2903,7859356.98521
2904,7864391.70357
2905,7869427.64589
2906,7874464.81169
2907,7879503.20047
2908,7884542.81173
2909,7889583.64497
2910,7894625.69969
2911,7899668.97541
2912,7904713.47161
2913,7909759.18781
2914,7914806.12351
2915,7919854.2782
2916,7924903.65138
2917,7929954.24257
2918,7935006.05126
2919,7940059.07696
2920,7945113.31916
2921,7950168.77736
2922,7955225.45108
2923,7960283.3398
2924,7965342.44303
2925,7970402.76027
2926,7975464.29102
2927,7980527.03479
2928,7985590.99106
2929,7990656.15935
2930,7995722.53915
2931,8000790.12996
2932,8005858.93128
2933,8010928.94262
2934,8016000.16347
2935,8021072.59333
2936,8026146.2317
2937,8031221.07808
2938,8036297.13197
2939,8041374.39286
2940,8046452.86027
2941,8051532.53368
2942,8056613.4126
2943,8061695.49652
2944,8066778.78494
2945,8071863.27737
2946,8076948.97329
2947,8082035.87221
2948,8087123.97363
2949,8092213.27704
2950,8097303.78194
2951,8102395.48782
2952,8107488.3942
2953,8112582.50056
2954,8117677.8064
2955,8122774.31121
2956,8127872.01451
2957,8132970.91577
2958,8138071.01451
2959,8143172.31021
2960,8148274.80237
2961,8153378.49049
2962,8158483.37407
2963,8163589.4526
2964,8168696.72557
2965,8173805.19249
2966,8178914.85285
2967,8184025.70615
2968,8189137.75187
2969,8194250.98953
2970,8199365.4186
2971,8204481.0386
2972,8209597.849
2973,8214715.84932
2974,8219835.03904
2975,8224955.41765
2976,8230076.98466
2977,8235199.73955
2978,8240323.68183
2979,8245448.81098
2980,8250575.1265
2981,8255702.62789
2982,8260831.31463
2983,8265961.18623
2984,8271092.24217
2985,8276224.48196
2986,8281357.90507
2987,8286492.51102
2988,8291628.29928
2989,8296765.26936
2990,8301903.42074
2991,8307042.75293
2992,8312183.2654
2993,8317324.95766
2994,8322467.8292
2995,8327611.87951
2996,8332757.10808
2997,8337903.51441
2998,8343051.09798
2999,8348199.85829
3000,8353349.79484
3001,8358500.90711
3002,8363653.19459
3003,8368806.65678
3004,8373961.29316
3005,8379117.10324
3006,8384274.08649
3007,8389432.24242
3008,8394591.57051
3009,8399752.07025
3010,8404913.74114
3011,8410076.58266
3012,8415240.5943
3013,8420405.77557
3014,8425572.12594
3015,8430739.6449
3016,8435908.33195
3017,8441078.18658
3018,8446249.20827
3019,8451421.39652
3020,8456594.75082
3021,8461769.27065
3022,8466944.95551
3023,8472121.80488
3024,8477299.81825
3025,8482478.99511
3026,8487659.33496
3027,8492840.83727
3028,8498023.50155
3029,8503207.32727
3030,8508392.31392
3031,8513578.461
3032,8518765.768
3033,8523954.23439
3034,8529143.85967
3035,8534334.64333
3036,8539526.58485
3037,8544719.68372
3038,8549913.93944
3039,8555109.35147
3040,8560305.91933
3041,8565503.64248
3042,8570702.52043
3043,8575902.55264
3044,8581103.73862
3045,8586306.07785
3046,8591509.56982
3047,8596714.21401
3048,8601920.0099
3049,8607126.957
3050,8612335.05477
3051,8617544.30271
3052,8622754.7003
3053,8627966.24703
3054,8633178.94239
3055,8638392.78586
3056,8643607.77692
3057,8648823.91507
3058,8654041.19978
3059,8659259.63054
3060,8664479.20684
3061,8669699.92816
3062,8674921.79399
3063,8680144.80381
3064,8685368.95711
3065,8690594.25337
3066,8695820.69207
3067,8701048.2727
3068,8706276.99474
3069,8711506.85768
3070,8716737.86101
3071,8721970.0042
3072,8727203.28673
3073,8732437.7081
3074,8737673.26779
3075,8742909.96527
3076,8748147.80004
3077,8753386.77158
3078,8758626.87936
3079,8763868.12287
3080,8769110.5016
3081,8774354.01503
3082,8779598.66263
3083,8784844.4439
3084,8790091.35831
3085,8795339.40535
3086,8800588.5845
3087,8805838.89524
3088,8811090.33705
3089,8816342.90942
3090,8821596.61182
3091,8826851.44374
3092,8832107.40467
3093,8837364.49407
3094,8842622.71143
3095,8847882.05624
3096,8853142.52797
3097,8858404.12611
3098,8863666.85014
3099,8868930.69953
3100,8874195.67376
3101,8879461.77233
3102,8884728.9947
3103,8889997.34037
3104,8895266.8088
3105,8900537.39948
3106,8905809.11189
3107,8911081.9455
3108,8916355.89981
3109,8921630.97428
3110,8926907.1684
3111,8932184.48164
3112,8937462.91349
3113,8942742.46343
3114,8948023.13093
3115,8953304.91547
3116,8958587.81654
3117,8963871.8336
3118,8969156.96615
3119,8974443.21365
3120,8979730.57558
3121,8985019.05143
3122,8990308.64068
3123,8995599.34279
3124,9000891.15725
3125,9006184.08354
3126,9011478.12113
3127,9016773.2695
3128,9022069.52813
3129,9027366.8965
3130,9032665.37408
3131,9037964.96035
3132,9043265.65479
3133,9048567.45688
3134,9053870.36608
3135,9059174.38188
3136,9064479.50376
3137,9069785.73119
3138,9075093.06365
3139,9080401.50061
3140,9085711.04155
3141,9091021.68595
3142,9096333.43328
3143,9101646.28302
3144,9106960.23464
3145,9112275.28762
3146,9117591.44144
3147,9122908.69556
3148,9128227.04947
3149,9133546.50265
3150,9138867.05456
3151,9144188.70468
3152,9149511.45248
3153,9154835.29745
3154,9160160.23905
3155,9165486.27677
3156,9170813.41006
3157,9176141.63842
3158,9181470.96131
3159,9186801.3782
3160,9192132.88858
3161,9197465.49191
3162,9202799.18767
3163,9208133.97533
3164,9213469.85437
3165,9218806.82426
3166,9224144.88447
3167,9229484.03448
3168,9234824.27375
3169,9240165.60177
3170,9245508.018
3171,9250851.52193
3172,9256196.11301
3173,9261541.79072
3174,9266888.55455
3175,9272236.40395
3176,9277585.3384
3177,9282935.35737
3178,9288286.46034
3179,9293638.64678
3180,9298991.91615
3181,9304346.26794
3182,9309701.7016
3183,9315058.21662
3184,9320415.81247
3185,9325774.48861
3186,9331134.24452
3187,9336495.07967
3188,9341856.99353
3189,9347219.98557
3190,9352584.05526
3191,9357949.20207
3192,9363315.42548
3193,9368682.72495
3194,9374051.09995
3195,9379420.54996
3196,9384791.07444
3197,9390162.67286
3198,9395535.3447
3199,9400909.08943
3200,9406283.9065
3201,9411659.7954
3202,9417036.7556
3203,9422414.78655
3204,9427793.88774
3205,9433174.05863
3206,9438555.29868
3207,9443937.60738
3208,9449320.98418
3209,9454705.42857
3210,9460090.93999
3211,9465477.51793
3212,9470865.16185
3213,9476253.87123
3214,9481643.64552
3215,9487034.4842
3216,9492426.38673
3217,9497819.35259
3218,9503213.38124
3219,9508608.47214
3220,9514004.62478
3221,9519401.8386
3222,9524800.11309
3223,9530199.44771
3224,9535599.84192
3225,9541001.2952
3226,9546403.807
3227,9551807.3768
3228,9557212.00407
3229,9562617.68827
3230,9568024.42886
3231,9573432.22532
3232,9578841.0771
3233,9584250.98368
3234,9589661.94453
3235,9595073.9591
3236,9600487.02687
3237,9605901.1473
3238,9611316.31985
3239,9616732.54399
3240,9622149.81919
3241,9627568.14492
3242,9632987.52063
3243,9638407.94579
3244,9643829.41988
3245,9649251.94234
3246,9654675.51266
3247,9660100.13028
3248,9665525.79469
3249,9670952.50533
3250,9676380.26169
3251,9681809.06321
3252,9687238.90937
3253,9692669.79963
3254,9698101.73346
3255,9703534.71031
3256,9708968.72965
3257,9714403.79095
3258,9719839.89367
3259,9725277.03727
3260,9730715.22122
3261,9736154.44498
3262,9741594.70801
3263,9747036.00977
3264,9752478.34974
3265,9757921.72736
3266,9763366.14212
3267,9768811.59346
3268,9774258.08085
3269,9779705.60375
3270,9785154.16163
3271,9790603.75395
3272,9796054.38016
3273,9801506.03974
3274,9806958.73214
3275,9812412.45683
3276,9817867.21327
3277,9823323.00092
3278,9828779.81924
3279,9834237.66769
3280,9839696.54573
3281,9845156.45284
3282,9850617.38846
3283,9856079.35205
3284,9861542.34309
3285,9867006.36102
3286,9872471.40532
3287,9877937.47544
3288,9883404.57084
3289,9888872.69099
3290,9894341.83533
3291,9899812.00334
3292,9905283.19448
3293,9910755.4082
3294,9916228.64396
3295,9921702.90123
3296,9927178.17946
3297,9932654.47811
3298,9938131.79665
3299,9943610.13452
3300,9949089.4912
3301,9954569.86615
3302,9960051.25881
3303,9965533.66865
3304,9971017.09513
3305,9976501.53771
3306,9981986.99585
3307,9987473.469
3308,9992960.95662
3309,9998449.45817
3310,10003938.9731
3311,10009429.5009
3312,10014921.041
3313,10020413.5929
3314,10025907.156
3315,10031401.7297
3316,10036897.3137
3317,10042393.9072
3318,10047891.5097
3319,10053390.1208
3320,10058889.7398
3321,10064390.3663
3322,10069891.9997
3323,10075394.6394
3324,10080898.2849
3325,10086402.9356
3326,10091908.5911
3327,10097415.2507
3328,10102922.9139
3329,10108431.5803
3330,10113941.2491
3331,10119451.92
3332,10124963.5923
3333,10130476.2656
3334,10135989.9391
3335,10141504.6125
3336,10147020.2852
3337,10152536.9566
3338,10158054.6262
3339,10163573.2935
3340,10169092.9578
3341,10174613.6187
3342,10180135.2756
3343,10185657.9279
3344,10191181.5752
3345,10196706.2169
3346,10202231.8523
3347,10207758.4811
3348,10213286.1026
3349,10218814.7163
3350,10224344.3216
3351,10229874.918
3352,10235406.505
3353,10240939.082
3354,10246472.6484
3355,10252007.2038
3356,10257542.7476
3357,10263079.2791
3358,10268616.798
3359,10274155.3035
3360,10279694.7953
3361,10285235.2727
3362,10290776.7352
3363,10296319.1822
3364,10301862.6133
3365,10307407.0277
3366,10312952.4251
3367,10318498.8049
3368,10324046.1664
3369,10329594.5092
3370,10335143.8328
3371,10340694.1365
3372,10346245.4198
3373,10351797.6822
3374,10357350.9231
3375,10362905.142
3376,10368460.3383
3377,10374016.5115
3378,10379573.661
3379,10385131.7863
3380,10390690.8869
3381,10396250.9621
3382,10401812.0115
3383,10407374.0344
3384,10412937.0304
3385,10418500.9989
3386,10424065.9393
3387,10429631.8511
3388,10435198.7338
3389,10440766.5867
3390,10446335.4094
3391,10451905.2013
3392,10457475.9619
3393,10463047.6905
3394,10468620.3867
3395,10474194.0498
3396,10479768.6795
3397,10485344.275
3398,10490920.8358
3399,10496498.3615
3400,10502076.8514
3401,10507656.305
3402,10513236.7217
3403,10518818.1011
3404,10524400.4425
3405,10529983.7453
3406,10535568.0091
3407,10541153.2333
3408,10546739.4174
3409,10552326.5607
3410,10557914.6628
3411,10563503.723
3412,10569093.7409
3413,10574684.7158
3414,10580276.6473
3415,10585869.5348
3416,10591463.3777
3417,10597058.1755
3418,10602653.9276
3419,10608250.6334
3420,10613848.2925
3421,10619446.9042
3422,10625046.4681
3423,10630646.9835
3424,10636248.4499
3425,10641850.8668
3426,10647454.2336
3427,10653058.5497
3428,10658663.8147
3429,10664270.0278
3430,10669877.1887
3431,10675485.2967
3432,10681094.3513
3433,10686704.3519
3434,10692315.298
3435,10697927.189
3436,10703540.0243
3437,10709153.8035
3438,10714768.526
3439,10720384.1911
3440,10726000.7985
3441,10731618.3474
3442,10737236.8373
3443,10742856.2678
3444,10748476.6382
3445,10754097.9479
3446,10759720.1965
3447,10765343.3834
3448,10770967.5079
3449,10776592.5697
3450,10782218.568
3451,10787845.5024
3452,10793473.3723
3453,10799102.1771
3454,10804731.9163
3455,10810362.5894
3456,10815994.1957
3457,10821626.7347
3458,10827260.2059
3459,10832894.6087
3460,10838529.9426
3461,10844166.207
3462,10849803.4012
3463,10855441.5249
3464,10861080.5774
3465,10866720.5582
3466,10872361.4667
3467,10878003.3023
3468,10883646.0645
3469,10889289.7528
3470,10894934.3666
3471,10900579.9053
3472,10906226.3683
3473,10911873.7552
3474,10917522.0654
3475,10923171.2982
3476,10928821.4532
3477,10934472.5297
3478,10940124.5273
3479,10945777.4454
3480,10951431.2834
3481,10957086.0407
3482,10962741.7168
3483,10968398.3112
3484,10974055.8232
3485,10979714.2524
3486,10985373.5981
3487,10991033.8598
3488,10996695.037
3489,11002357.1291
3490,11008020.1355
3491,11013684.0556
3492,11019348.889
3493,11025014.635
3494,11030681.2931
3495,11036348.8628
3496,11042017.3434
3497,11047686.7344
3498,11053357.0353
3499,11059028.2455
3500,11064700.3645
3501,11070373.3916
3502,11076047.3263
3503,11081722.1681
3504,11087397.9163
3505,11093074.5706
3506,11098752.1302
3507,11104430.5946
3508,11110109.9632
3509,11115790.2356
3510,11121471.4111
3511,11127153.4892
3512,11132836.4692
3513,11138520.3508
3514,11144205.1332
3515,11149890.816
3516,11155577.3985
3517,11161264.8803
3518,11166953.2606
3519,11172642.5391
3520,11178332.7151
3521,11184023.7881
3522,11189715.7575
3523,11195408.6227
3524,11201102.3832
3525,11206797.0384
3526,11212492.5877
3527,11218189.0307
3528,11223886.3667
3529,11229584.5952
3530,11235283.7155
3531,11240983.7272
3532,11246684.6297
3533,11252386.4224
3534,11258089.1048
3535,11263792.6763
3536,11269497.1362
3537,11275202.4842
3538,11280908.7196
3539,11286615.8418
3540,11292323.8503
3541,11298032.7445
3542,11303742.5238
3543,11309453.1878
3544,11315164.7357
3545,11320877.1672
3546,11326590.4815
3547,11332304.6782
3548,11338019.7566
3549,11343735.7162
3550,11349452.5565
3551,11355170.2769
3552,11360888.8768
3553,11366608.3556
3554,11372328.7128
3555,11378049.9478
3556,11383772.0601
3557,11389495.0491
3558,11395218.9142
3559,11400943.6549
3560,11406669.2706
3561,11412395.7607
3562,11418123.1247
3563,11423851.3619
3564,11429580.4719
3565,11435310.4541
3566,11441041.3079
3567,11446773.0327
3568,11452505.628
3569,11458239.0933
3570,11463973.4278
3571,11469708.6312
3572,11475444.7027
3573,11481181.6419
3574,11486919.4482
3575,11492658.121
3576,11498397.6597
3577,11504138.0638
3578,11509879.3328
3579,11515621.466
3580,11521364.4628
3581,11527108.3228
3582,11532853.0453
3583,11538598.6298
3584,11544345.0758
3585,11550092.3825
3586,11555840.5496
3587,11561589.5763
3588,11567339.4622
3589,11573090.2067
3590,11578841.8092
3591,11584594.2692
3592,11590347.586
3593,11596101.7591
3594,11601856.788
3595,11607612.672
3596,11613369.4107
3597,11619127.0033
3598,11624885.4495
3599,11630644.7485
3600,11636404.8999
3601,11642165.9031
3602,11647927.7574
3603,11653690.4624
3604,11659454.0174
3605,11665218.4219
3606,11670983.6753
3607,11676749.7771
3608,11682516.7267
3609,11688284.5234
3610,11694053.1668
3611,11699822.6563
3612,11705592.9913
3613,11711364.1713
3614,11717136.1956
3615,11722909.0637
3616,11728682.775
3617,11734457.329
3618,11740232.7251
3619,11746008.9626
3620,11751786.0412
3621,11757563.9601
3622,11763342.7188
3623,11769122.3168
3624,11774902.7534
3625,11780684.0281
3626,11786466.1404
3627,11792249.0896
3628,11798032.8752
3629,11803817.4966
3630,11809602.9532
3631,11815389.2446
3632,11821176.37
3633,11826964.3289
3634,11832753.1208
3635,11838542.7451
3636,11844333.2013
3637,11850124.4886
3638,11855916.6067
3639,11861709.5548
3640,11867503.3325
3641,11873297.9391
3642,11879093.3741
3643,11884889.637
3644,11890686.727
3645,11896484.6438
3646,11902283.3866
3647,11908082.955
3648,11913883.3483
3649,11919684.5661
3650,11925486.6076
3651,11931289.4724
3652,11937093.1598
3653,11942897.6693
3654,11948703.0003
3655,11954509.1523
3656,11960316.1247
3657,11966123.9168
3658,11971932.5282
3659,11977741.9583
3660,11983552.2064
3661,11989363.272
3662,11995175.1546
3663,12000987.8535
3664,12006801.3682
3665,12012615.6982
3666,12018430.8427
3667,12024246.8014
3668,12030063.5735
3669,12035881.1586
3670,12041699.5559
3671,12047518.7651
3672,12053338.7855
3673,12059159.6164
3674,12064981.2575
3675,12070803.708
3676,12076626.9674
3677,12082451.0351
3678,12088275.9106
3679,12094101.5932
3680,12099928.0824
3681,12105755.3777
3682,12111583.4784
3683,12117412.384
3684,12123242.0939
3685,12129072.6075
3686,12134903.9243
3687,12140736.0436
3688,12146568.965
3689,12152402.6877
3690,12158237.2113
3691,12164072.5352
3692,12169908.6588
3693,12175745.5815
3694,12181583.3027
3695,12187421.8219
3696,12193261.1385
3697,12199101.2519
3698,12204942.1615
3699,12210783.8668
3700,12216626.3672
3701,12222469.6621
3702,12228313.751
3703,12234158.6331
3704,12240004.3081
3705,12245850.7753
3706,12251698.0341
3707,12257546.0839
3708,12263394.9242
3709,12269244.5544
3710,12275094.974
3711,12280946.1822
3712,12286798.1787
3713,12292650.9627
3714,12298504.5337
3715,12304358.8911
3716,12310214.0344
3717,12316069.963
3718,12321926.6763
3719,12327784.1737
3720,12333642.4546
3721,12339501.5185
3722,12345361.3648
3723,12351221.9929
3724,12357083.4022
3725,12362945.5921
3726,12368808.5622
3727,12374672.3117
3728,12380536.8401
3729,12386402.1469
3730,12392268.2314
3731,12398135.0931
3732,12404002.7314
3733,12409871.1457
3734,12415740.3355
3735,12421610.3001
3736,12427481.039
3737,12433352.5517
3738,12439224.8374
3739,12445097.8957
3740,12450971.7259
3741,12456846.3275
3742,12462721.7
3743,12468597.8426
3744,12474474.7549
3745,12480352.4363
3746,12486230.8861
3747,12492110.1039
3748,12497990.089
3749,12503870.8408
3750,12509752.3588
3751,12515634.6424
3752,12521517.691
3753,12527401.504
3754,12533286.0808
3755,12539171.4209
3756,12545057.5237
3757,12550944.3886
3758,12556832.015
3759,12562720.4024
3760,12568609.5501
3761,12574499.4576
3762,12580390.1243
3763,12586281.5496
3764,12592173.7329
3765,12598066.6737
3766,12603960.3713
3767,12609854.8253
3768,12615750.0349
3769,12621645.9997
3770,12627542.719
3771,12633440.1923
3772,12639338.4189
3773,12645237.3984
3774,12651137.1301
3775,12657037.6134
3776,12662938.8477
3777,12668840.8325
3778,12674743.5672
3779,12680647.0513
3780,12686551.284
3781,12692456.2649
3782,12698361.9933
3783,12704268.4687
3784,12710175.6905
3785,12716083.6581
3786,12721992.3709
3787,12727901.8284
3788,12733812.0299
3789,12739722.9749
3790,12745634.6628
3791,12751547.093
3792,12757460.2649
3793,12763374.178
3794,12769288.8316
3795,12775204.2252
3796,12781120.3582
3797,12787037.23
3798,12792954.84
3799,12798873.1876
3800,12804792.2724
3801,12810712.0935
3802,12816632.6506
3803,12822553.943
3804,12828475.9701
3805,12834398.7313
3806,12840322.2261
3807,12846246.4538
3808,12852171.4139
3809,12858097.1059
3810,12864023.529
3811,12869950.6827
3812,12875878.5665
3813,12881807.1798
3814,12887736.5219
3815,12893666.5923
3816,12899597.3904
3817,12905528.9157
3818,12911461.1674
3819,12917394.1451
3820,12923327.8482
3821,12929262.276
3822,12935197.428
3823,12941133.3037
3824,12947069.9023
3825,12953007.2234
3826,12958945.2663
3827,12964884.0305
3828,12970823.5154
3829,12976763.7203
3830,12982704.6448
3831,12988646.2881
3832,12994588.6498
3833,13000531.7292
3834,13006475.5258
3835,13012420.039
3836,13018365.2681
3837,13024311.2127
3838,13030257.872
3839,13036205.2456
3840,13042153.3328
3841,13048102.1331
3842,13054051.6458
3843,13060001.8704
3844,13065952.8063
3845,13071904.4529
3846,13077856.8096
3847,13083809.8758
3848,13089763.6509
3849,13095718.1345
3850,13101673.3257
3851,13107629.2242
3852,13113585.8292
3853,13119543.1403
3854,13125501.1567
3855,13131459.878
3856,13137419.3035
3857,13143379.4327
3858,13149340.2649
3859,13155301.7996
3860,13161264.0362
3861,13167226.9741
3862,13173190.6126
3863,13179154.9513
3864,13185119.9896
3865,13191085.7268
3866,13197052.1623
3867,13203019.2956
3868,13208987.126
3869,13214955.6531
3870,13220924.8761
3871,13226894.7946
3872,13232865.4079
3873,13238836.7154
3874,13244808.7166
3875,13250781.4108
3876,13256754.7974
3877,13262728.876
3878,13268703.6458
3879,13274679.1063
3880,13280655.2569
3881,13286632.0971
3882,13292609.6261
3883,13298587.8435
3884,13304566.7487
3885,13310546.341
3886,13316526.6198
3887,13322507.5846
3888,13328489.2349
3889,13334471.5699
3890,13340454.5891
3891,13346438.2919
3892,13352422.6778
3893,13358407.7461
3894,13364393.4962
3895,13370379.9276
3896,13376367.0397
3897,13382354.8318
3898,13388343.3034
3899,13394332.4538
3900,13400322.2826
3901,13406312.7891
3902,13412303.9727
3903,13418295.8328
3904,13424288.3689
3905,13430281.5803
3906,13436275.4665
3907,13442270.0268
3908,13448265.2606
3909,13454261.1675
3910,13460257.7467
3911,13466254.9978
3912,13472252.92
3913,13478251.5128
3914,13484250.7757
3915,13490250.7079
3916,13496251.3091
3917,13502252.5784
3918,13508254.5154
3919,13514257.1195
3920,13520260.39
3921,13526264.3264
3922,13532268.928
3923,13538274.1944
3924,13544280.1248
3925,13550286.7188
3926,13556293.9757
3927,13562301.8948
3928,13568310.4757
3929,13574319.7178
3930,13580329.6203
3931,13586340.1828
3932,13592351.4047
3933,13598363.2853
3934,13604375.8241
3935,13610389.0204
3936,13616402.8738
3937,13622417.3835
3938,13628432.549
3939,13634448.3697
3940,13640464.845
3941,13646481.9743
3942,13652499.757
3943,13658518.1926
3944,13664537.2804
3945,13670557.0198
3946,13676577.4103
3947,13682598.4512
3948,13688620.1419
3949,13694642.4819
3950,13700665.4706
3951,13706689.1074
3952,13712713.3916
3953,13718738.3227
3954,13724763.9001
3955,13730790.1232
3956,13736816.9913
3957,13742844.504
3958,13748872.6606
3959,13754901.4605
3960,13760930.9031
3961,13766960.9879
3962,13772991.7142
3963,13779023.0814
3964,13785055.0889
3965,13791087.7362
3966,13797121.0226
3967,13803154.9476
3968,13809189.5105
3969,13815224.7108
3970,13821260.5479
3971,13827297.0211
3972,13833334.1299
3973,13839371.8737
3974,13845410.2519
3975,13851449.2639
3976,13857488.909
3977,13863529.1867
3978,13869570.0965
3979,13875611.6376
3980,13881653.8096
3981,13887696.6117
3982,13893740.0435
3983,13899784.1043
3984,13905828.7935
3985,13911874.1106
3986,13917920.0548
3987,13923966.6257
3988,13930013.8227
3989,13936061.645
3990,13942110.0922
3991,13948159.1637
3992,13954208.8588
3993,13960259.177
3994,13966310.1176
3995,13972361.68
3996,13978413.8638
3997,13984466.6682
3998,13990520.0926
3999,13996574.1365
4000,14002628.7993
4001,14008684.0804
4002,14014739.9791
4003,14020796.495
4004,14026853.6273
4005,14032911.3754
4006,14038969.7389
4007,14045028.7171
4008,14051088.3093
4009,14057148.515
4010,14063209.3337
4011,14069270.7646
4012,14075332.8072
4013,14081395.4609
4014,14087458.7251
4015,14093522.5993
4016,14099587.0827
4017,14105652.1748
4018,14111717.8751
4019,14117784.1828
4020,14123851.0975
4021,14129918.6184
4022,14135986.7451
4023,14142055.4769
4024,14148124.8132
4025,14154194.7534
4026,14160265.297
4027,14166336.4432
4028,14172408.1916
4029,14178480.5415
4030,14184553.4923
4031,14190627.0435
4032,14196701.1943
4033,14202775.9443
4034,14208851.2928
4035,14214927.2393
4036,14221003.783
4037,14227080.9235
4038,14233158.6601
4039,14239236.9922
4040,14245315.9193
4041,14251395.4407
4042,14257475.5558
4043,14263556.264
4044,14269637.5648
4045,14275719.4574
4046,14281801.9415
4047,14287885.0162
4048,14293968.681
4049,14300052.9354
4050,14306137.7787
4051,14312223.2104
4052,14318309.2297
4053,14324395.8362
4054,14330483.0292
4055,14336570.8081
4056,14342659.1724
4057,14348748.1213
4058,14354837.6544
4059,14360927.771
4060,14367018.4705
4061,14373109.7524
4062,14379201.6159
4063,14385294.0606
4064,14391387.0858
4065,14397480.6908
4066,14403574.8752
4067,14409669.6383
4068,14415764.9796
4069,14421860.8983
4070,14427957.3939
4071,14434054.4658
4072,14440152.1135
4073,14446250.3362
4074,14452349.1334
4075,14458448.5046
4076,14464548.449
4077,14470648.9661
4078,14476750.0553
4079,14482851.716
4080,14488953.9476
4081,14495056.7494
4082,14501160.121
4083,14507264.0616
4084,14513368.5707
4085,14519473.6477
4086,14525579.2919
4087,14531685.5028
4088,14537792.2798
4089,14543899.6223
4090,14550007.5296
4091,14556116.0011
4092,14562225.0364
4093,14568334.6347
4094,14574444.7954
4095,14580555.518
4096,14586666.8018
4097,14592778.6463
4098,14598891.0508
4099,14605004.0147
4100,14611117.5375
4101,14617231.6185
4102,14623346.2572
4103,14629461.4528
4104,14635577.2049
4105,14641693.5128
4106,14647810.3759
4107,14653927.7936
4108,14660045.7653
4109,14666164.2904
4110,14672283.3684
4111,14678402.9985
4112,14684523.1802
4113,14690643.9129
4114,14696765.1959
4115,14702887.0288
4116,14709009.4108
4117,14715132.3414
4118,14721255.82
4119,14727379.8459
4120,14733504.4186
4121,14739629.5374
4122,14745755.2018
4123,14751881.4111
4124,14758008.1648
4125,14764135.4622
4126,14770263.3027
4127,14776391.6857
4128,14782520.6107
4129,14788650.077
4130,14794780.084
4131,14800910.6311
4132,14807041.7177
4133,14813173.3432
4134,14819305.507
4135,14825438.2085
4136,14831571.4471
4137,14837705.2221
4138,14843839.533
4139,14849974.3792
4140,14856109.76
4141,14862245.6749
4142,14868382.1233
4143,14874519.1045
4144,14880656.6179
4145,14886794.6629
4146,14892933.239
4147,14899072.3455
4148,14905211.9818
4149,14911352.1474
4150,14917492.8415
4151,14923634.0636
4152,14929775.8132
4153,14935918.0895
4154,14942060.8919
4155,14948204.22
4156,14954348.073
4157,14960492.4504
4158,14966637.3516
4159,14972782.7759
4160,14978928.7227
4161,14985075.1915
4162,14991222.1815
4163,14997369.6924
4164,15003517.7233
4165,15009666.2737
4166,15015815.3431
4167,15021964.9307
4168,15028115.0361
4169,15034265.6585
4170,15040416.7973
4171,15046568.4521
4172,15052720.6221
4173,15058873.3068
4174,15065026.5055
4175,15071180.2177
4176,15077334.4426
4177,15083489.1798
4178,15089644.4287
4179,15095800.1885
4180,15101956.4588
4181,15108113.2388
4182,15114270.528
4183,15120428.3258
4184,15126586.6316
4185,15132745.4447
4186,15138904.7646
4187,15145064.5907
4188,15151224.9223
4189,15157385.7588
4190,15163547.0997
4191,15169708.9442
4192,15175871.2919
4193,15182034.1421
4194,15188197.4942
4195,15194361.3475
4196,15200525.7016
4197,15206690.5557
4198,15212855.9092
4199,15219021.7617
4200,15225188.1123
4201,15231354.9606
4202,15237522.3059
4203,15243690.1477
4204,15249858.4852
4205,15256027.318
4206,15262196.6453
4207,15268366.4667
4208,15274536.7814
4209,15280707.5888
4210,15286878.8885
4211,15293050.6796
4212,15299222.9618
4213,15305395.7342
4214,15311568.9964
4215,15317742.7476
4216,15323916.9874
4217,15330091.7151
4218,15336266.93
4219,15342442.6317
4220,15348618.8194
4221,15354795.4925
4222,15360972.6505
4223,15367150.2927
4224,15373328.4186
4225,15379507.0275
4226,15385686.1188
4227,15391865.6919
4228,15398045.7461
4229,15404226.281
4230,15410407.2958
4231,15416588.79
4232,15422770.7629
4233,15428953.214
4234,15435136.1426
4235,15441319.5481
4236,15447503.4299
4237,15453687.7874
4238,15459872.62
4239,15466057.9271
4240,15472243.708
4241,15478429.9622
4242,15484616.6891
4243,15490803.888
4244,15496991.5583
4245,15503179.6994
4246,15509368.3108
4247,15515557.3917
4248,15521746.9416
4249,15527936.9599
4250,15534127.4459
4251,15540318.3991
4252,15546509.8189
4253,15552701.7045
4254,15558894.0555
4255,15565086.8712
4256,15571280.151
4257,15577473.8942
4258,15583668.1004
4259,15589862.7688
4260,15596057.8988
4261,15602253.4899
4262,15608449.5414
4263,15614646.0528
4264,15620843.0233
4265,15627040.4524
4266,15633238.3395
4267,15639436.684
4268,15645635.4853
4269,15651834.7427
4270,15658034.4556
4271,15664234.6234
4272,15670435.2456
4273,15676636.3215
4274,15682837.8504
4275,15689039.8318
4276,15695242.2651
4277,15701445.1497
4278,15707648.4849
4279,15713852.2701
4280,15720056.5047
4281,15726261.1881
4282,15732466.3197
4283,15738671.8989
4284,15744877.9251
4285,15751084.3976
4286,15757291.3159
4287,15763498.6793
4288,15769706.4872
4289,15775914.739
4290,15782123.4341
4291,15788332.5719
4292,15794542.1518
4293,15800752.1731
4294,15806962.6352
4295,15813173.5376
4296,15819384.8796
4297,15825596.6606
4298,15831808.8799
4299,15838021.5371
4300,15844234.6314
4301,15850448.1623
4302,15856662.1291
4303,15862876.5312
4304,15869091.3681
4305,15875306.639
4306,15881522.3434
4307,15887738.4807
4308,15893955.0503
4309,15900172.0515
4310,15906389.4837
4311,15912607.3463
4312,15918825.6388
4313,15925044.3604
4314,15931263.5106
4315,15937483.0888
4316,15943703.0943
4317,15949923.5266
4318,15956144.3849
4319,15962365.6688
4320,15968587.3776
4321,15974809.5107
4322,15981032.0674
4323,15987255.0472
4324,15993478.4494
4325,15999702.2734
4326,16005926.5186
4327,16012151.1845
4328,16018376.2703
4329,16024601.7755
4330,16030827.6994
4331,16037054.0415
4332,16043280.8011
4333,16049507.9776
4334,16055735.5704
4335,16061963.5789
4336,16068192.0025
4337,16074420.8405
4338,16080650.0923
4339,16086879.7574
4340,16093109.835
4341,16099340.3247
4342,16105571.2257
4343,16111802.5375
4344,16118034.2594
4345,16124266.3909
4346,16130498.9313
4347,16136731.88
4348,16142965.2364
4349,16149198.9999
4350,16155433.1698
4351,16161667.7455
4352,16167902.7265
4353,16174138.1121
4354,16180373.9017
4355,16186610.0947
4356,16192846.6904
4357,16199083.6883
4358,16205321.0877
4359,16211558.8881
4360,16217797.0887
4361,16224035.689
4362,16230274.6884
4363,16236514.0863
4364,16242753.882
4365,16248994.0749
4366,16255234.6645
4367,16261475.65
4368,16267717.0309
4369,16273958.8066
4370,16280200.9764
4371,16286443.5398
4372,16292686.4961
4373,16298929.8446
4374,16305173.5849
4375,16311417.7162
4376,16317662.238
4377,16323907.1496
4378,16330152.4504
4379,16336398.1398
4380,16342644.2172
4381,16348890.682
4382,16355137.5335
4383,16361384.7712
4384,16367632.3944
4385,16373880.4024
4386,16380128.7948
4387,16386377.5708
4388,16392626.7299
4389,16398876.2715
4390,16405126.1948
4391,16411376.4994
4392,16417627.1845
4393,16423878.2496
4394,16430129.6941
4395,16436381.5173
4396,16442633.7186
4397,16448886.2974
4398,16455139.2532
4399,16461392.5851
4400,16467646.2928
4401,16473900.3754
4402,16480154.8325
4403,16486409.6634
4404,16492664.8674
4405,16498920.4441
4406,16505176.3926
4407,16511432.7126
4408,16517689.4032
4409,16523946.4639
4410,16530203.8941
4411,16536461.6931
4412,16542719.8604
4413,16548978.3954
4414,16555237.2973
4415,16561496.5656
4416,16567756.1997
4417,16574016.199
4418,16580276.5628
4419,16586537.2905
4420,16592798.3815
4421,16599059.8352
4422,16605321.651
4423,16611583.8282
4424,16617846.3662
4425,16624109.2645
4426,16630372.5223
4427,16636636.1392
4428,16642900.1143
4429,16649164.4473
4430,16655429.1373
4431,16661694.1839
4432,16667959.5863
4433,16674225.344
4434,16680491.4564
4435,16686757.9228
4436,16693024.7426
4437,16699291.9152
4438,16705559.44
4439,16711827.3163
4440,16718095.5436
4441,16724364.1212
4442,16730633.0485
4443,16736902.3249
4444,16743171.9497
4445,16749441.9224
4446,16755712.2423
4447,16761982.9088
4448,16768253.9214
4449,16774525.2792
4450,16780796.9819
4451,16787069.0287
4452,16793341.419
4453,16799614.1521
4454,16805887.2276
4455,16812160.6447
4456,16818434.4029
4457,16824708.5015
4458,16830982.9398
4459,16837257.7174
4460,16843532.8335
4461,16849808.2876
4462,16856084.079
4463,16862360.2071
4464,16868636.6713
4465,16874913.4709
4466,16881190.6054
4467,16887468.0741
4468,16893745.8764
4469,16900024.0118
4470,16906302.4794
4471,16912581.2789
4472,16918860.4094
4473,16925139.8705
4474,16931419.6615
4475,16937699.7817
4476,16943980.2306
4477,16950261.0075
4478,16956542.1118
4479,16962823.543
4480,16969105.3002
4481,16975387.3831
4482,16981669.7909
4483,16987952.523
4484,16994235.5787
4485,17000518.9576
4486,17006802.6589
4487,17013086.682
4488,17019371.0264
4489,17025655.6913
4490,17031940.6762
4491,17038225.9805
4492,17044511.6035
4493,17050797.5446
4494,17057083.8032
4495,17063370.3787
4496,17069657.2704
4497,17075944.4777
4498,17082232.0001
4499,17088519.8368
4500,17094807.9873
4501,17101096.451
4502,17107385.2272
4503,17113674.3153
4504,17119963.7147
4505,17126253.4247
4506,17132543.4448
4507,17138833.7744
4508,17145124.4127
4509,17151415.3592
4510,17157706.6133
4511,17163998.1743
4512,17170290.0416
4513,17176582.2146
4514,17182874.6928
4515,17189167.4753
4516,17195460.5617
4517,17201753.9514
4518,17208047.6436
4519,17214341.6378
4520,17220635.9333
4521,17226930.5296
4522,17233225.426
4523,17239520.6219
4524,17245816.1166
4525,17252111.9096
4526,17258408.0002
4527,17264704.3878
4528,17271001.0718
4529,17277298.0516
4530,17283595.3265
4531,17289892.896
4532,17296190.7593
4533,17302488.9159
4534,17308787.3651
4535,17315086.1064
4536,17321385.1391
4537,17327684.4626
4538,17333984.0763
4539,17340283.9795
4540,17346584.1716
4541,17352884.6521
4542,17359185.4202
4543,17365486.4754
4544,17371787.817
4545,17378089.4444
4546,17384391.3571
4547,17390693.5543
4548,17396996.0354
4549,17403298.7999
4550,17409601.8471
4551,17415905.1764
4552,17422208.7871
4553,17428512.6787
4554,17434816.8505
4555,17441121.3019
4556,17447426.0323
4557,17453731.041
4558,17460036.3275
4559,17466341.8911
4560,17472647.7311
4561,17478953.847
4562,17485260.2382
4563,17491566.904
4564,17497873.8438
4565,17504181.0569
4566,17510488.5428
4567,17516796.3009
4568,17523104.3304
4569,17529412.6308
4570,17535721.2015
4571,17542030.0419
4572,17548339.1512
4573,17554648.529
4574,17560958.1745
4575,17567268.0872
4576,17573578.2664
4577,17579888.7115
4578,17586199.4218
4579,17592510.3969
4580,17598821.636
4581,17605133.1385
4582,17611444.9038
4583,17617756.9312
4584,17624069.2202
4585,17630381.7701
4586,17636694.5804
4587,17643007.6503
4588,17649320.9792
4589,17655634.5666
4590,17661948.4118
4591,17668262.5142
4592,17674576.8731
4593,17680891.488
4594,17687206.3582
4595,17693521.4831
4596,17699836.862
4597,17706152.4944
4598,17712468.3796
4599,17718784.5171
4600,17725100.9061
4601,17731417.546
4602,17737734.4363
4603,17744051.5763
4604,17750368.9654
4605,17756686.6029
4606,17763004.4883
4607,17769322.6208
4608,17775641
4609,17781959.6251
4610,17788278.4956
4611,17794597.6108
4612,17800916.9701
4613,17807236.5729
4614,17813556.4185
4615,17819876.5063
4616,17826196.8358
4617,17832517.4062
4618,17838838.217
4619,17845159.2675
4620,17851480.5571
4621,17857802.0852
4622,17864123.8511
4623,17870445.8543
4624,17876768.0941
4625,17883090.5699
4626,17889413.281
4627,17895736.2269
4628,17902059.4069
4629,17908382.8204
4630,17914706.4668
4631,17921030.3454
4632,17927354.4556
4633,17933678.7968
4634,17940003.3684
4635,17946328.1697
4636,17952653.2002
4637,17958978.4592
4638,17965303.946
4639,17971629.6601
4640,17977955.6008
4641,17984281.7675
4642,17990608.1596
4643,17996934.7765
4644,18003261.6174
4645,18009588.6819
4646,18015915.9693
4647,18022243.4789
4648,18028571.2102
4649,18034899.1624
4650,18041227.3351
4651,18047555.7275
4652,18053884.339
4653,18060213.169
4654,18066542.217
4655,18072871.4822
4656,18079200.964
4657,18085530.6618
4658,18091860.5751
4659,18098190.7031
4660,18104521.0452
4661,18110851.6008
4662,18117182.3694
4663,18123513.3502
4664,18129844.5426
4665,18136175.946
4666,18142507.5599
4667,18148839.3835
4668,18155171.4162
4669,18161503.6575
4670,18167836.1066
4671,18174168.7631
4672,18180501.6261
4673,18186834.6952
4674,18193167.9697
4675,18199501.4489
4676,18205835.1323
4677,18212169.0191
4678,18218503.1089
4679,18224837.401
4680,18231171.8947
4681,18237506.5894
4682,18243841.4844
4683,18250176.5793
4684,18256511.8733
4685,18262847.3658
4686,18269183.0562
4687,18275518.9439
4688,18281855.0282
4689,18288191.3085
4690,18294527.7842
4691,18300864.4547
4692,18307201.3193
4693,18313538.3775
4694,18319875.6285
4695,18326213.0718
4696,18332550.7067
4697,18338888.5326
4698,18345226.5489
4699,18351564.755
4700,18357903.1502
4701,18364241.734
4702,18370580.5056
4703,18376919.4645
4704,18383258.61
4705,18389597.9415
4706,18395937.4584
4707,18402277.16
4708,18408617.0458
4709,18414957.1151
4710,18421297.3673
4711,18427637.8017
4712,18433978.4178
4713,18440319.2148
4714,18446660.1923
4715,18453001.3495
4716,18459342.6858
4717,18465684.2006
4718,18472025.8933
4719,18478367.7633
4720,18484709.8098
4721,18491052.0324
4722,18497394.4303
4723,18503737.003
4724,18510079.7498
4725,18516422.6701
4726,18522765.7633
4727,18529109.0287
4728,18535452.4657
4729,18541796.0737
4730,18548139.8521
4731,18554483.8002
4732,18560827.9175
4733,18567172.2032
4734,18573516.6568
4735,18579861.2776
4736,18586206.065
4737,18592551.0184
4738,18598896.1372
4739,18605241.4207
4740,18611586.8683
4741,18617932.4794
4742,18624278.2533
4743,18630624.1894
4744,18636970.2872
4745,18643316.5459
4746,18649662.965
4747,18656009.5438
4748,18662356.2817
4749,18668703.178
4750,18675050.2322
4751,18681397.4436
4752,18687744.8117
4753,18694092.3356
4754,18700440.0149
4755,18706787.8489
4756,18713135.837
4757,18719483.9786
4758,18725832.273
4759,18732180.7196
4760,18738529.3177
4761,18744878.0669
4762,18751226.9663
4763,18757576.0155
4764,18763925.2137
4765,18770274.5603
4766,18776624.0548
4767,18782973.6965
4768,18789323.4847
4769,18795673.4189
4770,18802023.4984
4771,18808373.7226
4772,18814724.0908
4773,18821074.6025
4774,18827425.257
4775,18833776.0536
4776,18840126.9919
4777,18846478.071
4778,18852829.2904
4779,18859180.6496
4780,18865532.1477
4781,18871883.7843
4782,18878235.5587
4783,18884587.4702
4784,18890939.5183
4785,18897291.7023
4786,18903644.0215
4787,18909996.4755
4788,18916349.0635
4789,18922701.7848
4790,18929054.639
4791,18935407.6253
4792,18941760.7431
4793,18948113.9918
4794,18954467.3708
4795,18960820.8795
4796,18967174.5171
4797,18973528.2832
4798,18979882.177
4799,18986236.1979
4800,18992590.3454
4801,18998944.6187
4802,19005299.0173
4803,19011653.5405
4804,19018008.1877
4805,19024362.9583
4806,19030717.8517
4807,19037072.8671
4808,19043428.0041
4809,19049783.2619
4810,19056138.64
4811,19062494.1376
4812,19068849.7543
4813,19075205.4893
4814,19081561.342
4815,19087917.3119
4816,19094273.3982
4817,19100629.6003
4818,19106985.9177
4819,19113342.3497
4820,19119698.8957
4821,19126055.5549
4822,19132412.3269
4823,19138769.211
4824,19145126.2066
4825,19151483.3129
4826,19157840.5295
4827,19164197.8557
4828,19170555.2908
4829,19176912.8342
4830,19183270.4853
4831,19189628.2435
4832,19195986.1081
4833,19202344.0785
4834,19208702.1541
4835,19215060.3343
4836,19221418.6184
4837,19227777.0058
4838,19234135.4959
4839,19240494.088
4840,19246852.7816
4841,19253211.5759
4842,19259570.4704
4843,19265929.4644
4844,19272288.5574
4845,19278647.7486
4846,19285007.0375
4847,19291366.4234
4848,19297725.9057
4849,19304085.4838
4850,19310445.157
4851,19316804.9248
4852,19323164.7864
4853,19329524.7413
4854,19335884.7889
4855,19342244.9284
4856,19348605.1593
4857,19354965.481
4858,19361325.8928
4859,19367686.3941
4860,19374046.9843
4861,19380407.6627
4862,19386768.4287
4863,19393129.2817
4864,19399490.221
4865,19405851.2461
4866,19412212.3563
4867,19418573.551
4868,19424934.8295
4869,19431296.1913
4870,19437657.6356
4871,19444019.1619
4872,19450380.7695
4873,19456742.4578
4874,19463104.2263
4875,19469466.0741
4876,19475828.0008
4877,19482190.0057
4878,19488552.0882
4879,19494914.2476
4880,19501276.4833
4881,19507638.7948
4882,19514001.1812
4883,19520363.6421
4884,19526726.1768
4885,19533088.7847
4886,19539451.4651
4887,19545814.2175
4888,19552177.0411
4889,19558539.9354
4890,19564902.8998
4891,19571265.9335
4892,19577629.0361
4893,19583992.2067
4894,19590355.4449
4895,19596718.75
4896,19603082.1214
4897,19609445.5584
4898,19615809.0605
4899,19622172.6269
4900,19628536.257
4901,19634899.9503
4902,19641263.7061
4903,19647627.5238
4904,19653991.4027
4905,19660355.3423
4906,19666719.3418
4907,19673083.4007
4908,19679447.5183
4909,19685811.694
4910,19692175.9272
4911,19698540.2173
4912,19704904.5635
4913,19711268.9654
4914,19717633.4222
4915,19723997.9334
4916,19730362.4983
4917,19736727.1162
4918,19743091.7866
4919,19749456.5089
4920,19755821.2823
4921,19762186.1063
4922,19768550.9803
4923,19774915.9035
4924,19781280.8755
4925,19787645.8955
4926,19794010.9629
4927,19800376.0771
4928,19806741.2375
4929,19813106.4435
4930,19819471.6944
4931,19825836.9895
4932,19832202.3283
4933,19838567.7102
4934,19844933.1344
4935,19851298.6004
4936,19857664.1076
4937,19864029.6553
4938,19870395.2429
4939,19876760.8697
4940,19883126.5352
4941,19889492.2387
4942,19895857.9796
4943,19902223.7572
4944,19908589.5709
4945,19914955.4202
4946,19921321.3043
4947,19927687.2226
4948,19934053.1746
4949,19940419.1595
4950,19946785.1768
4951,19953151.2258
4952,19959517.3059
4953,19965883.4165
4954,19972249.5569
4955,19978615.7266
4956,19984981.9248
4957,19991348.151
4958,19997714.4045
4959,20004080.6847
4960,20010446.9909
4961,20016813.3227
4962,20023179.6792
4963,20029546.0599
4964,20035912.4642
4965,20042278.8914
4966,20048645.3409
4967,20055011.8121
4968,20061378.3043
4969,20067744.817
4970,20074111.3494
4971,20080477.901
4972,20086844.4712
4973,20093211.0592
4974,20099577.6645
4975,20105944.2865
4976,20112310.9245
4977,20118677.5779
4978,20125044.246
4979,20131410.9283
4980,20137777.6241
4981,20144144.3328
4982,20150511.0537
4983,20156877.7862
4984,20163244.5298
4985,20169611.2837
4986,20175978.0473
4987,20182344.82
4988,20188711.6013
4989,20195078.3904
4990,20201445.1867
4991,20207811.9896
4992,20214178.7984
4993,20220545.6127
4994,20226912.4316
4995,20233279.2546
4996,20239646.0811
4997,20246012.9103
4998,20252379.7418
4999,20258746.5749
5000,20265113.4089
5001,20271480.2432
5002,20277847.0772
5003,20284213.9103
5004,20290580.7418
5005,20296947.5711
5006,20303314.3975
5007,20309681.2205
5008,20316048.0395
5009,20322414.8537
5010,20328781.6625
5011,20335148.4654
5012,20341515.2618
5013,20347882.0508
5014,20354248.8321
5015,20360615.6048
5016,20366982.3685
5017,20373349.1224
5018,20379715.8659
5019,20386082.5984
5020,20392449.3193
5021,20398816.028
5022,20405182.7238
5023,20411549.4061
5024,20417916.0742
5025,20424282.7276
5026,20430649.3656
5027,20437015.9876
5028,20443382.5929
5029,20449749.1809
5030,20456115.7511
5031,20462482.3027
5032,20468848.8351
5033,20475215.3478
5034,20481581.84
5035,20487948.3112
5036,20494314.7607
5037,20500681.1879
5038,20507047.5922
5039,20513413.9729
5040,20519780.3295
5041,20526146.6612
5042,20532512.9674
5043,20538879.2477
5044,20545245.5012
5045,20551611.7273
5046,20557977.9255
5047,20564344.0952
5048,20570710.2356
5049,20577076.3462
5050,20583442.4263
5051,20589808.4753
5052,20596174.4926
5053,20602540.4775
5054,20608906.4295
5055,20615272.3478
5056,20621638.2319
5057,20628004.0812
5058,20634369.8949
5059,20640735.6725
5060,20647101.4134
5061,20653467.1169
5062,20659832.7824
5063,20666198.4092
5064,20672563.9968
5065,20678929.5445
5066,20685295.0517
5067,20691660.5177
5068,20698025.942
5069,20704391.3238
5070,20710756.6626
5071,20717121.9578
5072,20723487.2086
5073,20729852.4146
5074,20736217.575
5075,20742582.6892
5076,20748947.7566
5077,20755312.7766
5078,20761677.7486
5079,20768042.6718
5080,20774407.5458
5081,20780772.3698
5082,20787137.1432
5083,20793501.8655
5084,20799866.5359
5085,20806231.1538
5086,20812595.7187
5087,20818960.2299
5088,20825324.6867
5089,20831689.0886
5090,20838053.4349
5091,20844417.7249
5092,20850781.9581
5093,20857146.1338
5094,20863510.2515
5095,20869874.3103
5096,20876238.3099
5097,20882602.2494
5098,20888966.1283
5099,20895329.946
5100,20901693.7018
5101,20908057.3951
5102,20914421.0252
5103,20920784.5917
5104,20927148.0937
5105,20933511.5307
5106,20939874.9021
5107,20946238.2072
5108,20952601.4454
5109,20958964.6161
5110,20965327.7186
5111,20971690.7523
5112,20978053.7167
5113,20984416.611
5114,20990779.4346
5115,20997142.187
5116,21003504.8674
5117,21009867.4753
5118,21016230.01
5119,21022592.4709
5120,21028954.8574
5121,21035317.1688
5122,21041679.4045
5123,21048041.5639
5124,21054403.6464
5125,21060765.6513
5126,21067127.578
5127,21073489.4258
5128,21079851.1943
5129,21086212.8826
5130,21092574.4902
5131,21098936.0165
5132,21105297.4609
5133,21111658.8226
5134,21118020.1011
5135,21124381.2958
5136,21130742.406
5137,21137103.4311
5138,21143464.3704
5139,21149825.2234
5140,21156185.9895
5141,21162546.6679
5142,21168907.258
5143,21175267.7593
5144,21181628.1711
5145,21187988.4928
5146,21194348.7237
5147,21200708.8632
5148,21207068.9108
5149,21213428.8657
5150,21219788.7273
5151,21226148.4951
5152,21232508.1683
5153,21238867.7464
5154,21245227.2287
5155,21251586.6146
5156,21257945.9035
5157,21264305.0947
5158,21270664.1877
5159,21277023.1817
5160,21283382.0762
5161,21289740.8706
5162,21296099.5641
5163,21302458.1562
5164,21308816.6463
5165,21315175.0337
5166,21321533.3178
5167,21327891.498
5168,21334249.5736
5169,21340607.544
5170,21346965.4086
5171,21353323.1668
5172,21359680.8179
5173,21366038.3614
5174,21372395.7965
5175,21378753.1226
5176,21385110.3392
5177,21391467.4455
5178,21397824.4411
5179,21404181.3252
5180,21410538.0972
5181,21416894.7565
5182,21423251.3024
5183,21429607.7344
5184,21435964.0518
5185,21442320.2539
5186,21448676.3403
5187,21455032.3101
5188,21461388.1628
5189,21467743.8978
5190,21474099.5145
5191,21480455.0122
5192,21486810.3902
5193,21493165.648
5194,21499520.785
5195,21505875.8004
5196,21512230.6938
5197,21518585.4644
5198,21524940.1116
5199,21531294.6348
5200,21537649.0334
5201,21544003.3067
5202,21550357.4542
5203,21556711.4751
5204,21563065.369
5205,21569419.135
5206,21575772.7727
5207,21582126.2813
5208,21588479.6603
5209,21594832.909
5210,21601186.0268
5211,21607539.0131
5212,21613891.8673
5213,21620244.5887
5214,21626597.1766
5215,21632949.6306
5216,21639301.9498
5217,21645654.1338
5218,21652006.1819
5219,21658358.0934
5220,21664709.8678
5221,21671061.5044
5222,21677413.0026
5223,21683764.3617
5224,21690115.5811
5225,21696466.6603
5226,21702817.5985
5227,21709168.3951
5228,21715519.0496
5229,21721869.5613
5230,21728219.9295
5231,21734570.1537
5232,21740920.2332
5233,21747270.1674
5234,21753619.9556
5235,21759969.5973
5236,21766319.0918
5237,21772668.4384
5238,21779017.6367
5239,21785366.6858
5240,21791715.5853
5241,21798064.3344
5242,21804412.9325
5243,21810761.3791
5244,21817109.6735
5245,21823457.8151
5246,21829805.8032
5247,21836153.6372
5248,21842501.3165
5249,21848848.8405
5250,21855196.2085
5251,21861543.4199
5252,21867890.4741
5253,21874237.3704
5254,21880584.1083
5255,21886930.6871
5256,21893277.1062
5257,21899623.3649
5258,21905969.4627
5259,21912315.3988
5260,21918661.1728
5261,21925006.7838
5262,21931352.2314
5263,21937697.5149
5264,21944042.6337
5265,21950387.5871
5266,21956732.3745
5267,21963076.9953
5268,21969421.4489
5269,21975765.7346
5270,21982109.8519
5271,21988453.8
5272,21994797.5784
5273,22001141.1864
5274,22007484.6234
5275,22013827.8888
5276,22020170.982
5277,22026513.9023
5278,22032856.6491
5279,22039199.2218
5280,22045541.6197
5281,22051883.8423
5282,22058225.8889
5283,22064567.7588
5284,22070909.4515
5285,22077250.9663
5286,22083592.3026
5287,22089933.4598
5288,22096274.4373
5289,22102615.2343
5290,22108955.8504
5291,22115296.2848
5292,22121636.537
5293,22127976.6063
5294,22134316.4921
5295,22140656.1937
5296,22146995.7106
5297,22153335.0422
5298,22159674.1877
5299,22166013.1465
5300,22172351.9181
5301,22178690.5019
5302,22185028.8971
5303,22191367.1032
5304,22197705.1195
5305,22204042.9454
5306,22210380.5803
5307,22216718.0236
5308,22223055.2746
5309,22229392.3328
5310,22235729.1974
5311,22242065.8679
5312,22248402.3436
5313,22254738.6239
5314,22261074.7082
5315,22267410.5959
5316,22273746.2863
5317,22280081.7788
5318,22286417.0728
5319,22292752.1677
5320,22299087.0628
5321,22305421.7575
5322,22311756.2511
5323,22318090.5432
5324,22324424.633
5325,22330758.5199
5326,22337092.2032
5327,22343425.6825
5328,22349758.9569
5329,22356092.026
5330,22362424.8891
5331,22368757.5455
5332,22375089.9946
5333,22381422.2359
5334,22387754.2686
5335,22394086.0922
5336,22400417.7061
5337,22406749.1095
5338,22413080.302
5339,22419411.2828
5340,22425742.0513
5341,22432072.6069
5342,22438402.9491
5343,22444733.077
5344,22451062.9903
5345,22457392.6881
5346,22463722.1699
5347,22470051.4351
5348,22476380.4831
5349,22482709.3131
5350,22489037.9247
5351,22495366.3171
5352,22501694.4897
5353,22508022.442
5354,22514350.1732
5355,22520677.6828
5356,22527004.9702
5357,22533332.0347
5358,22539658.8757
5359,22545985.4925
5360,22552311.8846
5361,22558638.0513
5362,22564963.992
5363,22571289.7061
5364,22577615.1929
5365,22583940.4519
5366,22590265.4824
5367,22596590.2837
5368,22602914.8553
5369,22609239.1965
5370,22615563.3067
5371,22621887.1853
5372,22628210.8317
5373,22634534.2452
5374,22640857.4252
5375,22647180.3711
5376,22653503.0822
5377,22659825.558
5378,22666147.7978
5379,22672469.801
5380,22678791.5669
5381,22685113.095
5382,22691434.3846
5383,22697755.4351
5384,22704076.2459
5385,22710396.8163
5386,22716717.1458
5387,22723037.2336
5388,22729357.0792
5389,22735676.682
5390,22741996.0413
5391,22748315.1565
5392,22754634.027
5393,22760952.6521
5394,22767271.0313
5395,22773589.1639
5396,22779907.0492
5397,22786224.6868
5398,22792542.0758
5399,22798859.2158
5400,22805176.1061
5401,22811492.7461
5402,22817809.1351
5403,22824125.2725
5404,22830441.1577
5405,22836756.7901
5406,22843072.1691
5407,22849387.2939
5408,22855702.1641
5409,22862016.779
5410,22868331.138
5411,22874645.2403
5412,22880959.0855
5413,22887272.6729
5414,22893586.0019
5415,22899899.0718
5416,22906211.882
5417,22912524.4319
5418,22918836.7209
5419,22925148.7484
5420,22931460.5136
5421,22937772.0161
5422,22944083.2552
5423,22950394.2303
5424,22956704.9407
5425,22963015.3858
5426,22969325.565
5427,22975635.4776
5428,22981945.1231
5429,22988254.5009
5430,22994563.6102
5431,23000872.4506
5432,23007181.0213
5433,23013489.3217
5434,23019797.3512
5435,23026105.1093
5436,23032412.5952
5437,23038719.8083
5438,23045026.7481
5439,23051333.4139
5440,23057639.8051
5441,23063945.921
5442,23070251.761
5443,23076557.3246
5444,23082862.6111
5445,23089167.6198
5446,23095472.3502
5447,23101776.8016
5448,23108080.9734
5449,23114384.865
5450,23120688.4757
5451,23126991.805
5452,23133294.8522
5453,23139597.6167
5454,23145900.0978
5455,23152202.295
5456,23158504.2077
5457,23164805.8351
5458,23171107.1767
5459,23177408.2319
5460,23183709
5461,23190009.4805
5462,23196309.6726
5463,23202609.5758
5464,23208909.1895
5465,23215208.513
5466,23221507.5457
5467,23227806.287
5468,23234104.7362
5469,23240402.8928
5470,23246700.7562
5471,23252998.3256
5472,23259295.6005
5473,23265592.5803
5474,23271889.2643
5475,23278185.6519
5476,23284481.7425
5477,23290777.5355
5478,23297073.0303
5479,23303368.2261
5480,23309663.1225
5481,23315957.7188
5482,23322252.0144
5483,23328546.0085
5484,23334839.7008
5485,23341133.0904
5486,23347426.1768
5487,23353718.9594
5488,23360011.4375
5489,23366303.6105
5490,23372595.4778
5491,23378887.0388
5492,23385178.2929
5493,23391469.2394
5494,23397759.8778
5495,23404050.2073
5496,23410340.2274
5497,23416629.9374
5498,23422919.3368
5499,23429208.4249
5500,23435497.2011
5501,23441785.6648
5502,23448073.8153
5503,23454361.652
5504,23460649.1744
5505,23466936.3817
5506,23473223.2735
5507,23479509.8489
5508,23485796.1075
5509,23492082.0486
5510,23498367.6716
5511,23504652.9759
5512,23510937.9608
5513,23517222.6257
5514,23523506.9701
5515,23529790.9932
5516,23536074.6945
5517,23542358.0734
5518,23548641.1292
5519,23554923.8613
5520,23561206.269
5521,23567488.3519
5522,23573770.1092
5523,23580051.5403
5524,23586332.6446
5525,23592613.4215
5526,23598893.8704
5527,23605173.9906
5528,23611453.7816
5529,23617733.2427
5530,23624012.3732
5531,23630291.1727
5532,23636569.6404
5533,23642847.7757
5534,23649125.578
5535,23655403.0467
5536,23661680.1812
5537,23667956.9809
5538,23674233.445
5539,23680509.5731
5540,23686785.3645
5541,23693060.8186
5542,23699335.9347
5543,23705610.7123
5544,23711885.1507
5545,23718159.2492
5546,23724433.0074
5547,23730706.4245
5548,23736979.5
5549,23743252.2332
5550,23749524.6234
5551,23755796.6702
5552,23762068.3729
5553,23768339.7308
5554,23774610.7433
5555,23780881.4098
5556,23787151.7297
5557,23793421.7024
5558,23799691.3273
5559,23805960.6036
5560,23812229.5309
5561,23818498.1085
5562,23824766.3358
5563,23831034.2121
5564,23837301.7369
5565,23843568.9095
5566,23849835.7293
5567,23856102.1957
5568,23862368.3081
5569,23868634.0658
5570,23874899.4682
5571,23881164.5148
5572,23887429.2048
5573,23893693.5378
5574,23899957.513
5575,23906221.1298
5576,23912484.3876
5577,23918747.2859
5578,23925009.8239
5579,23931272.0012
5580,23937533.8169
5581,23943795.2706
5582,23950056.3616
5583,23956317.0894
5584,23962577.4531
5585,23968837.4524
5586,23975097.0865
5587,23981356.3548
5588,23987615.2568
5589,23993873.7917
5590,24000131.959
5591,24006389.758
5592,24012647.1882
5593,24018904.2489
5594,24025160.9396
5595,24031417.2595
5596,24037673.208
5597,24043928.7847
5598,24050183.9887
5599,24056438.8196
5600,24062693.2767
5601,24068947.3594
5602,24075201.067
5603,24081454.399
5604,24087707.3547
5605,24093959.9335
5606,24100212.1348
5607,24106463.958
5608,24112715.4025
5609,24118966.4676
5610,24125217.1527
5611,24131467.4573
5612,24137717.3806
5613,24143966.9222
5614,24150216.0813
5615,24156464.8573
5616,24162713.2497
5617,24168961.2578
5618,24175208.8809
5619,24181456.1186
5620,24187702.9701
5621,24193949.4349
5622,24200195.5123
5623,24206441.2017
5624,24212686.5026
5625,24218931.4142
5626,24225175.9359
5627,24231420.0672
5628,24237663.8075
5629,24243907.156
5630,24250150.1123
5631,24256392.6757
5632,24262634.8455
5633,24268876.6212
5634,24275118.0021
5635,24281358.9876
5636,24287599.5772
5637,24293839.7701
5638,24300079.5658
5639,24306318.9637
5640,24312557.9631
5641,24318796.5634
5642,24325034.7641
5643,24331272.5644
5644,24337509.9638
5645,24343746.9617
5646,24349983.5575
5647,24356219.7504
5648,24362455.54
5649,24368690.9256
5650,24374925.9066
5651,24381160.4823
5652,24387394.6523
5653,24393628.4157
5654,24399861.7721
5655,24406094.7208
5656,24412327.2612
5657,24418559.3927
5658,24424791.1146
5659,24431022.4264
5660,24437253.3274
5661,24443483.8171
5662,24449713.8948
5663,24455943.5598
5664,24462172.8117
5665,24468401.6497
5666,24474630.0732
5667,24480858.0817
5668,24487085.6745
5669,24493312.851
5670,24499539.6106
5671,24505765.9527
5672,24511991.8766
5673,24518217.3818
5674,24524442.4676
5675,24530667.1335
5676,24536891.3787
5677,24543115.2027
5678,24549338.605
5679,24555561.5847
5680,24561784.1415
5681,24568006.2745
5682,24574227.9833
5683,24580449.2672
5684,24586670.1256
5685,24592890.5578
5686,24599110.5633
5687,24605330.1415
5688,24611549.2917
5689,24617768.0134
5690,24623986.3058
5691,24630204.1684
5692,24636421.6007
5693,24642638.6019
5694,24648855.1714
5695,24655071.3087
5696,24661287.0131
5697,24667502.2841
5698,24673717.1209
5699,24679931.523
5700,24686145.4898
5701,24692359.0207
5702,24698572.115
5703,24704784.7722
5704,24710996.9916
5705,24717208.7725
5706,24723420.1145
5707,24729631.0169
5708,24735841.4791
5709,24742051.5004
5710,24748261.0802
5711,24754470.218
5712,24760678.9131
5713,24766887.1649
5714,24773094.9728
5715,24779302.3362
5716,24785509.2545
5717,24791715.727
5718,24797921.7532
5719,24804127.3324
5720,24810332.464
5721,24816537.1474
5722,24822741.382
5723,24828945.1673
5724,24835148.5024
5725,24841351.387
5726,24847553.8203
5727,24853755.8017
5728,24859957.3307
5729,24866158.4065
5730,24872359.0287
5731,24878559.1965
5732,24884758.9095
5733,24890958.1668
5734,24897156.9681
5735,24903355.3126
5736,24909553.1997
5737,24915750.6288
5738,24921947.5994
5739,24928144.1107
5740,24934340.1622
5741,24940535.7533
5742,24946730.8834
5743,24952925.5518
5744,24959119.7579
5745,24965313.5012
5746,24971506.7809
5747,24977699.5966
5748,24983891.9476
5749,24990083.8333
5750,24996275.253
5751,25002466.2062
5752,25008656.6922
5753,25014846.7105
5754,25021036.2604
5755,25027225.3413
5756,25033413.9527
5757,25039602.0938
5758,25045789.7641
5759,25051976.963
5760,25058163.6899
5761,25064349.9441
5762,25070535.725
5763,25076721.0321
5764,25082905.8647
5765,25089090.2222
5766,25095274.1041
5767,25101457.5096
5768,25107640.4382
5769,25113822.8892
5770,25120004.8621
5771,25126186.3563
5772,25132367.3711
5773,25138547.906
5774,25144727.9603
5775,25150907.5333
5776,25157086.6246
5777,25163265.2335
5778,25169443.3594
5779,25175621.0016
5780,25181798.1596
5781,25187974.8327
5782,25194151.0204
5783,25200326.7221
5784,25206501.937
5785,25212676.6647
5786,25218850.9045
5787,25225024.6558
5788,25231197.9179
5789,25237370.6904
5790,25243542.9725
5791,25249714.7636
5792,25255886.0633
5793,25262056.8707
5794,25268227.1854
5795,25274397.0068
5796,25280566.3341
5797,25286735.1669
5798,25292903.5044
5799,25299071.3462
5800,25305238.6915
5801,25311405.5398
5802,25317571.8905
5803,25323737.7429
5804,25329903.0964
5805,25336067.9505
5806,25342232.3046
5807,25348396.1579
5808,25354559.51
5809,25360722.3602
5810,25366884.7079
5811,25373046.5524
5812,25379207.8933
5813,25385368.7298
5814,25391529.0614
5815,25397688.8875
5816,25403848.2074
5817,25410007.0205
5818,25416165.3263
5819,25422323.1241
5820,25428480.4133
5821,25434637.1934
5822,25440793.4636
5823,25446949.2234
5824,25453104.4723
5825,25459259.2095
5826,25465413.4345
5827,25471567.1466
5828,25477720.3453
5829,25483873.03
5830,25490025.2
5831,25496176.8548
5832,25502327.9937
5833,25508478.6161
5834,25514628.7214
5835,25520778.309
5836,25526927.3784
5837,25533075.9288
5838,25539223.9598
5839,25545371.4706
5840,25551518.4607
5841,25557664.9294
5842,25563810.8763
5843,25569956.3006
5844,25576101.2017
5845,25582245.5791
5846,25588389.4321
5847,25594532.7602
5848,25600675.5626
5849,25606817.839
5850,25612959.5885
5851,25619100.8106
5852,25625241.5047
5853,25631381.6703
5854,25637521.3066
5855,25643660.4131
5856,25649798.9892
5857,25655937.0342
5858,25662074.5476
5859,25668211.5288
5860,25674347.9772
5861,25680483.8921
5862,25686619.2729
5863,25692754.1191
5864,25698888.43
5865,25705022.205
5866,25711155.4436
5867,25717288.1451
5868,25723420.3089
5869,25729551.9344
5870,25735683.021
5871,25741813.5681
5872,25747943.5751
5873,25754073.0414
5874,25760201.9664
5875,25766330.3494
5876,25772458.19
5877,25778585.4874
5878,25784712.241
5879,25790838.4503
5880,25796964.1147
5881,25803089.2336
5882,25809213.8062
5883,25815337.8321
5884,25821461.3107
5885,25827584.2413
5886,25833706.6233
5887,25839828.4562
5888,25845949.7392
5889,25852070.4719
5890,25858190.6536
5891,25864310.2838
5892,25870429.3617
5893,25876547.8868
5894,25882665.8585
5895,25888783.2762
5896,25894900.1393
5897,25901016.4472
5898,25907132.1993
5899,25913247.395
5900,25919362.0336
5901,25925476.1146
5902,25931589.6374
5903,25937702.6013
5904,25943815.0058
5905,25949926.8503
5906,25956038.1341
5907,25962148.8567
5908,25968259.0175
5909,25974368.6157
5910,25980477.651
5911,25986586.1225
5912,25992694.0299
5913,25998801.3723
5914,26004908.1493
5915,26011014.3602
5916,26017120.0045
5917,26023225.0814
5918,26029329.5905
5919,26035433.5312
5920,26041536.9027
5921,26047639.7046
5922,26053741.9361
5923,26059843.5968
5924,26065944.686
5925,26072045.2031
5926,26078145.1476
5927,26084244.5187
5928,26090343.3159
5929,26096441.5386
5930,26102539.1863
5931,26108636.2582
5932,26114732.7538
5933,26120828.6726
5934,26126924.0138
5935,26133018.7769
5936,26139112.9613
5937,26145206.5664
5938,26151299.5915
5939,26157392.0362
5940,26163483.8998
5941,26169575.1816
5942,26175665.8811
5943,26181755.9977
5944,26187845.5308
5945,26193934.4797
5946,26200022.844
5947,26206110.6229
5948,26212197.8159
5949,26218284.4224
5950,26224370.4417
5951,26230455.8734
5952,26236540.7167
5953,26242624.9711
5954,26248708.6359
5955,26254791.7107
5956,26260874.1947
5957,26266956.0874
5958,26273037.3881
5959,26279118.0963
5960,26285198.2114
5961,26291277.7328
5962,26297356.6599
5963,26303434.992
5964,26309512.7286
5965,26315589.8691
5966,26321666.4129
5967,26327742.3593
5968,26333817.7078
5969,26339892.4578
5970,26345966.6086
5971,26352040.1598
5972,26358113.1106
5973,26364185.4605
5974,26370257.2089
5975,26376328.3551
5976,26382398.8987
5977,26388468.8389
5978,26394538.1752
5979,26400606.907
5980,26406675.0337
5981,26412742.5547
5982,26418809.4693
5983,26424875.7771
5984,26430941.4773
5985,26437006.5694
5986,26443071.0528
5987,26449134.927
5988,26455198.1912
5989,26461260.8449
5990,26467322.8875
5991,26473384.3184
5992,26479445.1371
5993,26485505.3428
5994,26491564.9351
5995,26497623.9132
5996,26503682.2767
5997,26509740.0249
5998,26515797.1572
5999,26521853.673
6000,26527909.5717
6001,26533964.8528
6002,26540019.5156
6003,26546073.5595
6004,26552126.984
6005,26558179.7883
6006,26564231.9721
6007,26570283.5345
6008,26576334.4751
6009,26582384.7933
6010,26588434.4884
6011,26594483.5599
6012,26600532.0071
6013,26606579.8295
6014,26612627.0264
6015,26618673.5973
6016,26624719.5416
6017,26630764.8586
6018,26636809.5478
6019,26642853.6086
6020,26648897.0404
6021,26654939.8425
6022,26660982.0145
6023,26667023.5556
6024,26673064.4654
6025,26679104.7431
6026,26685144.3883
6027,26691183.4002
6028,26697221.7784
6029,26703259.5222
6030,26709296.631
6031,26715333.1042
6032,26721368.9413
6033,26727404.1416
6034,26733438.7045
6035,26739472.6295
6036,26745505.9159
6037,26751538.5632
6038,26757570.5708
6039,26763601.938
6040,26769632.6642
6041,26775662.749
6042,26781692.1916
6043,26787720.9915
6044,26793749.1481
6045,26799776.6608
6046,26805803.5289
6047,26811829.752
6048,26817855.3294
6049,26823880.2605
6050,26829904.5447
6051,26835928.1815
6052,26841951.1702
6053,26847973.5102
6054,26853995.201
6055,26860016.2419
6056,26866036.6323
6057,26872056.3717
6058,26878075.4595
6059,26884093.8951
6060,26890111.6778
6061,26896128.8071
6062,26902145.2824
6063,26908161.1031
6064,26914176.2686
6065,26920190.7783
6066,26926204.6317
6067,26932217.828
6068,26938230.3668
6069,26944242.2474
6070,26950253.4693
6071,26956264.0318
6072,26962273.9344
6073,26968283.1764
6074,26974291.7573
6075,26980299.6765
6076,26986306.9333
6077,26992313.5273
6078,26998319.4577
6079,27004324.7241
6080,27010329.3257
6081,27016333.2621
6082,27022336.5326
6083,27028339.1367
6084,27034341.0737
6085,27040342.3431
6086,27046342.9442
6087,27052342.8764
6088,27058342.1393
6089,27064340.7321
6090,27070338.6544
6091,27076335.9054
6092,27082332.4846
6093,27088328.3915
6094,27094323.6254
6095,27100318.1857
6096,27106312.0718
6097,27112305.2832
6098,27118297.8193
6099,27124289.6794
6100,27130280.863
6101,27136271.3695
6102,27142261.1983
6103,27148250.3488
6104,27154238.8203
6105,27160226.6125
6106,27166213.7245
6107,27172200.1559
6108,27178185.906
6109,27184170.9743
6110,27190155.3602
6111,27196139.063
6112,27202122.0822
6113,27208104.4172
6114,27214086.0675
6115,27220067.0323
6116,27226047.3112
6117,27232026.9035
6118,27238005.8086
6119,27243984.026
6120,27249961.5551
6121,27255938.3952
6122,27261914.5458
6123,27267890.0063
6124,27273864.7762
6125,27279838.8547
6126,27285812.2414
6127,27291784.9356
6128,27297756.9367
6129,27303728.2442
6130,27309698.8575
6131,27315668.776
6132,27321637.999
6133,27327606.5261
6134,27333574.3565
6135,27339541.4898
6136,27345507.9254
6137,27351473.6625
6138,27357438.7008
6139,27363403.0395
6140,27369366.6781
6141,27375329.6159
6142,27381291.8525
6143,27387253.3872
6144,27393214.2194
6145,27399174.3486
6146,27405133.7741
6147,27411092.4954
6148,27417050.5118
6149,27423007.8229
6150,27428964.4279
6151,27434920.3264
6152,27440875.5177
6153,27446830.0012
6154,27452783.7763
6155,27458736.8426
6156,27464689.1993
6157,27470640.8458
6158,27476591.7817
6159,27482542.0063
6160,27488491.519
6161,27494440.3193
6162,27500388.4065
6163,27506335.7801
6164,27512282.4394
6165,27518228.384
6166,27524173.6131
6167,27530118.1263
6168,27536061.9229
6169,27542005.0023
6170,27547947.364
6171,27553889.0074
6172,27559829.9318
6173,27565770.1367
6174,27571709.6216
6175,27577648.3858
6176,27583586.4287
6177,27589523.7498
6178,27595460.3484
6179,27601396.2241
6180,27607331.3761
6181,27613265.8039
6182,27619199.507
6183,27625132.4847
6184,27631064.7365
6185,27636996.2617
6186,27642927.0598
6187,27648857.1302
6188,27654786.4723
6189,27660715.0856
6190,27666642.9694
6191,27672570.1231
6192,27678496.5463
6193,27684422.2382
6194,27690347.1983
6195,27696271.426
6196,27702194.9208
6197,27708117.682
6198,27714039.7091
6199,27719961.0015
6200,27725881.5586
6201,27731801.3798
6202,27737720.4645
6203,27743638.8121
6204,27749556.4221
6205,27755473.2939
6206,27761389.4269
6207,27767304.8205
6208,27773219.4742
6209,27779133.3872
6210,27785046.5591
6211,27790958.9893
6212,27796870.6772
6213,27802781.6222
6214,27808691.8237
6215,27814601.2812
6216,27820509.994
6217,27826417.9616
6218,27832325.1834
6219,27838231.6588
6220,27844137.3873
6221,27850042.3681
6222,27855946.6009
6223,27861850.0849
6224,27867752.8196
6225,27873654.8044
6226,27879556.0387
6227,27885456.5221
6228,27891356.2537
6229,27897255.2332
6230,27903153.4598
6231,27909050.9331
6232,27914947.6524
6233,27920843.6172
6234,27926738.8268
6235,27932633.2808
6236,27938526.9784
6237,27944419.9192
6238,27950312.1025
6239,27956203.5278
6240,27962094.1945
6241,27967984.102
6242,27973873.2497
6243,27979761.6371
6244,27985649.2635
6245,27991536.1284
6246,27997422.2312
6247,28003307.5713
6248,28009192.1481
6249,28015075.9611
6250,28020959.0097
6251,28026841.2933
6252,28032722.8113
6253,28038603.5631
6254,28044483.5482
6255,28050362.766
6256,28056241.2158
6257,28062118.8972
6258,28067995.8095
6259,28073871.9522
6260,28079747.3246
6261,28085621.9262
6262,28091495.7564
6263,28097368.8147
6264,28103241.1005
6265,28109112.6131
6266,28114983.352
6267,28120853.3166
6268,28126722.5064
6269,28132590.9207
6270,28138458.559
6271,28144325.4207
6272,28150191.5052
6273,28156056.812
6274,28161921.3404
6275,28167785.09
6276,28173648.06
6277,28179510.2499
6278,28185371.6593
6279,28191232.2873
6280,28197092.1336
6281,28202951.1975
6282,28208809.4784
6283,28214666.9758
6284,28220523.6891
6285,28226379.6177
6286,28232234.761
6287,28238089.1184
6288,28243942.6894
6289,28249795.4735
6290,28255647.4699
6291,28261498.6781
6292,28267349.0977
6293,28273198.7279
6294,28279047.5682
6295,28284895.618
6296,28290742.8768
6297,28296589.344
6298,28302435.019
6299,28308279.9012
6300,28314123.99
6301,28319967.2849
6302,28325809.7853
6303,28331651.4906
6304,28337492.4002
6305,28343332.5136
6306,28349171.8302
6307,28355010.3494
6308,28360848.0706
6309,28366684.9933
6310,28372521.1169
6311,28378356.4408
6312,28384190.9644
6313,28390024.6871
6314,28395857.6085
6315,28401689.7278
6316,28407521.0446
6317,28413351.5582
6318,28419181.2681
6319,28425010.1737
6320,28430838.2744
6321,28436665.5697
6322,28442492.0589
6323,28448317.7416
6324,28454142.617
6325,28459966.6847
6326,28465789.9441
6327,28471612.3946
6328,28477434.0357
6329,28483254.8666
6330,28489074.887
6331,28494894.0962
6332,28500712.4936
6333,28506530.0786
6334,28512346.8507
6335,28518162.8094
6336,28523977.9539
6337,28529792.2839
6338,28535605.7986
6339,28541418.4975
6340,28547230.3801
6341,28553041.4457
6342,28558851.6938
6343,28564661.1239
6344,28570469.7353
6345,28576277.5274
6346,28582084.4998
6347,28587890.6518
6348,28593695.9828
6349,28599500.4923
6350,28605304.1798
6351,28611107.0445
6352,28616909.0861
6353,28622710.3038
6354,28628510.6971
6355,28634310.2655
6356,28640109.0083
6357,28645906.9251
6358,28651704.0151
6359,28657500.278
6360,28663295.713
6361,28669090.3196
6362,28674884.0973
6363,28680677.0454
6364,28686469.1635
6365,28692260.4509
6366,28698050.907
6367,28703840.5313
6368,28709629.3232
6369,28715417.2821
6370,28721204.4076
6371,28726990.6989
6372,28732776.1555
6373,28738560.7769
6374,28744344.5625
6375,28750127.5117
6376,28755909.624
6377,28761690.8987
6378,28767471.3353
6379,28773250.9333
6380,28779029.692
6381,28784807.6109
6382,28790584.6895
6383,28796360.9271
6384,28802136.3231
6385,28807910.8771
6386,28813684.5884
6387,28819457.4565
6388,28825229.4808
6389,28831000.6608
6390,28836770.9958
6391,28842540.4853
6392,28848309.1287
6393,28854076.9255
6394,28859843.875
6395,28865609.9768
6396,28871375.2302
6397,28877139.6347
6398,28882903.1898
6399,28888665.8947
6400,28894427.7491
6401,28900188.7522
6402,28905948.9036
6403,28911708.2026
6404,28917466.6488
6405,28923224.2415
6406,28928980.9801
6407,28934736.8641
6408,28940491.893
6409,28946246.0661
6410,28951999.3829
6411,28957751.8429
6412,28963503.4454
6413,28969254.1899
6414,28975004.0758
6415,28980753.1025
6416,28986501.2696
6417,28992248.5764
6418,28997995.0223
6419,29003740.6068
6420,29009485.3293
6421,29015229.1893
6422,29020972.1862
6423,29026714.3193
6424,29032455.5883
6425,29038195.9924
6426,29043935.5311
6427,29049674.2039
6428,29055412.0102
6429,29061148.9494
6430,29066885.021
6431,29072620.2243
6432,29078354.5588
6433,29084088.0241
6434,29089820.6194
6435,29095552.3442
6436,29101283.198
6437,29107013.1802
6438,29112742.2902
6439,29118470.5275
6440,29124197.8914
6441,29129924.3815
6442,29135649.9972
6443,29141374.7379
6444,29147098.603
6445,29152821.592
6446,29158543.7043
6447,29164264.9393
6448,29169985.2965
6449,29175704.7753
6450,29181423.3752
6451,29187141.0956
6452,29192857.9359
6453,29198573.8955
6454,29204288.974
6455,29210003.1706
6456,29215716.4849
6457,29221428.9164
6458,29227140.4643
6459,29232851.1283
6460,29238560.9076
6461,29244269.8019
6462,29249977.8103
6463,29255684.9325
6464,29261391.1679
6465,29267096.5159
6466,29272800.9759
6467,29278504.5473
6468,29284207.2297
6469,29289909.0224
6470,29295609.9249
6471,29301309.9366
6472,29307009.057
6473,29312707.2854
6474,29318404.6214
6475,29324101.0644
6476,29329796.6137
6477,29335491.2689
6478,29341185.0294
6479,29346877.8946
6480,29352569.864
6481,29358260.937
6482,29363951.113
6483,29369640.3915
6484,29375328.7719
6485,29381016.2536
6486,29386702.8361
6487,29392388.5189
6488,29398073.3013
6489,29403757.1829
6490,29409440.163
6491,29415122.241
6492,29420803.4165
6493,29426483.6889
6494,29432163.0576
6495,29437841.522
6496,29443519.0816
6497,29449195.7358
6498,29454871.484
6499,29460546.3258
6500,29466220.2605
6501,29471893.2877
6502,29477565.4066
6503,29483236.6168
6504,29488906.9177
6505,29494576.3087
6506,29500244.7893
6507,29505912.359
6508,29511579.0171
6509,29517244.7631
6510,29522909.5965
6511,29528573.5167
6512,29534236.5231
6513,29539898.6151
6514,29545559.7923
6515,29551220.054
6516,29556879.3997
6517,29562537.8289
6518,29568195.3409
6519,29573851.9353
6520,29579507.6114
6521,29585162.3688
6522,29590816.2067
6523,29596469.1248
6524,29602121.1224
6525,29607772.1989
6526,29613422.3539
6527,29619071.5868
6528,29624719.8969
6529,29630367.2838
6530,29636013.7468
6531,29641659.2855
6532,29647303.8993
6533,29652947.5876
6534,29658590.3498
6535,29664232.1854
6536,29669873.0939
6537,29675513.0747
6538,29681152.1272
6539,29686790.2509
6540,29692427.4452
6541,29698063.7095
6542,29703699.0434
6543,29709333.4462
6544,29714966.9174
6545,29720599.4564
6546,29726231.0627
6547,29731861.7358
6548,29737491.475
6549,29743120.2798
6550,29748748.1497
6551,29754375.0841
6552,29760001.0824
6553,29765626.1442
6554,29771250.2688
6555,29776873.4556
6556,29782495.7042
6557,29788117.014
6558,29793737.3843
6559,29799356.8148
6560,29804975.3047
6561,29810592.8537
6562,29816209.461
6563,29821825.1261
6564,29827439.8486
6565,29833053.6278
6566,29838666.4631
6567,29844278.3542
6568,29849889.3002
6569,29855499.3009
6570,29861108.3554
6571,29866716.4634
6572,29872323.6243
6573,29877929.8375
6574,29883535.1024
6575,29889139.4185
6576,29894742.7853
6577,29900345.2022
6578,29905946.6686
6579,29911547.184
6580,29917146.7479
6581,29922745.3596
6582,29928343.0187
6583,29933939.7246
6584,29939535.4767
6585,29945130.2744
6586,29950724.1173
6587,29956317.0048
6588,29961908.9363
6589,29967499.9112
6590,29973089.9291
6591,29978678.9894
6592,29984267.0914
6593,29989854.2347
6594,29995440.4188
6595,30001025.643
6596,30006609.9068
6597,30012193.2097
6598,30017775.551
6599,30023356.9304
6600,30028937.3471
6601,30034516.8007
6602,30040095.2906
6603,30045672.8163
6604,30051249.3771
6605,30056824.9726
6606,30062399.6023
6607,30067973.2654
6608,30073545.9616
6609,30079117.6903
6610,30084688.4508
6611,30090258.2427
6612,30095827.0654
6613,30101394.9183
6614,30106961.801
6615,30112527.7128
6616,30118092.6532
6617,30123656.6217
6618,30129219.6177
6619,30134781.6407
6620,30140342.69
6621,30145902.7653
6622,30151461.8658
6623,30157019.9911
6624,30162577.1406
6625,30168133.3138
6626,30173688.5101
6627,30179242.729
6628,30184795.9699
6629,30190348.2323
6630,30195899.5156
6631,30201449.8193
6632,30206999.1429
6633,30212547.4857
6634,30218094.8472
6635,30223641.227
6636,30229186.6244
6637,30234731.0389
6638,30240274.4699
6639,30245816.9169
6640,30251358.3794
6641,30256898.8568
6642,30262438.3486
6643,30267976.8541
6644,30273514.373
6645,30279050.9046
6646,30284586.4483
6647,30290121.0037
6648,30295654.5701
6649,30301187.1471
6650,30306718.7341
6651,30312249.3305
6652,30317778.9359
6653,30323307.5495
6654,30328835.171
6655,30334361.7998
6656,30339887.4353
6657,30345412.0769
6658,30350935.7242
6659,30356458.3765
6660,30361980.0334
6661,30367500.6943
6662,30373020.3586
6663,30378539.0259
6664,30384056.6955
6665,30389573.3669
6666,30395089.0396
6667,30400603.713
6668,30406117.3866
6669,30411630.0598
6670,30417141.7321
6671,30422652.403
6672,30428162.0718
6673,30433670.7382
6674,30439178.4014
6675,30444685.061
6676,30450190.7165
6677,30455695.3673
6678,30461199.0127
6679,30466701.6524
6680,30472203.2858
6681,30477703.9123
6682,30483203.5313
6683,30488702.1424
6684,30494199.7449
6685,30499696.3385
6686,30505191.9224
6687,30510686.4961
6688,30516180.0592
6689,30521672.6111
6690,30527164.1512
6691,30532654.679
6692,30538144.1939
6693,30543632.6955
6694,30549120.1831
6695,30554606.6563
6696,30560092.1144
6697,30565576.557
6698,30571059.9835
6699,30576542.3933
6700,30582023.786
6701,30587504.1609
6702,30592983.5176
6703,30598461.8555
6704,30603939.174
6705,30609415.4727
6706,30614890.7509
6707,30620365.0082
6708,30625838.2439
6709,30631310.4576
6710,30636781.6488
6711,30642251.8168
6712,30647720.9611
6713,30653189.0813
6714,30658656.1767
6715,30664122.2468
6716,30669587.2911
6717,30675051.309
6718,30680514.3001
6719,30685976.2637
6720,30691437.1993
6721,30696897.1064
6722,30702355.9844
6723,30707813.8329
6724,30713270.6512
6725,30718726.4388
6726,30724181.1953
6727,30729634.92
6728,30735087.6124
6729,30740539.272
6730,30745989.8982
6731,30751439.4905
6732,30756888.0484
6733,30762335.5713
6734,30767782.0587
6735,30773227.51
6736,30778671.9247
6737,30784115.3024
6738,30789557.6423
6739,30794998.9441
6740,30800439.2071
6741,30805878.4309
6742,30811316.6148
6743,30816753.7584
6744,30822189.8612
6745,30827624.9225
6746,30833058.9418
6747,30838491.9187
6748,30843923.8525
6749,30849354.7427
6750,30854784.5889
6751,30860213.3904
6752,30865641.1468
6753,30871067.8574
6754,30876493.5218
6755,30881918.1395
6756,30887341.7098
6757,30892764.2322
6758,30898185.7063
6759,30903606.1315
6760,30909025.5072
6761,30914443.8329
6762,30919861.1081
6763,30925277.3323
6764,30930692.5048
6765,30936106.6252
6766,30941519.693
6767,30946931.7076
6768,30952342.6684
6769,30957752.575
6770,30963161.4268
6771,30968569.2233
6772,30973975.9638
6773,30979381.648
6774,30984786.2753
6775,30990189.8451
6776,30995592.3569
6777,31000993.8102
6778,31006394.2044
6779,31011793.539
6780,31017191.8135
6781,31022589.0273
6782,31027985.18
6783,31033380.2709
6784,31038774.2995
6785,31044167.2654
6786,31049559.1679
6787,31054950.0066
6788,31060339.7809
6789,31065728.4903
6790,31071116.1342
6791,31076502.7121
6792,31081888.2235
6793,31087272.6679
6794,31092656.0447
6795,31098038.3534
6796,31103419.5935
6797,31108799.7644
6798,31114178.8656
6799,31119556.8965
6800,31124933.8567
6801,31130309.7456
6802,31135684.5627
6803,31141058.3074
6804,31146430.9792
6805,31151802.5777
6806,31157173.1022
6807,31162542.5522
6808,31167910.9272
6809,31173278.2266
6810,31178644.45
6811,31184009.5969
6812,31189373.6665
6813,31194736.6586
6814,31200098.5724
6815,31205459.4076
6816,31210819.1635
6817,31216177.8396
6818,31221535.4355
6819,31226891.9505
6820,31232247.3842
6821,31237601.736
6822,31242955.0053
6823,31248307.1918
6824,31253658.2947
6825,31259008.3137
6826,31264357.2482
6827,31269705.0976
6828,31275051.8614
6829,31280397.5391
6830,31285742.1302
6831,31291085.6341
6832,31296428.0503
6833,31301769.3784
6834,31307109.6176
6835,31312448.7676
6836,31317786.8279
6837,31323123.7977
6838,31328459.6768
6839,31333794.4644
6840,31339128.1602
6841,31344460.7635
6842,31349792.2739
6843,31355122.6908
6844,31360452.0137
6845,31365780.2421
6846,31371107.3753
6847,31376433.4131
6848,31381758.3547
6849,31387082.1996
6850,31392404.9474
6851,31397726.5976
6852,31403047.1495
6853,31408366.6026
6854,31413684.9566
6855,31419002.2107
6856,31424318.3645
6857,31429633.4175
6858,31434947.3691
6859,31440260.2188
6860,31445571.9662
6861,31450882.6106
6862,31456192.1515
6863,31461500.5885
6864,31466807.9209
6865,31472114.1484
6866,31477419.2702
6867,31482723.286
6868,31488026.1952
6869,31493327.9973
6870,31498628.6918
6871,31503928.278
6872,31509226.7556
6873,31514524.124
6874,31519820.3826
6875,31525115.531
6876,31530409.5686
6877,31535702.4949
6878,31540994.3093
6879,31546285.0114
6880,31551574.6007
6881,31556863.0765
6882,31562150.4385
6883,31567436.686
6884,31572721.8185
6885,31578005.8356
6886,31583288.7366
6887,31588570.5212
6888,31593851.1887
6889,31599130.7386
6890,31604409.1705
6891,31609686.4837
6892,31614962.6778
6893,31620237.7523
6894,31625511.7066
6895,31630784.5402
6896,31636056.2526
6897,31641326.8433
6898,31646596.3117
6899,31651864.6574
6900,31657131.8798
6901,31662397.9783
6902,31667662.9526
6903,31672926.802
6904,31678189.526
6905,31683451.1241
6906,31688711.5959
6907,31693970.9407
6908,31699229.158
6909,31704486.2474
6910,31709742.2084
6911,31714997.0403
6912,31720250.7427
6913,31725503.3151
6914,31730754.7569
6915,31736005.0676
6916,31741254.2468
6917,31746502.2938
6918,31751749.2082
6919,31756994.9895
6920,31762239.6371
6921,31767483.1505
6922,31772725.5292
6923,31777966.7728
6924,31783206.8805
6925,31788445.8521
6926,31793683.6868
6927,31798920.3843
6928,31804155.944
6929,31809390.3654
6930,31814623.6479
6931,31819855.7911
6932,31825086.7944
6933,31830316.6574
6934,31835545.3794
6935,31840772.96
6936,31845999.3987
6937,31851224.695
6938,31856448.8483
6939,31861671.8581
6940,31866893.724
6941,31872114.4453
6942,31877334.0216
6943,31882552.4523
6944,31887769.737
6945,31892985.8752
6946,31898200.8663
6947,31903414.7097
6948,31908627.4051
6949,31913838.9518
6950,31919049.3494
6951,31924258.5973
6952,31929466.6951
6953,31934673.6422
6954,31939879.4381
6955,31945084.0823
6956,31950287.5743
6957,31955489.9135
6958,31960691.0995
6959,31965891.1317
6960,31971090.0096
6961,31976287.7328
6962,31981484.3006
6963,31986679.7127
6964,31991873.9684
6965,31997067.0673
6966,32002259.0088
6967,32007449.7924
6968,32012639.4177
6969,32017827.8841
6970,32023015.1911
6971,32028201.3382
6972,32033386.3248
6973,32038570.1506
6974,32043752.8148
6975,32048934.3172
6976,32054114.657
6977,32059293.8339
6978,32064471.8472
6979,32069648.6966
6980,32074824.3815
6981,32079998.9013
6982,32085172.2556
6983,32090344.4438
6984,32095515.4655
6985,32100685.3202
6986,32105854.0072
6987,32111021.5262
6988,32116187.8765
6989,32121353.0578
6990,32126517.0695
6991,32131679.911
6992,32136841.5819
6993,32142002.0816
6994,32147161.4097
6995,32152319.5656
6996,32157476.5489
6997,32162632.359
6998,32167786.9953
6999,32172940.4575
7000,32178092.745
7001,32183243.8573
7002,32188393.7938
7003,32193542.5541
7004,32198690.1377
7005,32203836.544
7006,32208981.7726
7007,32214125.8229
7008,32219268.6945
7009,32224410.3867
7010,32229550.8992
7011,32234690.2314
7012,32239828.3828
7013,32244965.3528
7014,32250101.1411
7015,32255235.747
7016,32260369.1702
7017,32265501.4099
7018,32270632.4659
7019,32275762.3375
7020,32280891.0242
7021,32286018.5256
7022,32291144.8411
7023,32296269.9703
7024,32301393.9126
7025,32306516.6675
7026,32311638.2345
7027,32316758.6131
7028,32321877.8028
7029,32326995.8031
7030,32332112.6135
7031,32337228.2335
7032,32342342.6626
7033,32347455.9002
7034,32352567.946
7035,32357678.7993
7036,32362788.4596
7037,32367896.9265
7038,32373004.1995
7039,32378110.278
7040,32383215.1616
7041,32388318.8497
7042,32393421.3419
7043,32398522.6376
7044,32403622.7363
7045,32408721.6376
7046,32413819.3409
7047,32418915.8457
7048,32424011.1516
7049,32429105.2579
7050,32434198.1643
7051,32439289.8702
7052,32444380.3751
7053,32449469.6785
7054,32454557.7799
7055,32459644.6788
7056,32464730.3747
7057,32469814.8672
7058,32474898.1556
7059,32479980.2395
7060,32485061.1184
7061,32490140.7918
7062,32495219.2593
7063,32500296.5201
7064,32505372.574
7065,32510447.4204
7066,32515521.0588
7067,32520593.4886
7068,32525664.7095
7069,32530734.7208
7070,32535803.5222
7071,32540871.113
7072,32545937.4928
7073,32551002.6611
7074,32556066.6173
7075,32561129.3611
7076,32566190.8918
7077,32571251.2091
7078,32576310.3123
7079,32581368.201
7080,32586424.8747
7081,32591480.333
7082,32596534.5752
7083,32601587.6008
7084,32606639.4095
7085,32611690.0007
7086,32616739.3739
7087,32621787.5286
7088,32626834.4643
7089,32631880.1805
7090,32636924.6767
7091,32641967.9524
7092,32647010.0071
7093,32652050.8404
7094,32657090.4516
7095,32662128.8404
7096,32667166.0062
7097,32672201.9485
7098,32677236.6669
7099,32682270.1608
7100,32687302.4297
7101,32692333.4732
7102,32697363.2907
7103,32702391.8817
7104,32707419.2458
7105,32712445.3825
7106,32717470.2912
7107,32722493.9714
7108,32727516.4228
7109,32732537.6447
7110,32737557.6366
7111,32742576.3982
7112,32747593.9289
7113,32752610.2281
7114,32757625.2954
7115,32762639.1303
7116,32767651.7324
7117,32772663.101
7118,32777673.2358
7119,32782682.1361
7120,32787689.8016
7121,32792696.2318
7122,32797701.426
7123,32802705.384
7124,32807708.105
7125,32812709.5887
7126,32817709.8346
7127,32822708.8422
7128,32827706.6109
7129,32832703.1404
7130,32837698.43
7131,32842692.4793
7132,32847685.2878
7133,32852676.855
7134,32857667.1805
7135,32862656.2636
7136,32867644.104
7137,32872630.7012
7138,32877616.0546
7139,32882600.1638
7140,32887583.0282
7141,32892564.6474
7142,32897545.0209
7143,32902524.1482
7144,32907502.0287
7145,32912478.6621
7146,32917454.0478
7147,32922428.1854
7148,32927401.0743
7149,32932372.714
7150,32937343.1041
7151,32942312.244
7152,32947280.1333
7153,32952246.7715
7154,32957212.1581
7155,32962176.2926
7156,32967139.1745
7157,32972100.8034
7158,32977061.1787
7159,32982020.2999
7160,32986978.1666
7161,32991934.7782
7162,32996890.1343
7163,33001844.2344
7164,33006797.0781
7165,33011748.6647
7166,33016698.9938
7167,33021648.065
7168,33026595.8778
7169,33031542.4316
7170,33036487.7259
7171,33041431.7604
7172,33046374.5344
7173,33051316.0475
7174,33056256.2993
7175,33061195.2892
7176,33066133.0167
7177,33071069.4814
7178,33076004.6828
7179,33080938.6203
7180,33085871.2936
7181,33090802.702
7182,33095732.8452
7183,33100661.7226
7184,33105589.3338
7185,33110515.6782
7186,33115440.7554
7187,33120364.5649
7188,33125287.1062
7189,33130208.3788
7190,33135128.3822
7191,33140047.116
7192,33144964.5797
7193,33149880.7728
7194,33154795.6947
7195,33159709.345
7196,33164621.7233
7197,33169532.829
7198,33174442.6616
7199,33179351.2208
7200,33184258.5059
7201,33189164.5165
7202,33194069.2521
7203,33198972.7123
7204,33203874.8965
7205,33208775.8043
7206,33213675.4351
7207,33218573.7886
7208,33223470.8641
7209,33228366.6613
7210,33233261.1797
7211,33238154.4187
7212,33243046.3779
7213,33247937.0568
7214,33252826.4549
7215,33257714.5717
7216,33262601.4068
7217,33267486.9597
7218,33272371.2299
7219,33277254.2168
7220,33282135.9201
7221,33287016.3392
7222,33291895.4737
7223,33296773.3231
7224,33301649.8869
7225,33306525.1645
7226,33311399.1557
7227,33316271.8597
7228,33321143.2763
7229,33326013.4048
7230,33330882.2449
7231,33335749.796
7232,33340616.0576
7233,33345481.0293
7234,33350344.7106
7235,33355207.101
7236,33360068.2001
7237,33364928.0073
7238,33369786.5221
7239,33374643.7442
7240,33379499.673
7241,33384354.308
7242,33389207.6488
7243,33394059.6948
7244,33398910.4457
7245,33403759.9008
7246,33408608.0598
7247,33413454.9222
7248,33418300.4874
7249,33423144.7551
7250,33427987.7247
7251,33432829.3957
7252,33437669.7677
7253,33442508.8402
7254,33447346.6128
7255,33452183.0848
7256,33457018.2559
7257,33461852.1257
7258,33466684.6935
7259,33471515.9589
7260,33476345.9215
7261,33481174.5808
7262,33486001.9363
7263,33490827.9875
7264,33495652.734
7265,33500476.1752
7266,33505298.3107
7267,33510119.1401
7268,33514938.6628
7269,33519756.8784
7270,33524573.7863
7271,33529389.3862
7272,33534203.6775
7273,33539016.6598
7274,33543828.3326
7275,33548638.6954
7276,33553447.7478
7277,33558255.4892
7278,33563061.9192
7279,33567867.0374
7280,33572670.8432
7281,33577473.3361
7282,33582274.5158
7283,33587074.3817
7284,33591872.9333
7285,33596670.1703
7286,33601466.092
7287,33606260.698
7288,33611053.988
7289,33615845.9613
7290,33620636.6175
7291,33625425.9561
7292,33630213.9768
7293,33635000.6789
7294,33639786.062
7295,33644570.1257
7296,33649352.8695
7297,33654134.2929
7298,33658914.3954
7299,33663693.1766
7300,33668470.636
7301,33673246.773
7302,33678021.5874
7303,33682795.0785
7304,33687567.2459
7305,33692338.0892
7306,33697107.6078
7307,33701875.8013
7308,33706642.6693
7309,33711408.2112
7310,33716172.4266
7311,33720935.315
7312,33725696.8759
7313,33730457.1089
7314,33735216.0135
7315,33739973.5893
7316,33744729.8357
7317,33749484.7523
7318,33754238.3386
7319,33758990.5942
7320,33763741.5186
7321,33768491.1113
7322,33773239.3718
7323,33777986.2998
7324,33782731.8946
7325,33787476.1559
7326,33792219.0832
7327,33796960.676
7328,33801700.9338
7329,33806439.8562
7330,33811177.4427
7331,33815913.6928
7332,33820648.6061
7333,33825382.1821
7334,33830114.4204
7335,33834845.3204
7336,33839574.8817
7337,33844303.1039
7338,33849029.9864
7339,33853755.5289
7340,33858479.7307
7341,33863202.5916
7342,33867924.1109
7343,33872644.2883
7344,33877363.1233
7345,33882080.6153
7346,33886796.764
7347,33891511.5689
7348,33896225.0295
7349,33900937.1454
7350,33905647.916
7351,33910357.3409
7352,33915065.4197
7353,33919772.1519
7354,33924477.537
7355,33929181.5746
7356,33933884.2641
7357,33938585.6052
7358,33943285.5974
7359,33947984.2401
7360,33952681.533
7361,33957377.4756
7362,33962072.0674
7363,33966765.3079
7364,33971457.1967
7365,33976147.7333
7366,33980836.9173
7367,33985524.7482
7368,33990211.2256
7369,33994896.3489
7370,33999580.1177
7371,34004262.5315
7372,34008943.59
7373,34013623.2926
7374,34018301.6388
7375,34022978.6282
7376,34027654.2604
7377,34032328.5348
7378,34037001.4511
7379,34041673.0087
7380,34046343.2072
7381,34051012.0462
7382,34055679.5251
7383,34060345.6435
7384,34065010.401
7385,34069673.7971
7386,34074335.8313
7387,34078996.5032
7388,34083655.8123
7389,34088313.7581
7390,34092970.3402
7391,34097625.5582
7392,34102279.4115
7393,34106931.8998
7394,34111583.0225
7395,34116232.7792
7396,34120881.1694
7397,34125528.1927
7398,34130173.8487
7399,34134818.1368
7400,34139461.0565
7401,34144102.6076
7402,34148742.7894
7403,34153381.6016
7404,34158019.0436
7405,34162655.1151
7406,34167289.8155
7407,34171923.1443
7408,34176555.1013
7409,34181185.6858
7410,34185814.8975
7411,34190442.7358
7412,34195069.2003
7413,34199694.2906
7414,34204318.0062
7415,34208940.3466
7416,34213561.3115
7417,34218180.9002
7418,34222799.1125
7419,34227415.9477
7420,34232031.4056
7421,34236645.4855
7422,34241258.1871
7423,34245869.5099
7424,34250479.4534
7425,34255088.0172
7426,34259695.2009
7427,34264301.0039
7428,34268905.4259
7429,34273508.4663
7430,34278110.1248
7431,34282710.4008
7432,34287309.2939
7433,34291906.8037
7434,34296502.9297
7435,34301097.6714
7436,34305691.0285
7437,34310283.0003
7438,34314873.5866
7439,34319462.7868
7440,34324050.6005
7441,34328637.0272
7442,34333222.0665
7443,34337805.7179
7444,34342387.981
7445,34346968.8553
7446,34351548.3403
7447,34356126.4357
7448,34360703.141
7449,34365278.4557
7450,34369852.3793
7451,34374424.9114
7452,34378996.0516
7453,34383565.7994
7454,34388134.1544
7455,34392701.1161
7456,34397266.684
7457,34401830.8577
7458,34406393.6368
7459,34410955.0208
7460,34415515.0093
7461,34420073.6017
7462,34424630.7977
7463,34429186.5968
7464,34433740.9986
7465,34438294.0026
7466,34442845.6083
7467,34447395.8153
7468,34451944.6232
7469,34456492.0316
7470,34461038.0398
7471,34465582.6476
7472,34470125.8545
7473,34474667.6599
7474,34479208.0635
7475,34483747.0649
7476,34488284.6635
7477,34492820.859
7478,34497355.6508
7479,34501889.0385
7480,34506421.0218
7481,34510951.6
7482,34515480.7729
7483,34520008.5399
7484,34524534.9006
7485,34529059.8545
7486,34533583.4013
7487,34538105.5404
7488,34542626.2714
7489,34547145.5938
7490,34551663.5073
7491,34556180.0113
7492,34560695.1055
7493,34565208.7894
7494,34569721.0624
7495,34574231.9243
7496,34578741.3745
7497,34583249.4127
7498,34587756.0382
7499,34592261.2508
7500,34596765.0499
7501,34601267.4352
7502,34605768.4061
7503,34610267.9623
7504,34614766.1033
7505,34619262.8285
7506,34623758.1377
7507,34628252.0304
7508,34632744.5061
7509,34637235.5643
7510,34641725.2047
7511,34646213.4267
7512,34650700.23
7513,34655185.6141
7514,34659669.5785
7515,34664152.1229
7516,34668633.2467
7517,34673112.9495
7518,34677591.231
7519,34682068.0905
7520,34686543.5278
7521,34691017.5424
7522,34695490.1337
7523,34699961.3015
7524,34704431.0451
7525,34708899.3643
7526,34713366.2585
7527,34717831.7274
7528,34722295.7704
7529,34726758.3871
7530,34731219.5772
7531,34735679.34
7532,34740137.6753
7533,34744594.5826
7534,34749050.0614
7535,34753504.1113
7536,34757956.7319
7537,34762407.9226
7538,34766857.6832
7539,34771306.0131
7540,34775752.9118
7541,34780198.3791
7542,34784642.4143
7543,34789085.0171
7544,34793526.1871
7545,34797965.9238
7546,34802404.2267
7547,34806841.0955
7548,34811276.5297
7549,34815710.5288
7550,34820143.0924
7551,34824574.2201
7552,34829003.9115
7553,34833432.166
7554,34837858.9833
7555,34842284.363
7556,34846708.3045
7557,34851130.8075
7558,34855551.8715
7559,34859971.4961
7560,34864389.6808
7561,34868806.4253
7562,34873221.729
7563,34877635.5916
7564,34882048.0126
7565,34886458.9915
7566,34890868.528
7567,34895276.6216
7568,34899683.2718
7569,34904088.4783
7570,34908492.2406
7571,34912894.5582
7572,34917295.4307
7573,34921694.8578
7574,34926092.8389
7575,34930489.3736
7576,34934884.4615
7577,34939278.1022
7578,34943670.2951
7579,34948061.04
7580,34952450.3363
7581,34956838.1837
7582,34961224.5816
7583,34965609.5297
7584,34969993.0275
7585,34974375.0747
7586,34978755.6706
7587,34983134.815
7588,34987512.5074
7589,34991888.7474
7590,34996263.5344
7591,35000636.8682
7592,35005008.7483
7593,35009379.1741
7594,35013748.1454
7595,35018115.6617
7596,35022481.7225
7597,35026846.3274
7598,35031209.476
7599,35035571.1679
7600,35039931.4025
7601,35044290.1796
7602,35048647.4986
7603,35053003.3591
7604,35057357.7608
7605,35061710.7031
7606,35066062.1856
7607,35070412.208
7608,35074760.7698
7609,35079107.8705
7610,35083453.5097
7611,35087797.687
7612,35092140.402
7613,35096481.6542
7614,35100821.4432
7615,35105159.7687
7616,35109496.63
7617,35113832.0269
7618,35118165.9589
7619,35122498.4256
7620,35126829.4265
7621,35131158.9612
7622,35135487.0293
7623,35139813.6304
7624,35144138.764
7625,35148462.4297
7626,35152784.627
7627,35157105.3557
7628,35161424.6152
7629,35165742.405
7630,35170058.7249
7631,35174373.5743
7632,35178686.9528
7633,35182998.86
7634,35187309.2955
7635,35191618.2588
7636,35195925.7496
7637,35200231.7673
7638,35204536.3116
7639,35208839.3821
7640,35213140.9783
7641,35217441.0998
7642,35221739.7461
7643,35226036.917
7644,35230332.6118
7645,35234626.8302
7646,35238919.5719
7647,35243210.8362
7648,35247500.6229
7649,35251788.9315
7650,35256075.7616
7651,35260361.1128
7652,35264644.9846
7653,35268927.3766
7654,35273208.2884
7655,35277487.7196
7656,35281765.6697
7657,35286042.1384
7658,35290317.1251
7659,35294590.6295
7660,35298862.6512
7661,35303133.1898
7662,35307402.2447
7663,35311669.8157
7664,35315935.9022
7665,35320200.5039
7666,35324463.6203
7667,35328725.251
7668,35332985.3957
7669,35337244.0537
7670,35341501.2249
7671,35345756.9087
7672,35350011.1047
7673,35354263.8124
7674,35358515.0316
7675,35362764.7617
7676,35367013.0023
7677,35371259.7531
7678,35375505.0135
7679,35379748.7833
7680,35383991.0619
7681,35388231.8489
7682,35392471.1439
7683,35396708.9466
7684,35400945.2564
7685,35405180.073
7686,35409413.3959
7687,35413645.2248
7688,35417875.5592
7689,35422104.3987
7690,35426331.7428
7691,35430557.5913
7692,35434781.9435
7693,35439004.7992
7694,35443226.1579
7695,35447446.0192
7696,35451664.3827
7697,35455881.2479
7698,35460096.6145
7699,35464310.482
7700,35468522.8501
7701,35472733.7182
7702,35476943.086
7703,35481150.9531
7704,35485357.319
7705,35489562.1833
7706,35493765.5457
7707,35497967.4057
7708,35502167.7629
7709,35506366.6169
7710,35510563.9672
7711,35514759.8135
7712,35518954.1553
7713,35523146.9922
7714,35527338.3238
7715,35531528.1498
7716,35535716.4696
7717,35539903.2829
7718,35544088.5892
7719,35548272.3882
7720,35552454.6794
7721,35556635.4624
7722,35560814.7368
7723,35564992.5022
7724,35569168.7582
7725,35573343.5044
7726,35577516.7403
7727,35581688.4655
7728,35585858.6797
7729,35590027.3824
7730,35594194.5733
7731,35598360.2518
7732,35602524.4176
7733,35606687.0702
7734,35610848.2094
7735,35615007.8346
7736,35619165.9454
7737,35623322.5415
7738,35627477.6224
7739,35631631.1877
7740,35635783.237
7741,35639933.7699
7742,35644082.7859
7743,35648230.2848
7744,35652376.266
7745,35656520.7292
7746,35660663.6739
7747,35664805.0998
7748,35668945.0064
7749,35673083.3933
7750,35677220.2601
7751,35681355.6064
7752,35685489.4319
7753,35689621.736
7754,35693752.5184
7755,35697881.7786
7756,35702009.5164
7757,35706135.7312
7758,35710260.4226
7759,35714383.5903
7760,35718505.2338
7761,35722625.3528
7762,35726743.9467
7763,35730861.0153
7764,35734976.5582
7765,35739090.5748
7766,35743203.0648
7767,35747314.0278
7768,35751423.4634
7769,35755531.3711
7770,35759637.7507
7771,35763742.6016
7772,35767845.9235
7773,35771947.716
7774,35776047.9786
7775,35780146.7109
7776,35784243.9126
7777,35788339.5833
7778,35792433.7225
7779,35796526.3298
7780,35800617.4049
7781,35804706.9473
7782,35808794.9566
7783,35812881.4324
7784,35816966.3744
7785,35821049.782
7786,35825131.655
7787,35829211.9929
7788,35833290.7953
7789,35837368.0618
7790,35841443.792
7791,35845517.9855
7792,35849590.6419
7793,35853661.7607
7794,35857731.3417
7795,35861799.3844
7796,35865865.8884
7797,35869930.8532
7798,35873994.2786
7799,35878056.164
7800,35882116.5091
7801,35886175.3135
7802,35890232.5768
7803,35894288.2986
7804,35898342.4785
7805,35902395.116
7806,35906446.2108
7807,35910495.7625
7808,35914543.7707
7809,35918590.235
7810,35922635.155
7811,35926678.5303
7812,35930720.3604
7813,35934760.645
7814,35938799.3838
7815,35942836.5762
7816,35946872.2219
7817,35950906.3205
7818,35954938.8716
7819,35958969.8749
7820,35962999.3298
7821,35967027.236
7822,35971053.5931
7823,35975078.4008
7824,35979101.6585
7825,35983123.366
7826,35987143.5228
7827,35991162.1285
7828,35995179.1827
7829,35999194.685
7830,36003208.6351
7831,36007221.0326
7832,36011231.8769
7833,36015241.1679
7834,36019248.9049
7835,36023255.0878
7836,36027259.7159
7837,36031262.7891
7838,36035264.3068
7839,36039264.2687
7840,36043262.6743
7841,36047259.5234
7842,36051254.8154
7843,36055248.5501
7844,36059240.7269
7845,36063231.3456
7846,36067220.4056
7847,36071207.9067
7848,36075193.8484
7849,36079178.2303
7850,36083161.0521
7851,36087142.3134
7852,36091122.0136
7853,36095100.1526
7854,36099076.7298
7855,36103051.7449
7856,36107025.1975
7857,36110997.0872
7858,36114967.4135
7859,36118936.1762
7860,36122903.3748
7861,36126869.0089
7862,36130833.0782
7863,36134795.5822
7864,36138756.5205
7865,36142715.8929
7866,36146673.6988
7867,36150629.9378
7868,36154584.6097
7869,36158537.7139
7870,36162489.2502
7871,36166439.2181
7872,36170387.6172
7873,36174334.4472
7874,36178279.7076
7875,36182223.398
7876,36186165.5182
7877,36190106.0676
7878,36194045.0459
7879,36197982.4528
7880,36201918.2877
7881,36205852.5504
7882,36209785.2404
7883,36213716.3574
7884,36217645.9009
7885,36221573.8706
7886,36225500.2661
7887,36229425.087
7888,36233348.3329
7889,36237270.0035
7890,36241190.0983
7891,36245108.6169
7892,36249025.559
7893,36252940.9242
7894,36256854.7121
7895,36260766.9223
7896,36264677.5544
7897,36268586.608
7898,36272494.0828
7899,36276399.9784
7900,36280304.2943
7901,36284207.0303
7902,36288108.1858
7903,36292007.7606
7904,36295905.7542
7905,36299802.1662
7906,36303696.9964
7907,36307590.2442
7908,36311481.9093
7909,36315371.9914
7910,36319260.4899
7911,36323147.4046
7912,36327032.7351
7913,36330916.481
7914,36334798.6419
7915,36338679.2174
7916,36342558.2071
7917,36346435.6107
7918,36350311.4277
7919,36354185.6579
7920,36358058.3007
7921,36361929.3558
7922,36365798.8229
7923,36369666.7016
7924,36373532.9914
7925,36377397.692
7926,36381260.8031
7927,36385122.3242
7928,36388982.2549
7929,36392840.5949
7930,36396697.3437
7931,36400552.5011
7932,36404406.0667
7933,36408258.0399
7934,36412108.4206
7935,36415957.2082
7936,36419804.4024
7937,36423650.0029
7938,36427494.0092
7939,36431336.421
7940,36435177.2378
7941,36439016.4594
7942,36442854.0853
7943,36446690.1152
7944,36450524.5487
7945,36454357.3853
7946,36458188.6248
7947,36462018.2667
7948,36465846.3106
7949,36469672.7563
7950,36473497.6033
7951,36477320.8512
7952,36481142.4996
7953,36484962.5482
7954,36488780.9966
7955,36492597.8445
7956,36496413.0914
7957,36500226.7369
7958,36504038.7808
7959,36507849.2226
7960,36511658.0619
7961,36515465.2983
7962,36519270.9316
7963,36523074.9613
7964,36526877.387
7965,36530678.2084
7966,36534477.4251
7967,36538275.0366
7968,36542071.0428
7969,36545865.443
7970,36549658.2371
7971,36553449.4246
7972,36557239.0051
7973,36561026.9783
7974,36564813.3438
7975,36568598.1012
7976,36572381.2502
7977,36576162.7903
7978,36579942.7213
7979,36583721.0426
7980,36587497.754
7981,36591272.8551
7982,36595046.3455
7983,36598818.2249
7984,36602588.4928
7985,36606357.1489
7986,36610124.1928
7987,36613889.6242
7988,36617653.4426
7989,36621415.6478
7990,36625176.2392
7991,36628935.2167
7992,36632692.5797
7993,36636448.328
7994,36640202.4611
7995,36643954.9787
7996,36647705.8804
7997,36651455.1659
7998,36655202.8347
7999,36658948.8865
8000,36662693.3209
8001,36666436.1376
8002,36670177.3362
8003,36673916.9164
8004,36677654.8776
8005,36681391.2197
8006,36685125.9422
8007,36688859.0447
8008,36692590.5269
8009,36696320.3884
8010,36700048.6289
8011,36703775.2479
8012,36707500.2452
8013,36711223.6203
8014,36714945.3728
8015,36718665.5025
8016,36722384.0089
8017,36726100.8917
8018,36729816.1505
8019,36733529.7849
8020,36737241.7946
8021,36740952.1791
8022,36744660.9383
8023,36748368.0716
8024,36752073.5787
8025,36755777.4593
8026,36759479.7129
8027,36763180.3392
8028,36766879.3379
8029,36770576.7086
8030,36774272.4509
8031,36777966.5644
8032,36781659.0488
8033,36785349.9038
8034,36789039.1289
8035,36792726.7238
8036,36796412.6881
8037,36800097.0215
8038,36803779.7236
8039,36807460.794
8040,36811140.2324
8041,36814818.0385
8042,36818494.2117
8043,36822168.7519
8044,36825841.6586
8045,36829512.9314
8046,36833182.5701
8047,36836850.5742
8048,36840516.9434
8049,36844181.6772
8050,36847844.7755
8051,36851506.2377
8052,36855166.0636
8053,36858824.2527
8054,36862480.8047
8055,36866135.7193
8056,36869788.9961
8057,36873440.6347
8058,36877090.6347
8059,36880738.9959
8060,36884385.7178
8061,36888030.8001
8062,36891674.2424
8063,36895316.0444
8064,36898956.2057
8065,36902594.7259
8066,36906231.6048
8067,36909866.8418
8068,36913500.4368
8069,36917132.3892
8070,36920762.6988
8071,36924391.3652
8072,36928018.388
8073,36931643.7669
8074,36935267.5016
8075,36938889.5916
8076,36942510.0366
8077,36946128.8363
8078,36949745.9902
8079,36953361.4981
8080,36956975.3596
8081,36960587.5743
8082,36964198.1418
8083,36967807.0619
8084,36971414.3341
8085,36975019.9581
8086,36978623.9336
8087,36982226.2601
8088,36985826.9374
8089,36989425.9651
8090,36993023.3428
8091,36996619.0701
8092,37000213.1467
8093,37003805.5724
8094,37007396.3466
8095,37010985.469
8096,37014572.9394
8097,37018158.7573
8098,37021742.9223
8099,37025325.4343
8100,37028906.2926
8101,37032485.4972
8102,37036063.0474
8103,37039638.9431
8104,37043213.1839
8105,37046785.7694
8106,37050356.6992
8107,37053925.9731
8108,37057493.5906
8109,37061059.5514
8110,37064623.8552
8111,37068186.5015
8112,37071747.4901
8113,37075306.8207
8114,37078864.4927
8115,37082420.506
8116,37085974.8601
8117,37089527.5547
8118,37093078.5894
8119,37096627.9639
8120,37100175.6779
8121,37103721.7309
8122,37107266.1227
8123,37110808.8529
8124,37114349.9212
8125,37117889.3271
8126,37121427.0704
8127,37124963.1507
8128,37128497.5676
8129,37132030.3208
8130,37135561.41
8131,37139090.8347
8132,37142618.5947
8133,37146144.6897
8134,37149669.1191
8135,37153191.8828
8136,37156712.9804
8137,37160232.4114
8138,37163750.1757
8139,37167266.2727
8140,37170780.7022
8141,37174293.4639
8142,37177804.5573
8143,37181313.9822
8144,37184821.7381
8145,37188327.8248
8146,37191832.2418
8147,37195334.989
8148,37198836.0658
8149,37202335.472
8150,37205833.2072
8151,37209329.271
8152,37212823.6632
8153,37216316.3834
8154,37219807.4312
8155,37223296.8062
8156,37226784.5083
8157,37230270.5369
8158,37233754.8918
8159,37237237.5725
8160,37240718.5789
8161,37244197.9105
8162,37247675.5669
8163,37251151.5479
8164,37254625.8531
8165,37258098.4822
8166,37261569.4347
8167,37265038.7104
8168,37268506.309
8169,37271972.23
8170,37275436.4732
8171,37278899.0381
8172,37282359.9246
8173,37285819.1321
8174,37289276.6604
8175,37292732.5091
8176,37296186.678
8177,37299639.1666
8178,37303089.9745
8179,37306539.1016
8180,37309986.5474
8181,37313432.3116
8182,37316876.3938
8183,37320318.7938
8184,37323759.5111
8185,37327198.5454
8186,37330635.8964
8187,37334071.5638
8188,37337505.5472
8189,37340937.8463
8190,37344368.4607
8191,37347797.3901
8192,37351224.6341
8193,37354650.1925
8194,37358074.0649
8195,37361496.2509
8196,37364916.7502
8197,37368335.5624
8198,37371752.6874
8199,37375168.1246
8200,37378581.8737
8201,37381993.9345
8202,37385404.3066
8203,37388812.9896
8204,37392219.9832
8205,37395625.2871
8206,37399028.9009
8207,37402430.8244
8208,37405831.0571
8209,37409229.5987
8210,37412626.4489
8211,37416021.6074
8212,37419415.0738
8213,37422806.8478
8214,37426196.9291
8215,37429585.3173
8216,37432972.0121
8217,37436357.0131
8218,37439740.32
8219,37443121.9326
8220,37446501.8503
8221,37449880.073
8222,37453256.6003
8223,37456631.4319
8224,37460004.5673
8225,37463376.0064
8226,37466745.7487
8227,37470113.7939
8228,37473480.1417
8229,37476844.7917
8230,37480207.7437
8231,37483568.9973
8232,37486928.5521
8233,37490286.4079
8234,37493642.5643
8235,37496997.0209
8236,37500349.7775
8237,37503700.8336
8238,37507050.1891
8239,37510397.8435
8240,37513743.7965
8241,37517088.0478
8242,37520430.597
8243,37523771.4438
8244,37527110.588
8245,37530448.0291
8246,37533783.7669
8247,37537117.8009
8248,37540450.131
8249,37543780.7566
8250,37547109.6776
8251,37550436.8936
8252,37553762.4043
8253,37557086.2093
8254,37560408.3083
8255,37563728.7009
8256,37567047.387
8257,37570364.366
8258,37573679.6378
8259,37576993.2019
8260,37580305.058
8261,37583615.2059
8262,37586923.6451
8263,37590230.3755
8264,37593535.3965
8265,37596838.708
8266,37600140.3095
8267,37603440.2008
8268,37606738.3816
8269,37610034.8514
8270,37613329.61
8271,37616622.6571
8272,37619913.9923
8273,37623203.6153
8274,37626491.5258
8275,37629777.7235
8276,37633062.208
8277,37636344.979
8278,37639626.0362
8279,37642905.3792
8280,37646183.0078
8281,37649458.9216
8282,37652733.1203
8283,37656005.6035
8284,37659276.371
8285,37662545.4225
8286,37665812.7575
8287,37669078.3758
8288,37672342.277
8289,37675604.4609
8290,37678864.9271
8291,37682123.6753
8292,37685380.7052
8293,37688636.0164
8294,37691889.6086
8295,37695141.4816
8296,37698391.6349
8297,37701640.0683
8298,37704886.7814
8299,37708131.7739
8300,37711375.0456
8301,37714616.596
8302,37717856.4249
8303,37721094.5319
8304,37724330.9168
8305,37727565.5791
8306,37730798.5187
8307,37734029.7351
8308,37737259.228
8309,37740486.9972
8310,37743713.0423
8311,37746937.363
8312,37750159.9589
8313,37753380.8298
8314,37756599.9753
8315,37759817.3952
8316,37763033.0891
8317,37766247.0566
8318,37769459.2975
8319,37772669.8115
8320,37775878.5982
8321,37779085.6573
8322,37782290.9885
8323,37785494.5915
8324,37788696.466
8325,37791896.6116
8326,37795095.028
8327,37798291.715
8328,37801486.6722
8329,37804679.8992
8330,37807871.3959
8331,37811061.1618
8332,37814249.1966
8333,37817435.5001
8334,37820620.0719
8335,37823802.9117
8336,37826984.0191
8337,37830163.394
8338,37833341.0359
8339,37836516.9446
8340,37839691.1197
8341,37842863.5609
8342,37846034.2679
8343,37849203.2404
8344,37852370.4781
8345,37855535.9807
8346,37858699.7478
8347,37861861.7791
8348,37865022.0744
8349,37868180.6333
8350,37871337.4556
8351,37874492.5408
8352,37877645.8887
8353,37880797.499
8354,37883947.3713
8355,37887095.5054
8356,37890241.9009
8357,37893386.5576
8358,37896529.4751
8359,37899670.6531
8360,37902810.0913
8361,37905947.7894
8362,37909083.7471
8363,37912217.964
8364,37915350.4399
8365,37918481.1745
8366,37921610.1674
8367,37924737.4183
8368,37927862.927
8369,37930986.6931
8370,37934108.7163
8371,37937228.9963
8372,37940347.5328
8373,37943464.3255
8374,37946579.3741
8375,37949692.6782
8376,37952804.2376
8377,37955914.052
8378,37959022.121
8379,37962128.4444
8380,37965233.0218
8381,37968335.8529
8382,37971436.9374
8383,37974536.2751
8384,37977633.8656
8385,37980729.7086
8386,37983823.8038
8387,37986916.1509
8388,37990006.7496
8389,37993095.5996
8390,37996182.7005
8391,37999268.0521
8392,38002351.6542
8393,38005433.5062
8394,38008513.6081
8395,38011591.9594
8396,38014668.5598
8397,38017743.4092
8398,38020816.507
8399,38023887.8531
8400,38026957.4472
8401,38030025.2889
8402,38033091.3779
8403,38036155.714
8404,38039218.2968
8405,38042279.126
8406,38045338.2014
8407,38048395.5226
8408,38051451.0893
8409,38054504.9012
8410,38057556.9581
8411,38060607.2596
8412,38063655.8054
8413,38066702.5952
8414,38069747.6287
8415,38072790.9057
8416,38075832.4258
8417,38078872.1887
8418,38081910.1941
8419,38084946.4417
8420,38087980.9313
8421,38091013.6625
8422,38094044.635
8423,38097073.8485
8424,38100101.3027
8425,38103126.9974
8426,38106150.9322
8427,38109173.1068
8428,38112193.5209
8429,38115212.1743
8430,38118229.0666
8431,38121244.1975
8432,38124257.5668
8433,38127269.1741
8434,38130279.0192
8435,38133287.1017
8436,38136293.4213
8437,38139297.9778
8438,38142300.7709
8439,38145301.8002
8440,38148301.0655
8441,38151298.5664
8442,38154294.3027
8443,38157288.2741
8444,38160280.4803
8445,38163270.921
8446,38166259.5958
8447,38169246.5046
8448,38172231.6469
8449,38175215.0226
8450,38178196.6312
8451,38181176.4726
8452,38184154.5464
8453,38187130.8523
8454,38190105.3901
8455,38193078.1594
8456,38196049.16
8457,38199018.3915
8458,38201985.8537
8459,38204951.5462
8460,38207915.4688
8461,38210877.6212
8462,38213838.0031
8463,38216796.6142
8464,38219753.4543
8465,38222708.5229
8466,38225661.8198
8467,38228613.3448
8468,38231563.0975
8469,38234511.0777
8470,38237457.2851
8471,38240401.7193
8472,38243344.3801
8473,38246285.2671
8474,38249224.3802
8475,38252161.719
8476,38255097.2832
8477,38258031.0725
8478,38260963.0867
8479,38263893.3254
8480,38266821.7884
8481,38269748.4754
8482,38272673.386
8483,38275596.52
8484,38278517.8772
8485,38281437.4571
8486,38284355.2596
8487,38287271.2843
8488,38290185.531
8489,38293097.9994
8490,38296008.6891
8491,38298917.5999
8492,38301824.7315
8493,38304730.0837
8494,38307633.656
8495,38310535.4484
8496,38313435.4603
8497,38316333.6917
8498,38319230.1421
8499,38322124.8114
8500,38325017.6991
8501,38327908.8051
8502,38330798.129
8503,38333685.6706
8504,38336571.4296
8505,38339455.4056
8506,38342337.5985
8507,38345218.0078
8508,38348096.6334
8509,38350973.475
8510,38353848.5322
8511,38356721.8048
8512,38359593.2926
8513,38362462.9951
8514,38365330.9122
8515,38368197.0435
8516,38371061.3888
8517,38373923.9477
8518,38376784.7201
8519,38379643.7056
8520,38382500.9039
8521,38385356.3148
8522,38388209.938
8523,38391061.7732
8524,38393911.8201
8525,38396760.0784
8526,38399606.5478
8527,38402451.2281
8528,38405294.1191
8529,38408135.2203
8530,38410974.5315
8531,38413812.0525
8532,38416647.783
8533,38419481.7227
8534,38422313.8712
8535,38425144.2284
8536,38427972.794
8537,38430799.5676
8538,38433624.549
8539,38436447.7379
8540,38439269.134
8541,38442088.7371
8542,38444906.5469
8543,38447722.5631
8544,38450536.7854
8545,38453349.2135
8546,38456159.8473
8547,38458968.6863
8548,38461775.7303
8549,38464580.979
8550,38467384.4322
8551,38470186.0896
8552,38472985.9509
8553,38475784.0158
8554,38478580.2841
8555,38481374.7554
8556,38484167.4296
8557,38486958.3063
8558,38489747.3852
8559,38492534.6661
8560,38495320.1487
8561,38498103.8327
8562,38500885.7179
8563,38503665.8039
8564,38506444.0906
8565,38509220.5775
8566,38511995.2646
8567,38514768.1514
8568,38517539.2377
8569,38520308.5232
8570,38523076.0078
8571,38525841.6909
8572,38528605.5725
8573,38531367.6523
8574,38534127.9299
8575,38536886.4051
8576,38539643.0776
8577,38542397.9472
8578,38545151.0136
8579,38547902.2765
8580,38550651.7356
8581,38553399.3906
8582,38556145.2414
8583,38558889.2876
8584,38561631.5289
8585,38564371.9651
8586,38567110.596
8587,38569847.4211
8588,38572582.4404
8589,38575315.6534
8590,38578047.06
8591,38580776.6598
8592,38583504.4526
8593,38586230.4382
8594,38588954.6162
8595,38591676.9864
8596,38594397.5485
8597,38597116.3022
8598,38599833.2474
8599,38602548.3836
8600,38605261.7107
8601,38607973.2284
8602,38610682.9363
8603,38613390.8343
8604,38616096.9221
8605,38618801.1994
8606,38621503.666
8607,38624204.3215
8608,38626903.1657
8609,38629600.1983
8610,38632295.4192
8611,38634988.8279
8612,38637680.4243
8613,38640370.208
8614,38643058.1789
8615,38645744.3366
8616,38648428.6809
8617,38651111.2115
8618,38653791.9282
8619,38656470.8306
8620,38659147.9186
8621,38661823.1918
8622,38664496.6501
8623,38667168.293
8624,38669838.1205
8625,38672506.1321
8626,38675172.3277
8627,38677836.7069
8628,38680499.2696
8629,38683160.0154
8630,38685818.9441
8631,38688476.0554
8632,38691131.3491
8633,38693784.8249
8634,38696436.4826
8635,38699086.3218
8636,38701734.3423
8637,38704380.5439
8638,38707024.9263
8639,38709667.4892
8640,38712308.2324
8641,38714947.1556
8642,38717584.2586
8643,38720219.541
8644,38722853.0027
8645,38725484.6434
8646,38728114.4628
8647,38730742.4606
8648,38733368.6366
8649,38735992.9906
8650,38738615.5222
8651,38741236.2312
8652,38743855.1174
8653,38746472.1805
8654,38749087.4203
8655,38751700.8364
8656,38754312.4287
8657,38756922.1968
8658,38759530.1405
8659,38762136.2596
8660,38764740.5538
8661,38767343.0228
8662,38769943.6665
8663,38772542.4844
8664,38775139.4764
8665,38777734.6422
8666,38780327.9816
8667,38782919.4943
8668,38785509.18
8669,38788097.0385
8670,38790683.0695
8671,38793267.2729
8672,38795849.6482
8673,38798430.1953
8674,38801008.914
8675,38803585.8038
8676,38806160.8647
8677,38808734.0964
8678,38811305.4985
8679,38813875.0709
8680,38816442.8133
8681,38819008.7254
8682,38821572.8071
8683,38824135.0579
8684,38826695.4777
8685,38829254.0662
8686,38831810.8233
8687,38834365.7485
8688,38836918.8417
8689,38839470.1026
8690,38842019.531
8691,38844567.1266
8692,38847112.8892
8693,38849656.8184
8694,38852198.9142
8695,38854739.1761
8696,38857277.604
8697,38859814.1976
8698,38862348.9567
8699,38864881.881
8700,38867412.9702
8701,38869942.2241
8702,38872469.6425
8703,38874995.2252
8704,38877518.9717
8705,38880040.882
8706,38882560.9557
8707,38885079.1927
8708,38887595.5926
8709,38890110.1552
8710,38892622.8803
8711,38895133.7677
8712,38897642.817
8713,38900150.028
8714,38902655.4005
8715,38905158.9342
8716,38907660.6289
8717,38910160.4844
8718,38912658.5003
8719,38915154.6765
8720,38917649.0127
8721,38920141.5086
8722,38922632.164
8723,38925120.9787
8724,38927607.9524
8725,38930093.0849
8726,38932576.3759
8727,38935057.8252
8728,38937537.4325
8729,38940015.1976
8730,38942491.1202
8731,38944965.2002
8732,38947437.4371
8733,38949907.831
8734,38952376.3813
8735,38954843.088
8736,38957307.9508
8737,38959770.9694
8738,38962232.1436
8739,38964691.4732
8740,38967148.9579
8741,38969604.5974
8742,38972058.3916
8743,38974510.3401
8744,38976960.4428
8745,38979408.6994
8746,38981855.1096
8747,38984299.6733
8748,38986742.3901
8749,38989183.2598
8750,38991622.2823
8751,38994059.4572
8752,38996494.7843
8753,38998928.2634
8754,39001359.8942
8755,39003789.6765
8756,39006217.6101
8757,39008643.6946
8758,39011067.93
8759,39013490.3158
8760,39015910.852
8761,39018329.5382
8762,39020746.3743
8763,39023161.3599
8764,39025574.4948
8765,39027985.7789
8766,39030395.2118
8767,39032802.7933
8768,39035208.5233
8769,39037612.4013
8770,39040014.4273
8771,39042414.601
8772,39044812.9221
8773,39047209.3904
8774,39049604.0057
8775,39051996.7677
8776,39054387.6762
8777,39056776.731
8778,39059163.9318
8779,39061549.2783
8780,39063932.7705
8781,39066314.4079
8782,39068694.1904
8783,39071072.1178
8784,39073448.1897
8785,39075822.4061
8786,39078194.7666
8787,39080565.271
8788,39082933.9191
8789,39085300.7106
8790,39087665.6453
8791,39090028.723
8792,39092389.9435
8793,39094749.3064
8794,39097106.8116
8795,39099462.4589
8796,39101816.248
8797,39104168.1786
8798,39106518.2506
8799,39108866.4638
8800,39111212.8178
8801,39113557.3124
8802,39115899.9475
8803,39118240.7227
8804,39120579.6379
8805,39122916.6929
8806,39125251.8873
8807,39127585.221
8808,39129916.6938
8809,39132246.3053
8810,39134574.0554
8811,39136899.9439
8812,39139223.9704
8813,39141546.1349
8814,39143866.437
8815,39146184.8766
8816,39148501.4533
8817,39150816.167
8818,39153129.0175
8819,39155440.0045
8820,39157749.1278
8821,39160056.3871
8822,39162361.7822
8823,39164665.313
8824,39166966.9791
8825,39169266.7804
8826,39171564.7166
8827,39173860.7875
8828,39176154.9929
8829,39178447.3325
8830,39180737.8061
8831,39183026.4135
8832,39185313.1545
8833,39187598.0288
8834,39189881.0363
8835,39192162.1766
8836,39194441.4496
8837,39196718.855
8838,39198994.3926
8839,39201268.0623
8840,39203539.8636
8841,39205809.7966
8842,39208077.8608
8843,39210344.0562
8844,39212608.3824
8845,39214870.8392
8846,39217131.4265
8847,39219390.144
8848,39221646.9914
8849,39223901.9686
8850,39226155.0753
8851,39228406.3114
8852,39230655.6765
8853,39232903.1705
8854,39235148.7931
8855,39237392.5442
8856,39239634.4234
8857,39241874.4307
8858,39244112.5657
8859,39246348.8282
8860,39248583.218
8861,39250815.735
8862,39253046.3788
8863,39255275.1493
8864,39257502.0462
8865,39259727.0693
8866,39261950.2184
8867,39264171.4933
8868,39266390.8937
8869,39268608.4195
8870,39270824.0704
8871,39273037.8462
8872,39275249.7467
8873,39277459.7717
8874,39279667.9209
8875,39281874.1941
8876,39284078.5912
8877,39286281.1118
8878,39288481.7558
8879,39290680.523
8880,39292877.4131
8881,39295072.4259
8882,39297265.5612
8883,39299456.8189
8884,39301646.1986
8885,39303833.7001
8886,39306019.3234
8887,39308203.068
8888,39310384.9338
8889,39312564.9207
8890,39314743.0283
8891,39316919.2565
8892,39319093.6051
8893,39321266.0737
8894,39323436.6624
8895,39325605.3707
8896,39327772.1985
8897,39329937.1456
8898,39332100.2117
8899,39334261.3968
8900,39336420.7004
8901,39338578.1225
8902,39340733.6628
8903,39342887.3211
8904,39345039.0972
8905,39347188.9909
8906,39349337.0019
8907,39351483.1301
8908,39353627.3752
8909,39355769.7371
8910,39357910.2155
8911,39360048.8102
8912,39362185.5209
8913,39364320.3476
8914,39366453.29
8915,39368584.3478
8916,39370713.5208
8917,39372840.8089
8918,39374966.2119
8919,39377089.7294
8920,39379211.3614
8921,39381331.1076
8922,39383448.9678
8923,39385564.9418
8924,39387679.0293
8925,39389791.2302
8926,39391901.5443
8927,39394009.9713
8928,39396116.5111
8929,39398221.1634
8930,39400323.9281
8931,39402424.8049
8932,39404523.7935
8933,39406620.8939
8934,39408716.1058
8935,39410809.429
8936,39412900.8633
8937,39414990.4084
8938,39417078.0643
8939,39419163.8306
8940,39421247.7071
8941,39423329.6937
8942,39425409.7902
8943,39427487.9963
8944,39429564.3119
8945,39431638.7367
8946,39433711.2705
8947,39435781.9132
8948,39437850.6644
8949,39439917.5241
8950,39441982.4921
8951,39444045.568
8952,39446106.7517
8953,39448166.0431
8954,39450223.4418
8955,39452278.9477
8956,39454332.5607
8957,39456384.2804
8958,39458434.1067
8959,39460482.0394
8960,39462528.0783
8961,39464572.2232
8962,39466614.4738
8963,39468654.8301
8964,39470693.2917
8965,39472729.8585
8966,39474764.5303
8967,39476797.3068
8968,39478828.1879
8969,39480857.1734
8970,39482884.2631
8971,39484909.4568
8972,39486932.7542
8973,39488954.1552
8974,39490973.6596
8975,39492991.2671
8976,39495006.9777
8977,39497020.791
8978,39499032.7069
8979,39501042.7252
8980,39503050.8456
8981,39505057.0681
8982,39507061.3923
8983,39509063.8181
8984,39511064.3454
8985,39513062.9738
8986,39515059.7032
8987,39517054.5334
8988,39519047.4642
8989,39521038.4954
8990,39523027.6269
8991,39525014.8583
8992,39527000.1896
8993,39528983.6205
8994,39530965.1508
8995,39532944.7803
8996,39534922.5089
8997,39536898.3363
8998,39538872.2624
8999,39540844.2869
9000,39542814.4097
9001,39544782.6305
9002,39546748.9492
9003,39548713.3656
9004,39550675.8794
9005,39552636.4906
9006,39554595.1988
9007,39556552.0039
9008,39558506.9058
9009,39560459.9041
9010,39562410.9988
9011,39564360.1896
9012,39566307.4763
9013,39568252.8588
9014,39570196.3368
9015,39572137.9102
9016,39574077.5788
9017,39576015.3423
9018,39577951.2007
9019,39579885.1536
9020,39581817.2009
9021,39583747.3424
9022,39585675.578
9023,39587601.9074
9024,39589526.3304
9025,39591448.8469
9026,39593369.4566
9027,39595288.1595
9028,39597204.9552
9029,39599119.8436
9030,39601032.8245
9031,39602943.8977
9032,39604853.063
9033,39606760.3203
9034,39608665.6694
9035,39610569.11
9036,39612470.642
9037,39614370.2651
9038,39616267.9793
9039,39618163.7843
9040,39620057.6799
9041,39621949.6659
9042,39623839.7422
9043,39625727.9086
9044,39627614.1649
9045,39629498.5108
9046,39631380.9463
9047,39633261.471
9048,39635140.0849
9049,39637016.7878
9050,39638891.5794
9051,39640764.4596
9052,39642635.4283
9053,39644504.4851
9054,39646371.6299
9055,39648236.8626
9056,39650100.183
9057,39651961.5908
9058,39653821.0859
9059,39655678.6681
9060,39657534.3373
9061,39659388.0932
9062,39661239.9356
9063,39663089.8644
9064,39664937.8794
9065,39666783.9805
9066,39668628.1673
9067,39670470.4398
9068,39672310.7978
9069,39674149.2411
9070,39675985.7694
9071,39677820.3827
9072,39679653.0807
9073,39681483.8633
9074,39683312.7302
9075,39685139.6814
9076,39686964.7166
9077,39688787.8356
9078,39690609.0382
9079,39692428.3244
9080,39694245.6938
9081,39696061.1464
9082,39697874.6819
9083,39699686.3001
9084,39701496.001
9085,39703303.7842
9086,39705109.6497
9087,39706913.5972
9088,39708715.6266
9089,39710515.7377
9090,39712313.9303
9091,39714110.2042
9092,39715904.5593
9093,39717696.9954
9094,39719487.5122
9095,39721276.1098
9096,39723062.7877
9097,39724847.5459
9098,39726630.3843
9099,39728411.3025
9100,39730190.3005
9101,39731967.3781
9102,39733742.5351
9103,39735515.7713
9104,39737287.0865
9105,39739056.4806
9106,39740823.9534
9107,39742589.5048
9108,39744353.1344
9109,39746114.8423
9110,39747874.6281
9111,39749632.4918
9112,39751388.4332
9113,39753142.452
9114,39754894.5481
9115,39756644.7214
9116,39758392.9716
9117,39760139.2986
9118,39761883.7022
9119,39763626.1823
9120,39765366.7386
9121,39767105.3711
9122,39768842.0795
9123,39770576.8636
9124,39772309.7233
9125,39774040.6585
9126,39775769.6688
9127,39777496.7543
9128,39779221.9147
9129,39780945.1498
9130,39782666.4594
9131,39784385.8435
9132,39786103.3017
9133,39787818.8341
9134,39789532.4403
9135,39791244.1202
9136,39792953.8737
9137,39794661.7006
9138,39796367.6006
9139,39798071.5738
9140,39799773.6197
9141,39801473.7384
9142,39803171.9297
9143,39804868.1933
9144,39806562.5291
9145,39808254.9369
9146,39809945.4166
9147,39811633.968
9148,39813320.591
9149,39815005.2853
9150,39816688.0508
9151,39818368.8874
9152,39820047.7948
9153,39821724.773
9154,39823399.8216
9155,39825072.9407
9156,39826744.1299
9157,39828413.3892
9158,39830080.7184
9159,39831746.1173
9160,39833409.5858
9161,39835071.1236
9162,39836730.7307
9163,39838388.4068
9164,39840044.1518
9165,39841697.9656
9166,39843349.8479
9167,39844999.7986
9168,39846647.8176
9169,39848293.9046
9170,39849938.0596
9171,39851580.2823
9172,39853220.5726
9173,39854858.9303
9174,39856495.3554
9175,39858129.8475
9176,39859762.4066
9177,39861393.0324
9178,39863021.7249
9179,39864648.4839
9180,39866273.3091
9181,39867896.2005
9182,39869517.1579
9183,39871136.1811
9184,39872753.27
9185,39874368.4243
9186,39875981.6441
9187,39877592.929
9188,39879202.2789
9189,39880809.6937
9190,39882415.1732
9191,39884018.7173
9192,39885620.3257
9193,39887219.9984
9194,39888817.7352
9195,39890413.5359
9196,39892007.4003
9197,39893599.3284
9198,39895189.3199
9199,39896777.3747
9200,39898363.4926
9201,39899947.6735
9202,39901529.9172
9203,39903110.2236
9204,39904688.5925
9205,39906265.0238
9206,39907839.5172
9207,39909412.0727
9208,39910982.6901
9209,39912551.3692
9210,39914118.1099
9211,39915682.912
9212,39917245.7754
9213,39918806.6999
9214,39920365.6854
9215,39921922.7316
9216,39923477.8385
9217,39925031.0059
9218,39926582.2337
9219,39928131.5217
9220,39929678.8697
9221,39931224.2775
9222,39932767.7452
9223,39934309.2724
9224,39935848.859
9225,39937386.5049
9226,39938922.2099
9227,39940455.9739
9228,39941987.7968
9229,39943517.6783
9230,39945045.6183
9231,39946571.6167
9232,39948095.6733
9233,39949617.788
9234,39951137.9606
9235,39952656.191
9236,39954172.479
9237,39955686.8245
9238,39957199.2273
9239,39958709.6872
9240,39960218.2042
9241,39961724.7781
9242,39963229.4087
9243,39964732.0958
9244,39966232.8394
9245,39967731.6393
9246,39969228.4953
9247,39970723.4073
9248,39972216.3751
9249,39973707.3986
9250,39975196.4777
9251,39976683.6121
9252,39978168.8018
9253,39979652.0467
9254,39981133.3464
9255,39982612.701
9256,39984090.1102
9257,39985565.574
9258,39987039.0921
9259,39988510.6645
9260,39989980.2909
9261,39991447.9713
9262,39992913.7054
9263,39994377.4933
9264,39995839.3346
9265,39997299.2293
9266,39998757.1771
9267,40000213.1781
9268,40001667.232
9269,40003119.3387
9270,40004569.498
9271,40006017.7098
9272,40007463.974
9273,40008908.2903
9274,40010350.6588
9275,40011791.0792
9276,40013229.5513
9277,40014666.0751
9278,40016100.6504
9279,40017533.2771
9280,40018963.955
9281,40020392.6839
9282,40021819.4638
9283,40023244.2945
9284,40024667.1759
9285,40026088.1077
9286,40027507.09
9287,40028924.1224
9288,40030339.205
9289,40031752.3375
9290,40033163.5198
9291,40034572.7519
9292,40035980.0334
9293,40037385.3643
9294,40038788.7445
9295,40040190.1739
9296,40041589.6522
9297,40042987.1793
9298,40044382.7552
9299,40045776.3796
9300,40047168.0525
9301,40048557.7736
9302,40049945.5429
9303,40051331.3602
9304,40052715.2255
9305,40054097.1384
9306,40055477.099
9307,40056855.107
9308,40058231.1624
9309,40059605.265
9310,40060977.4146
9311,40062347.6112
9312,40063715.8546
9313,40065082.1446
9314,40066446.4812
9315,40067808.8642
9316,40069169.2934
9317,40070527.7687
9318,40071884.29
9319,40073238.8572
9320,40074591.4701
9321,40075942.1286
9322,40077290.8325
9323,40078637.5818
9324,40079982.3763
9325,40081325.2158
9326,40082666.1002
9327,40084005.0294
9328,40085342.0033
9329,40086677.0217
9330,40088010.0845
9331,40089341.1916
9332,40090670.3428
9333,40091997.538
9334,40093322.7771
9335,40094646.0599
9336,40095967.3863
9337,40097286.7562
9338,40098604.1695
9339,40099919.626
9340,40101233.1255
9341,40102544.668
9342,40103854.2534
9343,40105161.8814
9344,40106467.5521
9345,40107771.2651
9346,40109073.0205
9347,40110372.8181
9348,40111670.6577
9349,40112966.5392
9350,40114260.4626
9351,40115552.4276
9352,40116842.4342
9353,40118130.4822
9354,40119416.5714
9355,40120700.7019
9356,40121982.8734
9357,40123263.0858
9358,40124541.3389
9359,40125817.6328
9360,40127091.9671
9361,40128364.3419
9362,40129634.757
9363,40130903.2122
9364,40132169.7075
9365,40133434.2426
9366,40134696.8175
9367,40135957.4321
9368,40137216.0863
9369,40138472.7798
9370,40139727.5126
9371,40140980.2846
9372,40142231.0956
9373,40143479.9455
9374,40144726.8343
9375,40145971.7617
9376,40147214.7276
9377,40148455.7319
9378,40149694.7746
9379,40150931.8554
9380,40152166.9743
9381,40153400.1311
9382,40154631.3258
9383,40155860.5581
9384,40157087.828
9385,40158313.1353
9386,40159536.48
9387,40160757.8618
9388,40161977.2808
9389,40163194.7367
9390,40164410.2295
9391,40165623.759
9392,40166835.3251
9393,40168044.9276
9394,40169252.5666
9395,40170458.2418
9396,40171661.9531
9397,40172863.7004
9398,40174063.4837
9399,40175261.3027
9400,40176457.1573
9401,40177651.0475
9402,40178842.9731
9403,40180032.934
9404,40181220.9301
9405,40182406.9612
9406,40183591.0273
9407,40184773.1283
9408,40185953.2639
9409,40187131.4342
9410,40188307.6389
9411,40189481.878
9412,40190654.1514
9413,40191824.4589
9414,40192992.8004
9415,40194159.1758
9416,40195323.585
9417,40196486.0278
9418,40197646.5043
9419,40198805.0142
9420,40199961.5574
9421,40201116.1338
9422,40202268.7433
9423,40203419.3859
9424,40204568.0613
9425,40205714.7694
9426,40206859.5102
9427,40208002.2836
9428,40209143.0893
9429,40210281.9274
9430,40211418.7977
9431,40212553.7001
9432,40213686.6344
9433,40214817.6006
9434,40215946.5985
9435,40217073.6281
9436,40218198.6893
9437,40219321.7818
9438,40220442.9056
9439,40221562.0607
9440,40222679.2468
9441,40223794.4639
9442,40224907.7119
9443,40226018.9906
9444,40227128.3
9445,40228235.6399
9446,40229341.0102
9447,40230444.4108
9448,40231545.8417
9449,40232645.3027
9450,40233742.7936
9451,40234838.3144
9452,40235931.865
9453,40237023.4453
9454,40238113.0551
9455,40239200.6944
9456,40240286.3631
9457,40241370.0609
9458,40242451.7879
9459,40243531.544
9460,40244609.3289
9461,40245685.1427
9462,40246758.9851
9463,40247830.8562
9464,40248900.7557
9465,40249968.6837
9466,40251034.6399
9467,40252098.6243
9468,40253160.6368
9469,40254220.6772
9470,40255278.7455
9471,40256334.8416
9472,40257388.9653
9473,40258441.1165
9474,40259491.2953
9475,40260539.5013
9476,40261585.7346
9477,40262629.995
9478,40263672.2825
9479,40264712.5969
9480,40265750.9381
9481,40266787.306
9482,40267821.7006
9483,40268854.1217
9484,40269884.5692
9485,40270913.043
9486,40271939.5431
9487,40272964.0692
9488,40273986.6214
9489,40275007.1995
9490,40276025.8034
9491,40277042.433
9492,40278057.0882
9493,40279069.7689
9494,40280080.475
9495,40281089.2065
9496,40282095.9632
9497,40283100.7449
9498,40284103.5517
9499,40285104.3834
9500,40286103.2399
9501,40287100.1211
9502,40288095.027
9503,40289087.9574
9504,40290078.9122
9505,40291067.8913
9506,40292054.8946
9507,40293039.9221
9508,40294022.9736
9509,40295004.049
9510,40295983.1483
9511,40296960.2713
9512,40297935.418
9513,40298908.5882
9514,40299879.7819
9515,40300848.9989
9516,40301816.2392
9517,40302781.5026
9518,40303744.7892
9519,40304706.0987
9520,40305665.431
9521,40306622.7862
9522,40307578.1641
9523,40308531.5645
9524,40309482.9875
9525,40310432.4329
9526,40311379.9005
9527,40312325.3905
9528,40313268.9025
9529,40314210.4366
9530,40315149.9926
9531,40316087.5705
9532,40317023.1701
9533,40317956.7914
9534,40318888.4342
9535,40319818.0986
9536,40320745.7843
9537,40321671.4914
9538,40322595.2196
9539,40323516.969
9540,40324436.7393
9541,40325354.5307
9542,40326270.3428
9543,40327184.1757
9544,40328096.0293
9545,40329005.9035
9546,40329913.7981
9547,40330819.7131
9548,40331723.6485
9549,40332625.604
9550,40333525.5797
9551,40334423.5754
9552,40335319.5911
9553,40336213.6266
9554,40337105.6819
9555,40337995.7568
9556,40338883.8514
9557,40339769.9655
9558,40340654.099
9559,40341536.2518
9560,40342416.4239
9561,40343294.6152
9562,40344170.8255
9563,40345045.0548
9564,40345917.303
9565,40346787.57
9566,40347655.8557
9567,40348522.1601
9568,40349386.4831
9569,40350248.8245
9570,40351109.1843
9571,40351967.5624
9572,40352823.9587
9573,40353678.3732
9574,40354530.8057
9575,40355381.2562
9576,40356229.7245
9577,40357076.2107
9578,40357920.7146
9579,40358763.236
9580,40359603.7751
9581,40360442.3316
9582,40361278.9055
9583,40362113.4967
9584,40362946.1051
9585,40363776.7306
9586,40364605.3732
9587,40365432.0328
9588,40366256.7092
9589,40367079.4025
9590,40367900.1124
9591,40368718.8391
9592,40369535.5823
9593,40370350.3419
9594,40371163.118
9595,40371973.9104
9596,40372782.7191
9597,40373589.5439
9598,40374394.3848
9599,40375197.2417
9600,40375998.1145
9601,40376797.0031
9602,40377593.9076
9603,40378388.8277
9604,40379181.7634
9605,40379972.7147
9606,40380761.6814
9607,40381548.6635
9608,40382333.6609
9609,40383116.6736
9610,40383897.7013
9611,40384676.7441
9612,40385453.802
9613,40386228.8747
9614,40387001.9623
9615,40387773.0646
9616,40388542.1816
9617,40389309.3132
9618,40390074.4594
9619,40390837.62
9620,40391598.795
9621,40392357.9843
9622,40393115.1878
9623,40393870.4055
9624,40394623.6373
9625,40395374.8831
9626,40396124.1428
9627,40396871.4164
9628,40397616.7037
9629,40398360.0048
9630,40399101.3195
9631,40399840.6478
9632,40400577.9896
9633,40401313.3448
9634,40402046.7133
9635,40402778.0951
9636,40403507.4902
9637,40404234.8983
9638,40404960.3195
9639,40405683.7537
9640,40406405.2009
9641,40407124.6608
9642,40407842.1336
9643,40408557.619
9644,40409271.1171
9645,40409982.6277
9646,40410692.1509
9647,40411399.6864
9648,40412105.2343
9649,40412808.7945
9650,40413510.3669
9651,40414209.9515
9652,40414907.5481
9653,40415603.1568
9654,40416296.7773
9655,40416988.4098
9656,40417678.054
9657,40418365.71
9658,40419051.3776
9659,40419735.0569
9660,40420416.7477
9661,40421096.4499
9662,40421774.1635
9663,40422449.8885
9664,40423123.6247
9665,40423795.3721
9666,40424465.1307
9667,40425132.9003
9668,40425798.6809
9669,40426462.4725
9670,40427124.2749
9671,40427784.0881
9672,40428441.912
9673,40429097.7466
9674,40429751.5919
9675,40430403.4476
9676,40431053.3139
9677,40431701.1905
9678,40432347.0776
9679,40432990.9749
9680,40433632.8824
9681,40434272.8
9682,40434910.7278
9683,40435546.6656
9684,40436180.6134
9685,40436812.5711
9686,40437442.5386
9687,40438070.5159
9688,40438696.503
9689,40439320.4997
9690,40439942.5059
9691,40440562.5218
9692,40441180.5471
9693,40441796.5818
9694,40442410.6259
9695,40443022.6792
9696,40443632.7418
9697,40444240.8136
9698,40444846.8945
9699,40445450.9844
9700,40446053.0833
9701,40446653.1912
9702,40447251.3079
9703,40447847.4335
9704,40448441.5678
9705,40449033.7108
9706,40449623.8624
9707,40450212.0226
9708,40450798.1914
9709,40451382.3686
9710,40451964.5542
9711,40452544.7482
9712,40453122.9505
9713,40453699.161
9714,40454273.3796
9715,40454845.6064
9716,40455415.8413
9717,40455984.0842
9718,40456550.335
9719,40457114.5937
9720,40457676.8603
9721,40458237.1347
9722,40458795.4168
9723,40459351.7065
9724,40459906.0039
9725,40460458.3089
9726,40461008.6213
9727,40461556.9412
9728,40462103.2686
9729,40462647.6032
9730,40463189.9452
9731,40463730.2944
9732,40464268.6508
9733,40464805.0144
9734,40465339.385
9735,40465871.7626
9736,40466402.1473
9737,40466930.5388
9738,40467456.9372
9739,40467981.3425
9740,40468503.7545
9741,40469024.1733
9742,40469542.5987
9743,40470059.0307
9744,40470573.4693
9745,40471085.9144
9746,40471596.3659
9747,40472104.8239
9748,40472611.2882
9749,40473115.7589
9750,40473618.2358
9751,40474118.7189
9752,40474617.2082
9753,40475113.7036
9754,40475608.2051
9755,40476100.7126
9756,40476591.2261
9757,40477079.7454
9758,40477566.2707
9759,40478050.8018
9760,40478533.3386
9761,40479013.8812
9762,40479492.4294
9763,40479968.9833
9764,40480443.5428
9765,40480916.1078
9766,40481386.6784
9767,40481855.2543
9768,40482321.8357
9769,40482786.4224
9770,40483249.0144
9771,40483709.6117
9772,40484168.2142
9773,40484624.8219
9774,40485079.4347
9775,40485532.0526
9776,40485982.6755
9777,40486431.3034
9778,40486877.9363
9779,40487322.5741
9780,40487765.2167
9781,40488205.8642
9782,40488644.5164
9783,40489081.1733
9784,40489515.835
9785,40489948.5013
9786,40490379.1722
9787,40490807.8476
9788,40491234.5276
9789,40491659.212
9790,40492081.9009
9791,40492502.5942
9792,40492921.2918
9793,40493337.9937
9794,40493752.6999
9795,40494165.4103
9796,40494576.1249
9797,40494984.8437
9798,40495391.5666
9799,40495796.2935
9800,40496199.0244
9801,40496599.7594
9802,40496998.4982
9803,40497395.241
9804,40497789.9877
9805,40498182.7382
9806,40498573.4924
9807,40498962.2504
9808,40499349.0122
9809,40499733.7776
9810,40500116.5466
9811,40500497.3193
9812,40500876.0955
9813,40501252.8752
9814,40501627.6584
9815,40502000.4451
9816,40502371.2352
9817,40502740.0286
9818,40503106.8254
9819,40503471.6255
9820,40503834.4289
9821,40504195.2355
9822,40504554.0453
9823,40504910.8582
9824,40505265.6743
9825,40505618.4935
9826,40505969.3157
9827,40506318.1409
9828,40506664.9692
9829,40507009.8004
9830,40507352.6345
9831,40507693.4714
9832,40508032.3113
9833,40508369.1539
9834,40508703.9994
9835,40509036.8476
9836,40509367.6985
9837,40509696.5521
9838,40510023.4083
9839,40510348.2672
9840,40510671.1287
9841,40510991.9927
9842,40511310.8592
9843,40511627.7283
9844,40511942.5998
9845,40512255.4737
9846,40512566.35
9847,40512875.2287
9848,40513182.1098
9849,40513486.9931
9850,40513789.8788
9851,40514090.7666
9852,40514389.6567
9853,40514686.549
9854,40514981.4435
9855,40515274.3401
9856,40515565.2388
9857,40515854.1395
9858,40516141.0423
9859,40516425.9471
9860,40516708.854
9861,40516989.7627
9862,40517268.6734
9863,40517545.586
9864,40517820.5005
9865,40518093.4169
9866,40518364.3351
9867,40518633.255
9868,40518900.1768
9869,40519165.1002
9870,40519428.0254
9871,40519688.9523
9872,40519947.8809
9873,40520204.8111
9874,40520459.7429
9875,40520712.6763
9876,40520963.6113
9877,40521212.5478
9878,40521459.4859
9879,40521704.4254
9880,40521947.3664
9881,40522188.3088
9882,40522427.2527
9883,40522664.1979
9884,40522899.1446
9885,40523132.0926
9886,40523363.0419
9887,40523591.9925
9888,40523818.9444
9889,40524043.8975
9890,40524266.8519
9891,40524487.8075
9892,40524706.7643
9893,40524923.7223
9894,40525138.6814
9895,40525351.6417
9896,40525562.603
9897,40525771.5655
9898,40525978.529
9899,40526183.4935
9900,40526386.4591
9901,40526587.4257
9902,40526786.3933
9903,40526983.3619
9904,40527178.3313
9905,40527371.3018
9906,40527562.2731
9907,40527751.2453
9908,40527938.2184
9909,40528123.1923
9910,40528306.1671
9911,40528487.1427
9912,40528666.1191
9913,40528843.0963
9914,40529018.0742
9915,40529191.0529
9916,40529362.0323
9917,40529531.0124
9918,40529697.9932
9919,40529862.9747
9920,40530025.9569
9921,40530186.9397
9922,40530345.9231
9923,40530502.9071
9924,40530657.8918
9925,40530810.877
9926,40530961.8628
9927,40531110.8492
9928,40531257.836
9929,40531402.8234
9930,40531545.8114
9931,40531686.7998
9932,40531825.7887
9933,40531962.778
9934,40532097.7679
9935,40532230.7581
9936,40532361.7488
9937,40532490.7399
9938,40532617.7314
9939,40532742.7233
9940,40532865.7155
9941,40532986.7081
9942,40533105.7011
9943,40533222.6944
9944,40533337.6881
9945,40533450.682
9946,40533561.6763
9947,40533670.6708
9948,40533777.6656
9949,40533882.6607
9950,40533985.6561
9951,40534086.6517
9952,40534185.6475
9953,40534282.6436
9954,40534377.6398
9955,40534470.6363
9956,40534561.633
9957,40534650.6299
9958,40534737.6269
9959,40534822.6241
9960,40534905.6215
9961,40534986.619
9962,40535065.6166
9963,40535142.6143
9964,40535217.6122
9965,40535290.6102
9966,40535361.6082
9967,40535430.6064
9968,40535497.6046
9969,40535562.6028
9970,40535625.6011
9971,40535686.5995
9972,40535745.5978
9973,40535802.5961
9974,40535857.5945
9975,40535910.5927
9976,40535961.5909
9977,40536010.589
9978,40536057.587
9979,40536102.5848
9980,40536145.5824
9981,40536186.5797
9982,40536225.5767
9983,40536262.5732
9984,40536297.5692
9985,40536330.5646
9986,40536361.559
9987,40536390.5523
9988,40536417.5441
9989,40536442.5339
9990,40536465.521
9991,40536486.5044
9992,40536505.4823
9993,40536522.4522
9994,40536537.4098
9995,40536550.3474
9996,40536561.2502
9997,40536570.0864
9998,40536576.7771
9999,40536581.4567
10000,40536587.7593
